:020000040800F2
:1000000098AF0020ED740208A15B0208A35B020810
:10001000A55B0208A75B0208A95B020800000000BC
:10002000000000000000000000000000AB5B0208C0
:10003000AD5B020800000000AF5B0208B15B020884
:100040009D760208A1760208A5760208A976020824
:10005000AD760208B1760208B5760208B9760208D4
:10006000BD760208C1760208C5760208C976020884
:10007000CD760208D1760208D5760208D976020834
:10008000DD760208E1760208E5760208E9760208E4
:10009000ED760208F1760208F5760208F976020894
:1000A000FD76020801770208057702080977020841
:1000B0000D77020811770208BD5B02081577020868
:1000C000197702081D7702082177020825770208B0
:1000D000297702082D770208317702083577020860
:1000E000397702083D770208417702084577020810
:1000F000497702084D7702085177020855770208C0
:1001000059770208C75B02085D7702086177020829
:1001100065770208697702086D770208717702082F
:1001200075770208797702087D770208D15B0208AB
:10013000DB5B02088177020885770208897702086D
:100140008D7702089177020895770208997702085F
:100150009D770208E55B0208EF5B0208A1770208C1
:10016000A5770208A9770208AD770208B1770208DF
:10017000B5770208B9770208BD77020800000000D1
:10018000C1770208C5770208C9770208CD7702084F
:10019000D1770208D5770208D9770208DD770208FF
:1001A000E1770208E5770208E9770208F95B0208BF
:1001B000ED770208F1770208F5770208F97702086F
:1001C000FD7702080178020802005178107850EAA1
:1001D000012080B270470100CA78887850EA022076
:1001E0004A7852EA0022087850EA022070470170EB
:1001F000401C89B2090A0170401C70470170401C04
:10020000090A0170401C090A0170401C090A0170AA
:10021000401C704730B405000B00002A06D01C7843
:100220002C705B1C6D1C521E002AF8D130BC70472C
:10023000030019705B1C521E002AFAD17047F0B4FB
:1002400007003C000D00002026782B78F61A3000BD
:100250006D1C641C521E002A01D00028F4D0F0BC92
:1002600070470278002A04D002788A4201D0401CEC
:10027000F7E70078704770B4020000231C00022CDE
:100280001AD2B54D20012858002811D020012E582F
:10029000106886420ED12001284446689068864244
:1002A00008D12001284485685069854202D103E0C5
:1002B00001200300641CE2E7022C08D1002B01D1CD
:1002C000022901D1002000E01220C0B20CE0002978
:1002D00006D1A148210108448089B0F5807F01D171
:1002E000102000E00020C0B270BC7047002102293D
:1002F00006D2994A08011058002801D0491CF6E797
:10030000022901D1002000E00120704730B4020032
:100310000023022B13D290481C0105591468A542F2
:100320000BD11C01044465689468A54205D11C01E9
:10033000204484685069844201D05B1CE9E7022BA9
:100340001ED100200300022B06D2834C1801205836
:10035000002801D05B1CF6E7022B01D1002029E028
:100360007D4815681C01055194681D0105446C60A9
:1003700054691D010544AC6000241D01284484819A
:10038000002907D074481C0120448089002801D02E
:1003900000200FE0002902D04FF4807004E06E4C82
:1003A000180120448089401C6B4D1C012C44A08105
:1003B0005B1C180030BC704710B40200521E022AA9
:1003C0001CD26548130103449B8919000B009BB2A2
:1003D000B3F5807F01D1002319000B009BB2002BE5
:1003E00000D0491E1301034499810B009BB2002BDE
:1003F00002D100241301C450002000E00220C0B24A
:1004000010BC704710B40021022909D2524A0B01D6
:10041000D358834202D100240B01D450491CF3E786
:1004200010BC7047F8B504000027E078002823D0FE
:10043000E06A050001232A0014F13001607801F020
:10044000C3FA002802D00120070015E00020E07068
:10045000216A691AA06981420ED2A0780600022E94
:100460000AD3A069451901232A0014F130016078EC
:1004700001F0AAFA761EF2E73800C0B2F2BD70B5FC
:1004800004000D000026E06A854216D02000FFF728
:10049000C9FF06003000C0B200280ED101232A0097
:1004A00014F13001607801F075FA002804D05FF093
:1004B000FF30050001200600E5623000C0B270BDCB
:1004C00038B504002000FFF7ADFF05002800C0B2DA
:1004D00000283DD12078032831D1207901282ED160
:1004E0004FF40072002114F13000FFF7A1FE4AF62C
:1004F000552104F22E20FFF77AFEDFF83C1A14F1A2
:100500003000FFF77BFEDFF8341A14F50570FFF7B3
:1005100075FE216914F50670FFF770FEE16814F5A9
:100520000770FFF76BFEE069401CE0620123E26A9E
:1005300014F13001607801F047FA002020710022A8
:100540000021607801F05AFA002801D0012005004E
:100550002800C0B232BD00002C9D00200200891E80
:100560005069801E814201D3002004E05389906AC3
:1005700003FB0101080070472DE9F84304000D005A
:10058000D4F80080022D03D3D8F81400854202D39A
:100590005FF0010961E05FF0FF3998F80000012881
:1005A00004D058D3032842D02FD354E0280010EBB6
:1005B00050000700D8F8201011EB57214046FFF7F4
:1005C0005EFF002849D1F805C00D404490F8300086
:1005D00006007F1CD8F8201011EB57214046FFF78A
:1005E0004EFF002839D1F805C00D404490F8300086
:1005F00056EA0026E80703D5B1465FEA191903E079
:100600005FEA06595FEA195927E0D8F8201011EB84
:1006100015214046FFF733FF00281ED16800C005B2
:10062000C00D40443030FFF7CFFD814615E0D8F8CB
:10063000201011EBD5114046FFF721FF00280CD107
:10064000A800C005C00D40443030FFF7C4FD20F0C5
:100650007040814601E0012081464846BDE8F283B2
:100660002DE9F84304000D0016005FF00208022D8A
:10067000C0F084806069854280F080802078012805
:1006800004D07BD303285AD042D377E0280010EB64
:1006900050008146216A11EB59212000FFF7EFFE3F
:1006A00080464046C0B2002868D15FEAC950C00DFC
:1006B00020443030070019F10109E80705D53878E2
:1006C00010F00F0050EA061000E0300038700120F2
:1006D000E070216A11EB59212000FFF7D0FE80461F
:1006E0004046C0B2002849D15FEAC950C00D20443D
:1006F00030300700E80702D53100090904E0300076
:10070000000A397860F3030139700120E07035E0A8
:10071000216A11EB15212000FFF7B1FE804640460B
:10072000C0B200282AD1310089B26800C005C00DCE
:1007300020443030FFF75BFD0120E0701EE0216AAD
:1007400011EBD5112000FFF79AFE80464046C0B25B
:10075000002813D1A800C005C00D20443030FFF799
:100760003AFD000F60F31F763100A800C005C00DF0
:1007700020443030FFF742FD0120E0704046C0B217
:10078000BDE8F2832DE9F84306000F0015005FF085
:100790000009D6F80080022F03D3D8F8140087424E
:1007A00001D3022044E0002D0DD05FF0FF3229007C
:1007B0004046FFF755FF81464846C0B2002802D0A8
:1007C0004846C0B234E039003000FFF7D5FE0400DF
:1007D000002C2CD0012C01D1022029E014F1010FB2
:1007E00001D1012024E0002239004046FFF738FF04
:1007F00081464846C0B2002802D04846C0B217E041
:10080000D8F81010D8F81400801E81420AD2D8F807
:100810001000401CC8F8100098F8040050F00100C7
:1008200088F804002700D8F814008742CBD30020B2
:10083000BDE8F2832DE9F04707000C00D7F80080EF
:10084000002C0AD1D8F80C60002E03D0D8F8140080
:10085000864217D30120060014E021003800FFF77C
:100860008BFE0500022D01D2012061E015F1010F80
:1008700001D128005CE0D8F81400854201D228009C
:1008800056E02600B14619F10109D8F81400814557
:1008900005D3022081464E4501D2002048E049465A
:1008A0003800FFF769FE0500002D0BD15FF0FF3225
:1008B00049464046FFF7D4FE82465046C0B2002863
:1008C00013D10AE0012D02D015F1010F01D128004A
:1008D0002EE0B145D7D100202AE0002C05D04A46B1
:1008E00021004046FFF7BCFE82465046C0B20028B9
:1008F00014D1C8F80C90D8F81410891ED8F810003C
:10090000814204D3D8F81000401EC8F8100098F8AF
:10091000040050F0010088F8040008E05046C0B21E
:10092000012802D15FF0FF3901E05FF0010948467C
:10093000BDE8F08770B403000A001C68D86A001D87
:100940001600760A6589B6FBF5F506683100061DC6
:10095000002901D1002008E08D4203D230684519FA
:10096000280002E06D1A301DEFE770BC70472DE9DA
:10097000F04105000E00D5F80080B6F5001F02D248
:1009800016F01F0F01D0022049E06E61AC68002C08
:1009900006D198F80000032802DBD8F824000400F0
:1009A000002C0BD131004909B8F80800814201D36D
:1009B000022034E0D8F82400E86120E0B8F80A10FA
:1009C0004FF4007041430F00BE4213D321002800B2
:1009D000FFF7D2FD040014F1010F01D101201EE048
:1009E000022C03D3D8F81400844201D3022016E06D
:1009F000F61BE9E721004046FFF7B0FDE861AC6176
:100A0000E869002801D1022009E0E86910EB5620CE
:100A1000E861F005C00D4044303028620020BDE898
:100A2000F0812DE9F84306000C003768D6F81480F1
:100A300018F12008F069002802D0B8F5001F01D392
:100A4000042079E05FEAC8506DD1F069401CF06184
:100A5000B069002808D1414649093889814262D3EA
:100A60000020F061042067E07889401E10EA582FCA
:100A700059D1B1693000FFF77FFD0500022D01D289
:100A8000022059E015F1010F01D1012054E07869ED
:100A9000854242D3002C03D10020F06104204BE0BA
:100AA000B1693000FFF7C6FE0500002D01D1072017
:100AB00042E0012D01D102203EE015F1010F01D1EC
:100AC000012039E03800FFF7ADFC002801D00120FB
:100AD00032E04FF40072002117F13000FFF7A8FB5D
:100AE0000020814629003800FFF738FDF862788938
:100AF00081450ED20120F8703800FFF793FC0028E2
:100B000001D0012018E019F10109F86A401CF862CF
:100B1000EDE7F86AB0EB0900F862B561290038002A
:100B2000FFF71CFDF061C6F814805FEAC850C00DE5
:100B30003844303030620020BDE8F2832DE9F041C6
:100B400004000D00266800212000FFF710FF0700B9
:100B50003800C0B2002822D100208046E169300070
:100B6000FFF78DFC07003800C0B2002817D1206ABB
:100B70000078E52803D0206A0078002804D118F115
:100B80000108A84502D10AE000208046012120008A
:100B9000FFF747FF07003800C0B20028DED038005A
:100BA000C0B2042801D1072007003800C0B2BDE858
:100BB000F08170B504000D0015F11A00FFF704FB79
:100BC00006002078032806D115F11400FFF7FCFA7F
:100BD00056EA00400600300070BD70B504000D00FC
:100BE0001600310089B215F11A00FFF700FB2078DA
:100BF000032806D13100090C89B215F11400FFF762
:100C0000F6FA70BDF8B505002E6800212800FFF740
:100C1000AEFE07003800C0B2002802D03800C0B2D3
:100C20002EE0E9693000FFF72AFC07003800C0B267
:100C3000002823D1286A007804002000C0B20028D0
:100C400002D10420070019E0286AC07A10F03F00A2
:100C5000A871286AC07A000707D40B2215F1240175
:100C6000286AFFF7ECFA002808D000212800FFF7D7
:100C7000D8FE07003800C0B20028D2D03800C0B279
:100C8000F2BD70B50400256801212000FFF756FF72
:100C900006003000C0B2002815D1E1692800FFF736
:100CA000EEFB06003000C0B200280CD1202200214B
:100CB000206AFFF7BDFA0B2214F12401206AFFF726
:100CC000A9FA0120E8703000C0B270BD2DE9F84FDC
:100CD00083460D002F681BF124080B22202140467B
:100CE000FFF7A6FA0024A1465FF0080A17F80900EA
:100CF000060019F101093000C0B2212848DB30009C
:100D0000C0B22F2803D03000C0B25C280BD117F836
:100D100009002F2803D017F809005C2802D119F127
:100D20000109F4E734E03000C0B22E2801D0544568
:100D30000DD3BAF10B0F03D03000C0B22E2801D072
:100D400006203DE0082004000B208246CEE730005C
:100D5000C0B2802805DBDFF8BC05F6B2304410F8DD
:100D6000806C3100C9B2DFF8B005FFF77AFA0028CD
:100D700001D0062024E03000C0B2612804DB30003E
:100D8000C0B27B2800DA203E08F80460641CADE79E
:100D900007EB09002860002C01D1062010E098F82C
:100DA0000000E52802D1052088F800003000C0B21C
:100DB000212801DA042000E0002088F80B00002040
:100DC000BDE8F28F2DE9F34104002700D7F8008039
:100DD000019800782F2803D0019800785C2803D16F
:100DE0000198401C0190F3E70020B860019800785A
:100DF000202808D2802084F82F0000212000FFF74F
:100E0000B6FD05002FE001A92000FFF75FFF0500F8
:100E10002800C0B2002826D12000FFF7F3FE05000D
:100E200094F82F0006002800C0B2002808D028003F
:100E3000C0B2042803D1700701D40520050012E0D8
:100E4000700710D4B879C00602D4052005000AE066
:100E50006069C005C00D404410F130014046FFF705
:100E6000A8FEB860CFE72800C0B2BDE8F68110B494
:100E700002005FF0FF30116800291CD011680B00E0
:100E80001978212904D319783A2901D05B1CF7E796
:100E900019783A290DD1146821783039641C0A294F
:100EA00006D29C4204D1002902D108005B1C1360C9
:100EB00001E00021080010BC704738B504000D00A7
:100EC0000020E0705FF0FF30E06229002000FFF7B3
:100ED000D6FA002801D004202CE004F22E20FFF7DF
:100EE00073F94AF65521884201D0032022E094F894
:100EF0003000E92807D094F83000EB2819D194F895
:100F00003200902815D114F16600FFF764F920F043
:100F10007F40DFF80814884201D100200AE014F174
:100F20008200FFF758F9DFF8F813884201D100205A
:100F300000E0022032BD00005252614172724161F4
:100F40002DE9F34F89B0170000210A980160099834
:100F5000FFF78DFF02900298002801D50B2081E158
:100F6000DFF8C013029851F82050002D01D10C2059
:100F700078E10A98056017F0FE078DF8017028786F
:100F800000280FD0687800F0D9FC0400E00709D4ED
:100F90009DF80100002803D0600701D50A2061E117
:100FA00000205FE10020287002986870687800F0E7
:100FB000D5FC8DF800009DF80000C00701D5032086
:100FC00050E19DF80100002805D09DF80000400781
:100FD00001D50A2046E1002421002800FFF76DFF1B
:100FE00081464846C0B202282ED10027042F13D2D2
:100FF0003801284410F5F770039003980079002811
:1010000004D003980830FFF7E6F800E0002005A9B7
:1010100041F827007F1CE9E70026002E00D0761E4D
:1010200005A850F826000400002C04D02100280058
:10103000FFF743FF00E0032081464846C0B2022884
:1010400002DB761C042EEBD34846C0B2042801D143
:10105000012007E14846C0B2022801DB0D2001E172
:1010600015F13B00FFF7B0F8B0F5007F01D00D207F
:10107000F8E015F14600FFF7A7F80700002F04D1AC
:1010800015F15400FFF7A7F80700AF6195F840008D
:10109000A870A878012804D0A878022801D00D20D3
:1010A000E0E0A8784743049795F83D006881688997
:1010B000002804D068896989491E084201D00D20A2
:1010C000D0E015F14100FFF77FF82881287A10F071
:1010D0000F0F01D00D20C5E015F14300FFF774F8A4
:1010E0000700002F04D115F15000FFF774F8070036
:1010F00015F13E00FFF768F88346584680B2002895
:1011000001D10D20AEE0049810FA8BF0298910EB84
:10111000111001900198874201D20D20A2E001999F
:10112000791A6889B1FBF0F8B8F1000F01D10D20F0
:1011300098E05FF0030A4FF6F670804501D2022076
:10114000824640F6F670804501D20120824618F1B1
:1011500002006861EC6114FA8BF0286201980019B2
:10116000A8625046C0B2032815D115F15A00FFF706
:101170002BF8002801D00D2074E02889002801D028
:101180000D206FE015F15C00FFF725F868626869D3
:101190005FEA800919E02889002801D10D2061E06B
:1011A000296A0498411869625046C0B2022803D1E6
:1011B00068695FEA400908E069690320414395F8DE
:1011C000149019F0010919EB5109A86909F2FF11EE
:1011D000B0EB512F01D20D2044E05FF0FF302861C9
:1011E0002869E860802028715046C0B203282DD1BC
:1011F00015F16000FEF7E8FF012827D1611C2800E7
:10120000FFF73DF9002821D10020287105F22E209A
:10121000FEF7DAFF4AF65521884217D115F1300062
:10122000FEF7D9FF4049884210D115F50570FEF749
:10123000D2FF3E49884209D115F50670FEF7CBFF73
:10124000286115F50770FEF7C6FFE86085F800A075
:1012500037490888401C08800888E8802800FFF784
:10126000D1F800200BB0BDE8F08F70B504000D0080
:101270000926002C13D02068002810D020680078A0
:1012800000280CD0A0882168C988884207D120682E
:10129000407800F053FBC00701D400200600300066
:1012A000C0B2002801D1206800E000202860300092
:1012B000C0B270BDF3B581B01500029800906846C9
:1012C000FFF7D5FD0600002E01D50B2021E0154FBC
:1012D00057F82640002C04D02000FFF793F8002098
:1012E00020700198002802D0002101980170019817
:1012F00047F826000198002803D02800C0B2012832
:1013000001D0002005E0002201A902A8FFF718FE85
:10131000C0B2FEBD545E0208AC74020846415400DF
:1013200046415433E09E0020525261417272416145
:101330007C9F00202DE9F24F8EB00400002C01D1DB
:10134000092038E112F03F0291464A46D2B269467E
:101350000EA8FFF7F5FD82465046C0B2002840F0C7
:101360002281009802900E9902A8FFF72BFD824679
:101370005046C0B2002810D19DF83700000602D5B3
:101380000620824609E019F0FE0F01D0012100E09D
:10139000002102A8FEF76FFF824619F01C0F62D0F1
:1013A0005046C0B2002810D05046C0B2042809D11F
:1013B000FEF79CFF002803D002A8FFF762FC00E0C4
:1013C0001220824659F008090CE09DF80E0010F03A
:1013D000110F02D00720824604E05FEA497001D570
:1013E000082082465046C0B2002850D15FEA0970FA
:1013F0004DD500F029FB834659460A980E30FEF77A
:10140000FDFE59460A981630FEF7F8FE20210A988C
:10141000C1720A990098FFF7CCFB050000220A99D7
:101420000098FFF7DAFB00210A981C30FEF7E6FE71
:1014300001210098C170002D29D00098C06A834610
:101440000022290002A8FFF79DF982465046C0B24B
:1014500000281CD159460098FFF711F88246691EF2
:101460000098C16013E05046C0B200280FD19DF82B
:101470000E00C00602D50420824608E05FEA8970AB
:1014800005D59DF80E00C00701D5072082465046BD
:10149000C0B2002818D15FEA097001D559F040099F
:1014A0000098C06A60620A98A06219F0FE0F01D02D
:1014B000012100E0002102A8FEF728FF2061206939
:1014C000002801D1022082465046C0B200286AD1CD
:1014D0000A990098FFF76DFBA0600A981C30FEF790
:1014E0007AFEE0600020E062009820600098C088EA
:1014F000A08084F8149000206075002020620020F5
:10150000A0614FF40072002114F13000FEF790FE4C
:101510005FEA896047D5E068002844D0E068A061B0
:10152000009841894FF4007041430E00A068070005
:10153000E06880465046C0B2002812D1464510D21D
:1015400039002000FFF718F80700022F01D202200F
:10155000824617F1010F01D101208246B8EB06083F
:10156000E8E7E7615046C0B200281CD15FEAC850E6
:1015700019D039000098FEF7F1FF0190002802D140
:10158000022082460FE0019810EB582020620123D0
:10159000226A14F130010098407800F0FBF900282D
:1015A00001D0012082465046C0B2002801D0002060
:1015B00020605046C0B20FB0BDE8F08F2DE9FA4F61
:1015C00083B083461400DDF80C900021049801607C
:1015D00069465846FFF749FE82465046C0B2002889
:1015E00005D19BF815008246C0B2002802D05046B3
:1015F000C0B2ECE09BF81400C00701D40720E6E07D
:10160000DBF80C10DBF81800091A02910298A042CE
:1016100001D202980400002C00F0D880DBF81800FA
:10162000C00540F0AE80DBF8181000984089401EDD
:1016300010EA512001900198002829D1DBF8180008
:10164000002803D1DBF80800060010E0DBF82C00CE
:10165000002806D0DBF818105846FFF76BF9060093
:1016600005E0DBF81C105846FEF786FF0600022E48
:1016700004D202208BF815000220A8E016F1010F19
:1016800004D101208BF815000120A0E0CBF81C60EC
:10169000DBF81C100098FEF761FF0100002904D15F
:1016A00002208BF81500022091E0019F7F18200096
:1016B000400A0500002D35D000984089019969182D
:1016C000884204D2009841890198091A0D002B0024
:1016D0003A0049460098407800F05CF9002804D0B0
:1016E00001208BF81500012071E09BF81400000622
:1016F00012D5DBF82000C01BA8420DD24FF40072B7
:101700001BF13001DBF82030DB1B4FF4007043434A
:1017100009EB0300FEF77EFD4FF4007000FB05F0BF
:10172000804643E0DBF82000B84228D09BF8140044
:10173000000615D50123DBF820201BF130010098AD
:10174000407800F041F9002804D001208BF8150002
:1017500001203CE09BF8140010F07F008BF814008F
:1017600001233A001BF130010098407800F012F993
:10177000002804D001208BF81500012027E0CBF8C9
:101780002070DBF81800C005C00DD0F50070804651
:10179000444500D2A0464246DBF81800C005C00D03
:1017A000584410F130014846FEF734FDC144DBF8DF
:1017B000180018EB0000CBF818000498006818EB2C
:1017C000000004990860B4EB080424E7002005B089
:1017D000BDE8F08FF8B5040069462000FFF745FD2D
:1017E00007003800C0B2002846D1207D400643D50E
:1017F000207D00060FD50123226A14F130010098E4
:10180000407800F0E1F8002801D0012036E0207D8A
:1018100010F07F00207500F017F90500616A00984C
:10182000FEF72DFE07003800C0B2002824D1A06AC0
:101830000600F07A50F02000F072A26831002068B3
:10184000FFF7CBF9E16816F11C00FEF7D7FC290081
:1018500016F11600FEF7D2FC002116F11200FEF779
:10186000C6FC01210098C1700098FEF729FE070010
:10187000207D10F0BF0020753800C0B2F2BD38B531
:1018800004002000FFF7A6FF05002800C0B20028D2
:1018900012D169462000FFF7E8FC05002800C0B21D
:1018A000002809D12069FEF787FD05002800C0B295
:1018B000002801D1002020602800C0B232BDF0B461
:1018C0000246106895681318506803EB5004C0076F
:1018D00048BF4D44A3422DD013F8016B16F003000E
:1018E00004BF13F8010BC01C31090F2907D113F8ED
:1018F000011B0F3103E013F8017B05F8017B401E4B
:10190000F9D10029E6D013F8010BC6F38107032FA4
:1019100008BF13F8017B00EB072040422844002653
:10192000B71E8F421EBF10F8017B05F8017B761CA5
:10193000F6D1CFE7F0BC02F10C00704710B50400FF
:1019400039492000C0B20844007A2200D2B201EB2B
:101950008201496849688847C0B210BD38B50400A3
:10196000002531492000C0B2085C00280FD10122B7
:101970002000C0B20A542000C0B20844007A2200FD
:10198000D2B201EB82014968096888470500280046
:10199000C0B232BDF8B504000D0016001F00DFF81C
:1019A00088C03B00320029002000C0B26044007AA9
:1019B000A6465FFA8EFE0CEB8E0CDCF804C0DCF859
:1019C00008C0E047C0B2F2BDF8B504000D00160033
:1019D0001F00DFF854C03B00320029002000C0B2D5
:1019E0006044007AA6465FFA8EFE0CEB8E0CDCF8A3
:1019F00004C0DCF80CC0E047C0B2F2BDF8B504008A
:101A00000D001600084B32002900C9B22000C0B2F8
:101A10001844007A2700FFB203EB87035B681B6959
:101A20009847C0B2F2BD00004C9E002080B503492B
:101A3000034800F02FF80349087001BDDC9E002028
:101A400048740208889F002000207047F0B404000A
:101A500001200025144E737A002B18D10027737AC9
:101A6000F754737A06EB83035C60737A33441A721B
:101A7000777A7B1C73723D0015F130030B703A23AB
:101A80004B702F238B700023CB7000231800C0B243
:101A9000F0BC704738B505000C000022210028007A
:101AA000FFF7D4FF32BD00004C9E00200003002051
:101AB0000B0000000B0000006400000000000000AC
:101AC0000F000000160016000B000400702900082B
:101AD000F01B000800000000160016000B000400B8
:101AE0007C280008F01B000800000000160016000B
:101AF0000B00040088270008F01B0008000000000D
:101B0000160016000B00040094260008F01B0008C5
:101B100000000000160016000B000400A0250008BD
:101B2000F01B000800000000160016000B00040067
:101B3000AC240008F01B000800000000160016008E
:101B40000B000400B8230008F01B00080000000090
:101B5000160016000B000400C4220008F01B000849
:101B600000000000160016000B000400D021000841
:101B7000F01B000800000000160016000B00040017
:101B8000DC200008F01B0008000000001600160012
:101B90000B000400E81F0008F01B00080000000014
:101BA000160016000B000400F41E0008F01B0008CD
:101BB00000000000160016000B000400001E0008C4
:101BC000F01B000800000000160016000B000400C7
:101BD0000C1D0008F01B0008000000001600160095
:101BE0000B000400181C0008F01B00080000000097
:101BF0000700000001000000FC1B00080000FFFFC0
:101C0000CCCCCCFF000000FF999900FFFFFFFFFF45
:101C1000999999FFFFFF00FF0000000220000000DB
:101C20000000000000002320000000000000000071
:101C300002332000000000000000002333120000E7
:101C400000000000000233311120000000000000FD
:101C5000236311111200000000000236311111122D
:101C600000000000002363111112120000000000A8
:101C700033314421212200000000000005124212ED
:101C800012000000000000005124242155552000BE
:101C90000000000222224111111200000000000089
:101CA0000054111111200000000000005411111106
:101CB0001222000000000054111111233200000014
:101CC0000000544111123330000000000051441153
:101CD00023330000000000000514423330000000F0
:101CE000000000005123630000000000000000021B
:101CF0003630000000000000000003630000000018
:101D000000000000000330000000000000000000A0
:101D100000000000000000000000000000000000C3
:101D200000000000000000000000000000000000B3
:101D30000000000000000000330000000000000070
:101D4000000032332555500000000555533236212E
:101D50001112000000511113623621444120000588
:101D600014444362362144411200514444436236D4
:101D70002144411125144111136233211111111114
:101D8000111111133233212121212211111113328A
:101D9000332212121200211111133233212121207A
:101DA000000211111332332212120000002111130C
:101DB00032332222200000000222223222000000C0
:101DC00000000000000022000000000000000000F1
:101DD0000000000000000000000000000000000003
:101DE00000000000000000000000000000000000F3
:101DF00000000000000000000000000000000000E3
:101E000000000000000003200000000000000000AF
:101E10000003320000000000000000000363200007
:101E200000000000000000513632000000000000F9
:101E300000051443632000000000000051441133EA
:101E40003200000000000054411113332000000054
:101E50000000541111113332000000000054111120
:101E60001112220000000000541111112000000086
:101E70000555554111111200000000514444112232
:101E80002220000000051441111200000000003360
:101E900021242111120000000000363242121112DA
:101EA0000000000000036321212122000000000047
:101EB000003632121212000000000000033321210C
:101EC000200000000000000033321200000000007B
:101ED0000000000333200000000000000000003379
:101EE00020000000000000000000022000000000B0
:101EF00000000000000003333333333332000000AE
:101F000000033666633333320000000000222222D1
:101F100022222000000000005111111111200000A8
:101F20000000005144111111200000000000514434
:101F30001111112000000000005144111111200066
:101F4000000000000211111112000000000000004A
:101F500021111120000000000000000211120000F9
:101F60000000000000000021200000000000000030
:101F700000005120000000000000000005111200C8
:101F8000000000000000005141112000000000008E
:101F9000000514411112000000000000514412110C
:101FA00011200000000000514421211120000000F8
:101FB00000005142121211200000000000512421A3
:101FC0002121200000000000333333333320000090
:101FD0000000033666633333320000000002222221
:101FE0002222222200000000000003333333333367
:101FF0003200000000033666633333320000000015
:102000000022222222222000000000005111111182
:1020100011200000000000514411111120000000A7
:102020000000514411111120000000000051441122
:102030001111200000000000021111111200000017
:10204000000000002111112000000000000000022B
:10205000111200000000000000000021200000001C
:1020600000000000000051200000000000000000FF
:102070000511120000000000000000514211200074
:1020800000000000000514411112000000000000D3
:10209000514412111120000000000051442111117F
:1020A0002000000000005142121211200000000028
:1020B000005124212121200000000000333333335C
:1020C0003320000000000336666333333200000023
:1020D00000022222222222220000000000000333FC
:1020E0003333333332000000000336666333333258
:1020F0000000000000222222222220000000000016
:102100005111111111200000000000514411111152
:1021100020000000000051441111112000000000B7
:102120000051441111112000000000000211111192
:10213000120000000000000021111120000000002A
:102140000000000212120000000000000000002148
:1021500020000000000000000000512000000000EE
:1021600000000000051112000000000000000051F6
:10217000421120000000000000051441111200006F
:102180000000000051441211112000000000005115
:1021900044111111200000000000514212121120C0
:1021A0000000000000512421212120000000000037
:1021B0003333333333200000000003366663333398
:1021C000320000000002222222222222000000000F
:1021D000000003333333333332000000000336662C
:1021E000633333320000000000222222222220002A
:1021F00000000000511111111120000000000051D9
:10220000441111112000000000005144111111204F
:1022100000000000005144111111200000000000D6
:1022200002111111120000000000000021211120F4
:102230000000000000000002121200000000000078
:1022400000000021200000000000000000005120DC
:102250000000000000000000051112000000000056
:102260000000005142112000000000000005144150
:102270001112000000000000514412111120000052
:1022800000000051441111112000000000005142D3
:1022900012111120000000000051242121212000F2
:1022A00000000000333333333320000000000336D6
:1022B00066633333320000000002222222222222EF
:1022C00000000000000003333333333332000000DA
:1022D00000033666633333320000000000222222FE
:1022E00022222000000000005111111111200000D5
:1022F0000000005144111111200000000000514461
:102300001111112000000000005144111111200092
:102310000000000002111111120000000000000076
:102320002121212000000000000000021212000004
:10233000000000000000002120000000000000005C
:1023400000005120000000000000000005111200F4
:1023500000000000000000514211200000000000B9
:102360000005144111120000000000005144121138
:102370001120000000000051441111112000000044
:1023800000005144121111200000000000512421CE
:1023900021212000000000003333333333200000BC
:1023A000000003366663333332000000000222224D
:1023B0002222222200000000000003333333333393
:1023C0003200000000033666633333320000000041
:1023D00000222222222220000000000051111111AF
:1023E00011200000000000514411111120000000D4
:1023F000000051441111112000000000005144114F
:102400001111200000000000021211111200000042
:102410000000000021212120000000000000000237
:102420001212000000000000000000212000000047
:10243000000000000000512000000000000000002B
:1024400005111200000000000000005142112000A0
:1024500000000000000514411112000000000000FF
:1024600051441211112000000000005144111111BB
:102470002000000000005144121111200000000053
:102480000051242121112000000000003333333398
:10249000332000000000033666633333320000004F
:1024A0000002222222222222000000000000033328
:1024B0003333333332000000000336666333333284
:1024C0000000000000222222222220000000000042
:1024D000511111111120000000000051441111117F
:1024E00020000000000051441111112000000000E4
:1024F00000514411111120000000000002121112BD
:102500001200000000000000212121200000000036
:102510000000000212120000000000000000002174
:10252000200000000000000000005120000000001A
:102530000000000005111200000000000000005122
:10254000421120000000000000051441111200009B
:102550000000000051441211112000000000005141
:1025600044111111200000000000514412111120EB
:102570000000000000514421211120000000000053
:1025800033333333332000000000033666633333C4
:10259000320000000002222222222222000000003B
:1025A0000000033333333333320000000003366658
:1025B0006333333200000000002222222222200056
:1025C0000000000051111111112000000000005105
:1025D000441111112000000000005144111111207C
:1025E0000000000000514411111120000000000003
:1025F000021212121200000000000000212121200E
:1026000000000000000000021212000000000000A4
:102610000000002120000000000000000000512008
:102620000000000000000000051112000000000082
:10263000000000514211200000000000000514417C
:10264000111200000000000051441211112000007E
:1026500000000051441111112000000000005144FD
:10266000121111200000000000514421111120001E
:102670000000000033333333332000000000033602
:10268000666333333200000000022222222222221B
:102690000000000000000333333333333200000006
:1026A000000336666333333200000000002222222A
:1026B0002222200000000000511111111120000001
:1026C000000000514411111120000000000051448D
:1026D00011111120000000000051241111112000DF
:1026E00000000000021212121200000000000000A0
:1026F0002121212000000000000000021212000031
:102700000000000000000021200000000000000088
:102710000000312000000000000000000511120040
:1027200000000000000000514211200000000000E5
:102730000005144111120000000000005144121164
:102740001120000000000051441111112000000070
:1027500000005144121111200000000000514411EA
:102760001111200000000000333333333320000008
:102770000000033666633333320000000002222279
:1027800022222222000000000000033333333333BF
:10279000320000000003366663333332000000006D
:1027A00000222222222220000000000051111111DB
:1027B0001120000000000051441111112000000000
:1027C000000051441111112000000000005124119B
:1027D000112120000000000002121212120000005D
:1027E0000000000021212120000000000000000264
:1027F0001212000000000000000000212000000074
:102800000000000000005120000000000000000057
:1028100005111200000000000000005142112000CC
:10282000000000000005144111120000000000002B
:1028300051441211112000000000005144111111E7
:102840002000000000005144111111200000000080
:1028500000514411111120000000000033333333C4
:10286000332000000000033666633333320000007B
:102870000002222222222222000000000000033354
:1028800033333333320000000003366663333332B0
:10289000000000000022222222222000000000006E
:1028A00051111111112000000000005144111111AB
:1028B0002000000000005144111111200000000010
:1028C00000512421112120000000000002121212E8
:1028D0001200000000000000212121200000000063
:1028E00000000002121200000000000000000021A1
:1028F0002000000000000000000051200000000047
:10290000000000000511120000000000000000514E
:1029100042112000000000000005144111120000C7
:10292000000000005144111111200000000000516E
:102930004411111120000000000051441111112018
:10294000000000000051441111112000000000009F
:1029500033333333332000000000033666633333F0
:102960003200000000022222222222220000000067
:102970000000033333333333320000000003366684
:102980006333333200000000002222222222200082
:102990000000000051111111112000000000005131
:1029A00044111111200000000000514411111120A8
:1029B000000000000051242121212000000000001F
:1029C000021212121200000000000000212121203A
:1029D00000000000000000021212000000000000D1
:1029E0000000002120000000000000000000512035
:1029F00000000000000000000511120000000000AF
:102A000000000051411120000000000000051441A9
:102A100011120000000000005144111111200000AB
:102A20000000005144111111200000000000514429
:102A3000111111200000000000514411111120005B
:102A4000000000003333333333200000000003362E
:102A50006663333332000000000222222222222247
:102A600000000000702A00080800000008000000B4
:102A70001100110005000200A42A00081C2F000804
:102A800000000000902A0008080000000800000074
:102A90001100110005000200A42A0008342F0008CC
:102AA0000000000000019000000001900000000103
:102AB00090000000019000000001900000000190D3
:102AC0000000040190040019559559006AAAAAAAA9
:102AD0004019559559000401900400000190000030
:102AE0000001900000000190000000019000000033
:102AF000019000000001900000000000082B000879
:102B000005000000050000000B000B0003000200A0
:102B10003C2B00081C2F000800000000282B000898
:102B200005000000050000000B000B000300020080
:102B30003C2B0008342F0008000000000054000067
:102B400064000064000064005565546A9AA45565E9
:102B500054006400006400006400005400000000A1
:102B60006C2B00080A0000000A0000001500150088
:102B700006000200A02B00081C2F00080000000027
:102B80008C2B00080A0000000A0000001500150048
:102B900006000200A02B0008342F000800000000EF
:102BA00000001500000000001900000000001900DE
:102BB00000000000190000000000190000000000E3
:102BC00019000000000019000000000019000000BA
:102BD0000000190000005555595555406AAAA6AA8B
:102BE000AA405555595555400000190000000000F5
:102BF000190000000000190000000000190000008A
:102C00000000190000000000190000000000190079
:102C10000000000019000000000015000000000086
:102C20002C2C00080F0000000F0000001F001F00E8
:102C300008000200602C00081C2F000800000000A3
:102C40004C2C00080F0000000F0000001F001F00A8
:102C500008000200602C0008342F0008000000006B
:102C600000000005400000000000000640000000D9
:102C700000000006400000000000000640000000C8
:102C800000000006400000000000000640000000B8
:102C900000000006400000000000000640000000A8
:102CA0000000000640000000000000064000000098
:102CB0000000000640000000000000064000000088
:102CC0000000000640000000000000064000000078
:102CD00055555556555555546AAAAAA9AAAAAAA443
:102CE00055555556555555540000000640000000F6
:102CF0000000000640000000000000064000000048
:102D00000000000640000000000000064000000037
:102D10000000000640000000000000064000000027
:102D20000000000640000000000000064000000017
:102D30000000000640000000000000064000000007
:102D400000000006400000000000000640000000F7
:102D50000000000540000000642D00080000000095
:102D60000000000009000F0003000200982D000879
:102D70001C2F000800000000842D00080000000047
:102D80000000000009000F0003000200982D000859
:102D9000342F0008000000004000005000006400D4
:102DA000006900006A40006A90006AA4006AA900F5
:102DB0006A954066900051A40041A400006900009B
:102DC0006900001400000000D42D0008000000007D
:102DD000000000000C00140003000200082E000890
:102DE0001C2F000800000000F42D00080000000067
:102DF000000000000C00140003000200082E000870
:102E0000342F000800000000400000500000640063
:102E1000006900006A40006A90006AA4006AA90084
:102E20006AAA406AAA906AAAA46AA95569A9006414
:102E30006A40506A40401A90001A900006A40006AA
:102E4000A4000150502E0008000000000000000007
:102E500012001E0005000200842E00081C2F00082E
:102E600000000000702E00080000000000000000BC
:102E700012001E0005000200842E0008342F0008F6
:102E8000000000004000000000500000000064004E
:102E900000000069000000006A400000006A900025
:102EA00000006AA40000006AA90000006AAA4000AD
:102EB000006AAA9000006AAAA400006AAAA90000F9
:102EC0006AAAAA40006AAAAA90006AAAAAA4006AEA
:102ED000AAAAA9006AAAAAAA406AAA9555506A9AFB
:102EE0009000006A46A400006906A400006401A9DD
:102EF00000005001A9000040006A400000006A4044
:102F00000000001A900000001A9000000006A400C3
:102F1000000006A4000000015000000003000000B3
:102F200001000000282F00080000FFFFFFFFFFFF47
:102F3000000000FF0300000001000000402F000817
:102F40000000FFFF000000FFFFFFFFFF2DE9FE4F25
:102F500082B005000026BDF8080000F0FF00ADF8C3
:102F60000600BDF8080010F47F40ADF8040000240E
:102F700001F0F3F803224FF481712800C0B200F091
:102F8000C9FF56FA80F8002240F617012800C0B2A7
:102F900000F0C0FF58FA80FA00224FF48171280037
:102FA000C0B200F0B7FF5AFA80F96C22392128002C
:102FB000C0B200F0AFFF59FA80F7BDF80400002856
:102FC00008D0132201212800C0B200F0A3FF57FA55
:102FD00080F607E0032201212800C0B200F09AFF2A
:102FE00057FA80F6322001F0FDF8BDF806000028FF
:102FF00000F0FE800121DFF8600C0160BDF80600E2
:10300000012805D0C0F0C58003285FD02FD3C0E0D1
:1030100040F60C4205212800C0B200F07BFF56FAB2
:1030200080F7002240F201612800C0B200F072FF78
:1030300057FA80F8002240F202612800C0B200F086
:1030400069FF58FA80F9022240F204612800C0B2F8
:1030500000F060FF59FA80FA022240F20561280070
:10306000C0B200F057FF5AFA80F00600C4E040F208
:10307000033205212800C0B200F04CFF56FA80F759
:10308000012240F201612800C0B200F043FF57FA6C
:1030900080F8012240F202612800C0B200F03AFF3D
:1030A00058FA80F9002240F204612800C0B200F012
:1030B00031FF59FA80FA002240F205612800C0B2BF
:1030C00000F028FF5AFA80F0060095E0BDF80400F1
:1030D000B0F5006F2ED140F60F7205212800C0B266
:1030E00000F018FF56FA80F7032240F20161280031
:1030F000C0B200F00FFF57FA80F8032240F20261DD
:103100002800C0B200F006FF58FA80F9032240F20E
:1031100004612800C0B200F0FDFE59FA80FA0322D3
:1031200040F205612800C0B200F0F4FE5AFA80F0C7
:1031300006002DE040F60F7205212800C0B200F015
:10314000E9FE56FA80F7012240F201612800C0B280
:1031500000F0E0FE57FA80F8012240F202612800F8
:10316000C0B200F0D7FE58FA80F9022240F20461A2
:103170002800C0B200F0CEFE59FA80FA022240F2D6
:1031800005612800C0B200F0C5FE5AFA80F00600C2
:1031900032E040F2033205212800C0B200F0BAFE4E
:1031A00056FA80F7012240F201612800C0B200F017
:1031B000B1FE57FA80F8012240F202612800C0B245
:1031C00000F0A8FE58FA80F9002240F204612800BD
:1031D000C0B200F09FFE59FA80FA002240F2056169
:1031E0002800C0B200F096FE5AFA80F0060003E014
:1031F0000021DFF8640A0160BDF80400002800F037
:1032000036810121DFF8FC0C0160BDF80400B0F547
:10321000807F00F09980B0F5007F07D0B0F5407F47
:103220003CD0B0F5006F00F0C7801EE14FF4436260
:1032300004212800C0B200F06DFE56FA80FBDB22AC
:103240004FF48A612800C0B200F064FE5BFA80F798
:103250004FF4C04202212800C0B200F05BFE57FAD2
:1032600080F802224FF4C1612800C0B200F052FE83
:1032700058FA80F9022240F209612800C0B200F039
:1032800049FE59FA80FA0E224FF4E0612800C0B2DC
:1032900000F040FE5AFA80F00600ECE011222821EE
:1032A0002800C0B200F036FE56FA80F00090009F71
:1032B000352229212800C0B200F02CFE57FA80F0F8
:1032C0000090009F35222A212800C0B200F022FE83
:1032D00057FA80F00090009F40F20332042128004A
:1032E000C0B200F017FE57FA80FBDB224FF4886172
:1032F0002800C0B200F00EFE5BFA80F746F25032B2
:1033000002212800C0B200F005FE57FA80F8022220
:1033100040F206612800C0B200F0FCFD58FA80F9C6
:10332000022240F207612800C0B200F0F3FD59FA12
:1033300080FA0D224FF4E0612800C0B200F0EAFDEF
:103340005AFA80F0060096E04FF4437204212800F8
:10335000C0B200F0DFFD56FA80FBDB224FF488613B
:103360002800C0B200F0D6FD5BFA80F746F250327A
:1033700002212800C0B200F0CDFD57FA80F80222E9
:1033800040F206612800C0B200F0C4FD58FA80F98E
:10339000022240F207612800C0B200F0BBFD59FADA
:1033A00080FA0D224FF4E0612800C0B200F0B2FDB7
:1033B0005AFA80F006005EE040F63C7204212800D4
:1033C000C0B200F0A7FD56FA80F00090009FDB220B
:1033D0004FF48A612800C0B200F09CFD57FA80F0DB
:1033E0000090009FDB224FF488612800C0B200F0FB
:1033F00091FD57FA80F00090009F46F2A032022122
:103400002800C0B200F086FD57FA80FB022240F28D
:1034100006612800C0B200F07DFD5BFA80F7022251
:1034200040F207612800C0B200F074FD57FA80F83E
:1034300002224FF4C1612800C0B200F06BFD58FABF
:1034400080F9022240F209612800C0B200F062FD5A
:1034500059FA80FA0D224FF4E0612800C0B200F062
:1034600059FD5AFA80F0060005E0761C03E00020C2
:10347000DFF8901A08600498B0F5FA5F1AD042F6A7
:103480001131884248D0B0F57A5F1DD045F22261F3
:1034900088424BD0B0F5FA4F20D04AF644418842DA
:1034A0004ED04BF68031884222D0DFF85C1A884239
:1034B00028D04FE003224FF404712800C0B200F07E
:1034C00029FD56FA80F74EE033224FF404712800AC
:1034D000C0B200F01FFD56FA80F744E063224FF4BB
:1034E00004712800C0B200F015FD56FA80F73AE0EA
:1034F00083224FF404712800C0B200F00BFD56FA8D
:1035000080F730E0A3224FF404712800C0B200F02D
:1035100001FD56FA80F726E013224FF404712800CB
:10352000C0B200F0F7FC56FA80F71CE043224FF4DB
:1035300004712800C0B200F0EDFC56FA80F712E0EA
:1035400073224FF404712800C0B200F0E3FC56FA75
:1035500080F708E083224FF404712800C0B200F025
:10356000D9FC56FA80F7BDF80400B0F5006F0AD117
:1035700044F218024FF440712800C0B200F0CAFCB7
:1035800057FA80F609E044F210024FF44071280027
:10359000C0B200F0BFFC57FA80F6002240F20231C0
:1035A0002800C0B200F0B6FC56FA80F90A224FF4A7
:1035B00002712800C0B200F0ADFC59FA80F8012277
:1035C0004FF400712800C0B200F0A4FC58FA80F754
:1035D000BDF80600002800F02281BDF80600022890
:1035E0003FD14FF480722D212800C0B200F092FC30
:1035F00057FA80F94FF480722E212800C0B200F0F3
:1036000089FC59FA80F6DFF8048998F80000002850
:1036100011D04FF401424FF488712800C0B200F07D
:1036200079FC56FA80F9002088F800004FF4967073
:1036300000F0D8FD0CE048F208124FF48871280021
:10364000C0B200F067FC56FA80F9322000F0CAFDE3
:1036500000224FF484612800C0B200F05BFC59FAEC
:1036600080F74FF4407203212800C0B200F052FCF2
:1036700057FA80FB002222212800C0B200F04AFC49
:103680005BFA80F6002223212800C0B200F042FC41
:1036900056FA80F94FF4407236212800C0B200F08B
:1036A00039FC59FA80FA43F2030201212800C0B222
:1036B00000F030FC5AFA80F8BDF80400B0F5006F55
:1036C00009D140F2052251212800C0B200F022FCAD
:1036D00058FA80F607E0052251212800C0B200F018
:1036E00019FC58FA80F644F44C5454F003042200B8
:1036F00092B201212800C0B200F00CFC56FA80F012
:103700000090009F222260212800C0B200F002FC3D
:1037100057FA80F00090009F49F625724C2128004E
:10372000C0B200F0F7FB57FA80F000900F2000F0D5
:1037300059FD009F01222D212800C0B200F0EAFBB4
:1037400057FA80F00090009F01222E212800C0B27D
:1037500000F0E0FB57FA80F00090009F4FF44C72AD
:1037600003212800C0B200F0D5FB57FA80F000908A
:10377000009F332254212800C0B200F0CBFB57FA3F
:1037800080F0009040F2011000F02CFD009FEE222E
:1037900060212800C0B200F0BDFB57FA80F0009015
:1037A000009FC0224FF4C2612800C0B200F0B2FBFB
:1037B00057FA80F00090009FC02240F2116128006B
:1037C000C0B200F0A7FB57FA80FB10224FF48461CF
:1037D0002800C0B200F09EFB5BFA80F8C02240F2E5
:1037E00012612800C0B200F095FB58FA80F9C0229F
:1037F00040F213612800C0B200F08CFB59FA80FA45
:10380000102240F222412800C0B200F083FB5AFA95
:1038100080F79DF80C10280080B200F010F9BDF878
:103820000400002800F08480BDF80400B0F5807F1B
:1038300004D0BDF80400B0F5007F1FD154F013048C
:10384000220092B201212800C0B200F063FB57FAB7
:1038500080F602224FF4C4612800C0B200F05AFB87
:1038600056FA80F84FF4605240F211412800C0B27D
:1038700000F050FB58FA80F0070053E0BDF8040058
:10388000B0F5006F29D154F01304220092B2012147
:103890002800C0B200F03EFB57FA80F602224FF437
:1038A000C4612800C0B200F035FB56FA80F84FF42E
:1038B000C0524FF482612800C0B200F02BFB58FACE
:1038C00080F94FF4C05240F211412800C0B200F01C
:1038D00021FB59FA80F0070024E0BDF80400B0F5A0
:1038E000407F04D0BDF80400B0F5806F1AD10B22E0
:1038F00018212800C0B200F00DFB57FA80F60B2209
:103900001A212800C0B200F005FB56FA80F84FF4E7
:10391000C0524FF482612800C0B200F0FBFA58FA9E
:1039200080F007009DF80C10280080B200F087F8A6
:10393000380005B0BDE8F08F80B500F013FC01BD84
:1039400010B5040000F009FC00212000C0B200F016
:1039500028FC10BDF8B507000C001500002600215A
:10396000380080B200F043F98019F2BD70B506004E
:1039700000240121300080B200F039F905002D1932
:10398000012202213000C0B200F0C4FA55FA80F0E2
:1039900070BD38B5050000240021280080B200F079
:1039A00026F9001932BD2DE9F24F04000025AA4E78
:1039B0003068002840D00121200080B200F017F9C3
:1039C000401905000098022836D04FF400724FF4D9
:1039D00084612000C0B200F09DFA55FA80FB4FF4DC
:1039E000007240F222412000C0B200F093FA5BFA6C
:1039F00080F700222D212000C0B200F08BFA57FA88
:103A000080F800222E212000C0B200F083FA58FA7C
:103A100080F9002205212000C0B200F07BFA59FA9B
:103A200080FA002200212000C0B200F073FA5AFA96
:103A300080F00500002030602800BDE8F28F2DE9FD
:103A4000F84F06000C0000252000C0B2652801DBFD
:103A5000642706E02100C9B23F204143642091FB66
:103A6000F0F77D480068002877D03800C0B23F28C2
:103A70002EDB0021300080B200F0B9F8804618EB50
:103A8000050840F27F194A461C213000C0B200F000
:103A900041FA58FA80F00090DDF800A04A461D2156
:103AA0003000C0B200F036FA5AFA80FB4A462621AE
:103AB0003000C0B200F02EFA5BFA80FA4A462721A5
:103AC0003000C0B200F026FA5AFA80F0050044E057
:103AD0002000C0B2002807D10121300080B200F0E0
:103AE00086F84019050038E00021300080B200F06F
:103AF0007EF883461BEB050B3A00D2B252F4A0725B
:103B000092B21C213000C0B200F004FA5BFA80F8D7
:103B10003A00D2B252F4A07292B21D213000C0B26B
:103B200000F0F8F958FA80F93A00D2B252F4A072D3
:103B300092B226213000C0B200F0ECF959FA80FAB6
:103B40003A00D2B252F4A07292B227213000C0B231
:103B500000F0E0F95AFA80F00500DFF8A8030068E9
:103B6000002841D02000C0B2642801DBEF2706E026
:103B70002100C9B2F0204143642091FBF0F73A00E4
:103B8000D2B252F4807292B24FF480613000C0B26F
:103B900000F0C0F955FA80F83A00D2B252F48072BF
:103BA00092B240F201413000C0B200F0B3F958FACD
:103BB00080F93A00D2B252F4807292B240F20441DB
:103BC0003000C0B200F0A6F959FA80FA3A00D2B239
:103BD00052F4807292B240F205413000C0B200F05F
:103BE00099F95AFA80F005002800BDE8F28FF8B57F
:103BF00004000D0000261848006800282AD0012D76
:103C000015D14FF400724FF484612000C0B200F06F
:103C100081F956FA80F74FF4007240F222412000F9
:103C2000C0B200F077F957FA80F0060012E01022D7
:103C30004FF484612000C0B200F06CF956FA80F7AE
:103C4000102240F222412000C0B200F063F957FA7E
:103C500080F006003000F2BD009F00202DE9F04703
:103C600082460C0000252000C0B2012805D0C0F01B
:103C70008E8003285DD02ED389E040F60C420521CA
:103C80005046C0B200F046F955FA80F9002240F2E1
:103C900001615046C0B200F03DF959FA80F60022A9
:103CA00040F202615046C0B200F034F956FA80F793
:103CB000022240F204615046C0B200F02BF957FADC
:103CC00080F8022240F205615046C0B200F022F9AD
:103CD00058FA80F088E040F2033205215046C0B225
:103CE00000F018F955FA80F9012240F201615046BE
:103CF000C0B200F00FF959FA80F6012240F20261D9
:103D00005046C0B200F006F956FA80F7002240F2A1
:103D100004615046C0B200F0FDF857FA80F8002266
:103D200040F205615046C0B200F0F4F858FA80F055
:103D30005AE040F60F7205215046C0B200F0EAF892
:103D400055FA80F6012240F201615046C0B200F0FF
:103D5000E1F856FA80F7012240F202615046C0B203
:103D600000F0D8F857FA80F8022240F20461504679
:103D7000C0B200F0CFF858FA80F9022240F2056193
:103D80005046C0B200F0C6F859FA80F02CE040F27C
:103D9000033205215046C0B200F0BCF855FA80F954
:103DA000012240F201615046C0B200F0B3F859FA66
:103DB00080F6012240F202615046C0B200F0AAF83B
:103DC00056FA80F7002240F204615046C0B200F07B
:103DD000A1F857FA80F8002240F205615046C0B2BF
:103DE00000F098F858FA80F0BDE8F08770B504004C
:103DF0000D0000262900B1F5FA5F19D042F6113006
:103E0000814247D0B1F57A5F1CD045F222608142F1
:103E10004AD0B1F5FA4F1FD04AF6444081424DD006
:103E20004BF68030814221D03748814228D04FE084
:103E300003224FF404712000C0B200F06BF856FA70
:103E400080F04EE033224FF404712000C0B200F045
:103E500061F856FA80F044E063224FF404712000C8
:103E6000C0B200F057F856FA80F03AE083224FF4DF
:103E700004712000C0B200F04DF856FA80F030E036
:103E8000A3224FF404712000C0B200F043F856FAA8
:103E900080F026E013224FF404712000C0B200F03D
:103EA00039F856FA80F01CE043224FF404712000E8
:103EB000C0B200F02FF856FA80F012E073224FF4EF
:103EC00004712000C0B200F025F856FA80F008E036
:103ED00083224FF404712000C0B200F01BF856FAA0
:103EE00080F070BD38B504000025002200212000BC
:103EF000C0B200F00FF8002205490A600022014913
:103F00000A6032BD049F00200077010006040020F3
:103F1000009F0020F8B507000C00150000262A00BD
:103F200092B2210089B23800C0B200F01CF9300012
:103F3000C0B2F2BD38B586B00400DFF8B8028442E2
:103F400047D1DFF8AC12086850F0800008600868BC
:103F500010F08000059005988020009012200190BC
:103F6000002002900220039004200490DFF8885281
:103F70006946280000F04EF94FF4807000906946C1
:103F8000280000F047F9DFF87412086850F40000C8
:103F90000860086810F4000005900598DFF86002DA
:103FA000016851F400010160016831F40001016011
:103FB00000220F21482000F0F3FB482000F005FC10
:103FC00000220F21492000F0EBFB492000F0FDFB0F
:103FD00043E08749086850F002000860086810F064
:103FE0000200059005984FF4807000901220019017
:103FF000002002900220039004200490814D694625
:10400000280000F007F94FF400700090694628007E
:1040100000F000F97949086850F400100860086859
:1040200010F40010059005987548016851F40011CE
:104030000160016831F40011016000220F211F208E
:1040400000F0AEFB1F2000F0C0FB00220F2120205B
:1040500000F0A6FB202000F0B8FB07B030BD10B583
:104060000400200000F060FE00281BD1614884425B
:1040700002D16548206001E06448206064486060C7
:104080000020A0600120E06000202061002060612D
:104090000020E061002020622000FFF74BFF20009D
:1040A00000F0BAFB10BD2DE9FE4304000D00160020
:1040B0001F005FF000084FF47A700290BDF82C00EA
:1040C00001900A9800903B009BB2320092B2290006
:1040D000C9B289B2200000F022FD81464846C0B234
:1040E000002804D02900C9B2200000F02CF848466E
:1040F000C0B2BDE8FE832DE9FE4304000D001600AA
:104100001F005FF000084FF47A700290BDF82C0099
:1041100001900A9800903B009BB2320092B22900B5
:10412000C9B289B2200000F0FEFB81464846C0B209
:10413000002804D02900C9B2200000F004F8484645
:10414000C0B2BDE8FE8338B505000C00280000F0C1
:10415000C9FB2800FFF783FF31BD80B52548FFF775
:104160007EFF01BD704776B582B004000D00BDF83A
:104170000C60300080B2000AADF80C00BDF80C00F5
:1041800050EA0620ADF80C000220019003A8009030
:1041900002232A0092B22100C9B21648FFF7ABFFF2
:1041A0007FBD7FB504000D000020ADF8080000269B
:1041B0000220019002A8009002232A0092B221005E
:1041C000C9B20C48FFF76FFFBDF8081089B2090AA1
:1041D000BDF8080051EA0021ADF80810BDF808004C
:1041E00004B070BD10B50400200000F02DFF10BD1C
:1041F000303802406C9A0020001C024040380240D7
:104200002038024000040240005C0040005400409E
:10421000322791402DE9F841002200250023002695
:104220000024102C80F00981012717FA04F21500F0
:104230000A682A401300AB4240F0FD804A68022A17
:1042400002D04A68122A1FD12200D20800EB820253
:10425000D2F820C05FF00F0E14F00702D2B2920025
:104260001EFA02FE3CEA0E0CD1F810E014F0070230
:10427000D2B292001EFA02FE5EEA0C0C66462200E2
:10428000D20800EB82021662D0F800C05FF0030E85
:104290002200D2B252001EFA02F23CEA020C91F85D
:1042A000048018F003082200D2B2520018FA02F873
:1042B00058EA0C0CC0F800C04A68012A08D04A68C5
:1042C000022A05D04A68112A02D04A68122A1BD154
:1042D00086682200D2B252001EFA02F29643D1F84A
:1042E0000C802200D2B2520018FA02F858EA0606F0
:1042F00086604268A740BA434F68C7F30017A740DB
:104300003A439446C0F804C0C6682200D2B25200B4
:104310001EFA02FE36EA0E068F682200D2B2520062
:1043200097403E43C6604A68D20040F18480DFF87F
:1043300014733A6852F480423A603A6812F4804248
:104340000092009ADFF800732200920857F822C00A
:104350005FF00F0E14F00302D2B292001EFA02FEBA
:104360003CEA0E0CDFF8E422904201D1002630E056
:10437000DFF8DC22904201D101262AE0DFF8D422C6
:10438000904201D1022624E0DFF8CC22904201D1F4
:1043900003261EE0B14A904201D1042619E0B04A3A
:1043A000904201D1052614E0AE4A904201D1062682
:1043B0000FE0AD4A904201D107260AE0AB4A904295
:1043C00001D1082605E0AA4A904201D1092600E061
:1043D0000A26F6B214F00302D2B29200964056EAD0
:1043E0000C0C2200920847F822C0A24E32689A4371
:1043F0004F68FF0300D51A4332609F4F3E689E43CB
:10440000D1F804C05FEA8C3C00D51E433E609B4A55
:1044100017689F43D1F804C05FEACC2C00D51F4336
:104420001760974A16689E43D1F804C05FEA8C2C47
:1044300000D51E431660641CF3E6BDE8F1812DE94A
:10444000F0430023002400250026102E80F0CF80AA
:10445000012717FA06F2130013EA010214009C4226
:1044600040F0C380DFF8E0E1320092085EF82220DD
:104470005FF00F0C16F003085FFA88F85FEA88080F
:104480001CFA08F818EA02021500704A904202D19C
:104490005FF0000837E06E4A904202D15FF00108F9
:1044A00031E06C4A904202D15FF002082BE06A4A88
:1044B000904202D15FF0030825E0684A904202D1A1
:1044C0005FF004081FE0664A904202D15FF00508E1
:1044D00019E0644A904202D15FF0060813E0624A94
:1044E000904202D15FF007080DE0604A904202D18D
:1044F0005FF0080807E05E4A904202D15FF00908C9
:1045000001E05FF00A085FFA88F816F00302D2B201
:10451000920018FA02F845452CD116F00302D2B2E7
:1045200092001CFA02F21500320092085EF8228016
:1045300038EA0508320092084EF82280DFF834E1AC
:10454000DEF80020A243CEF80020DFF82CE1DEF8F0
:104550000020A243CEF80020DFF820E1DEF80020A2
:10456000A243CEF80020DFF818E1DEF80020A243D5
:10457000CEF800205FF0030E0268B0465FFA88F8BC
:104580005FEA48081EFA08F832EA080202603200C0
:10459000D20800EB82083200D20800EB8202D2F887
:1045A000209016F00702D2B292001CFA02FC39EAFF
:1045B0000C0CC8F820C08268B4465FFA8CFC5FEA35
:1045C0004C0C1EFA0CFC32EA0C0282604268B740C6
:1045D00032EA07074760C7683200D2B252001EFABB
:1045E00002FE37EA0E0EC0F80CE0761C2DE7BDE89F
:1045F000F08302001369080080B2034201D0012059
:1046000000E00020C0B270471300DBB2002B03D0E3
:104610000B009BB2836103E00B009BB21B04836120
:10462000704743690A0092B213400A0092B2934263
:1046300004D10A0092B21204826102E00A0092B22E
:10464000826170474438024008380140000002404F
:104650000004024000080240000C0240001002402A
:104660000014024000180240001C024000200240DA
:1046700000240240003C0140043C0140083C014051
:104680000C3C014010B410F00702DFF868311C68E0
:104690004FF6FF010C4054EA0224DFF85C110C4392
:1046A0001C6010BC7047DFF84C010068C0F30220AA
:1046B0007047010049B200290AD4012210F01F01FD
:1046C0008A40DFF83831010049B2490943F8212016
:1046D0007047010049B200290DD4012210F01F01DA
:1046E0008A40474B010049B2490943F82120BFF3F2
:1046F0004F8FBFF36F8F704710B4020052B2002A81
:1047000005D40C013F4B020052B29C5408E00A0150
:104710003D4C03005BB213F00F03234403F8042C59
:1047200010BC704770B4030013F00704D4F1070005
:10473000052801D3042001E0D4F10700251D072D31
:1047400001D2002600E0E61E012515FA00F0401E09
:104750000140B14015FA06F6761E324011430800BA
:1047600070BC704710B50400601EB0F1807F01D3AB
:1047700001200EE0611E254801600F215FF0FF302F
:10478000FFF7BAFF0021224801600721214801609C
:10479000002010BD10B504002000FFF773FF10BD0E
:1047A0002DE9F04180460C0015000026FFF77BFF45
:1047B00007002A0021003800FFF7B4FF010040463F
:1047C00040B2FFF799FFBDE8F08110B5040020006A
:1047D00040B2FFF76EFF10BD10B50400200040B2DC
:1047E000FFF777FF10BD10B504002000FFF7BAFFF8
:1047F00010BD00000CED00E00000FA0500E100E053
:1048000080E100E000E400E018ED00E014E000E0EA
:1048100018E000E010E000E010B50400002C01D129
:1048200001205EE094F84100002805D1002084F8C2
:104830004000200000F048FC242084F8410020685B
:1048400001684908490020680160616831F07061C1
:10485000206801612068816831F40041206881602E
:10486000E068012805D1A16851F400412068816009
:1048700004E0A16851F4044120688160E0680228E6
:1048800003D14FF40060216848602068416841F01E
:10489000007151F40041206841602068C16831F422
:1048A00000412068C160216960690143A06951EA43
:1048B00000212068C160E169206A0143206801602D
:1048C0002068006850F001002168086000206064E2
:1048D000202084F8410000202063002084F842005A
:1048E000002010BD10B50400002C01D1012019E0FA
:1048F000242084F8410020680168490849002068A4
:104900000160200000F015FC00206064002084F8A5
:10491000410000202063002084F84200002084F839
:104920004000002010BD2DE9FE4F83468A46160048
:104930001F000C9C0D9DDDF838809BF8410020285D
:1049400040F0EA80002C03D0280080B2002805D176
:104950004FF40070CBF844000120DEE09BF84000EB
:10496000012801D10220D8E001208BF8400000F09E
:1049700045FE8146CDF80090192301224FF40041F5
:10498000584600F07BFA002801D00120C5E0212024
:104990008BF8410040208BF842000020CBF8440007
:1049A000CBF82440ABF82A500020CBF83400CDF8E7
:1049B0000490CDF800803B009BB2320092B2514689
:1049C00089B2584600F0B3F9002804D000208BF8D3
:1049D00040000120A1E0BBF82A00B0F5807F0FD392
:1049E000FF20ABF82800002000905FF08073BBF838
:1049F0002820D2B2514689B2584600F008FB0FE099
:104A0000BBF82A00ABF82800002000905FF000738C
:104A1000BBF82820D2B2514689B2584600F0F7FAC6
:104A20004A464146584600F058FA002801D0012075
:104A300073E0DBF824000178DBF800008162DBF82A
:104A40002400401CCBF82400BBF82A00401EABF821
:104A50002A00BBF82800401EABF82800BBF82A004B
:104A6000002834D0BBF82800002830D1CDF80090C1
:104A7000434600228021584600F000FA002801D069
:104A800001204AE0BBF82A00B0F5807F0FD3FF2059
:104A9000ABF82800002000905FF08073BBF828205E
:104AA000D2B2514689B2584600F0B1FA0FE0BBF8D5
:104AB0002A00ABF82800002000905FF00073BBF8DC
:104AC0002820D2B2514689B2584600F0A0FABBF86D
:104AD0002A000028A4D14A464146584600F029FA47
:104AE000002801D0012018E02021DBF80000C1617E
:104AF000DBF800004168DFF828020140DBF8000025
:104B0000416020208BF8410000208BF842000020FB
:104B10008BF84000002000E00220BDE8FE8F2DE968
:104B2000FE4F83468A4616001F000C9C0D9DDDF843
:104B300038809BF84100202840F0EF80002C03D003
:104B4000280080B2002805D14FF40070CBF8440053
:104B50000120E3E09BF84000012801D10220DDE0C4
:104B600001208BF8400000F049FD8146CDF800900F
:104B7000192301224FF40041584600F07FF9002824
:104B800001D00120CAE022208BF8410040208BF8A0
:104B900042000020CBF84400CBF82440ABF82A5068
:104BA0000020CBF83400CDF80490CDF800803B0015
:104BB0009BB2320092B2514689B2584600F002F9D7
:104BC000002804D000208BF840000120A6E0BBF8AC
:104BD0002A00B0F5807F10D3FF20ABF82800DFF863
:104BE000440100905FF08073BBF82820D2B2514698
:104BF00089B2584600F00BFA10E0BBF82A00ABF877
:104C00002800DFF8200100905FF00073BBF8282037
:104C1000D2B2514689B2584600F0F9F9CDF8009069
:104C2000434600220421584600F028F9002801D00C
:104C3000012073E0DBF80000416ADBF8240001701A
:104C4000DBF82400401CCBF82400BBF82800401EF1
:104C5000ABF82800BBF82A00401EABF82A00BBF8CE
:104C60002A00002834D0BBF82800002830D1CDF825
:104C70000090434600228021584600F0FFF80028AB
:104C800001D001204AE0BBF82A00B0F5807F0FD3A5
:104C9000FF20ABF82800002000905FF08073BBF885
:104CA0002820D2B2514689B2584600F0B0F90FE040
:104CB000BBF82A00ABF82800002000905FF00073DA
:104CC000BBF82820D2B2514689B2584600F09FF96D
:104CD000BBF82A000028A1D14A464146584600F0B8
:104CE00028F9002801D0012018E02021DBF800007D
:104CF000C161DBF800004168DFF824000140DBF807
:104D00000000416020208BF8410000208BF8420019
:104D100000208BF84000002000E00220BDE8FE8F5C
:104D200000E800FE0024008090F8410070472DE963
:104D3000F84304000D0016001F00DDF82080DDF8A8
:104D40002490DFF8F80200905FF080733A00D2B24E
:104D5000290089B2200000F05AF94A464146200055
:104D600000F0BBF8002801D0012028E0380080B214
:104D7000012804D13100C9B22068816212E03100FB
:104D800089B2090AC9B2206881624A4641462000B8
:104D900000F0A3F8002801D0012010E03100C9B2D2
:104DA00020688162CDF800904346002280212000D7
:104DB00000F064F8002801D0012000E00020BDE8E8
:104DC000F28300002DE9F84304000D0016001F00D7
:104DD000DDF82080DDF82490DFF8600200900023E9
:104DE0003A00D2B2290089B2200000F010F94A46F8
:104DF0004146200000F071F8002801D0012028E091
:104E0000380080B2012804D13100C9B22068816223
:104E100012E0310089B2090AC9B2206881624A46AB
:104E20004146200000F059F8002801D0012010E090
:104E30003100C9B220688162CDF80090434600225B
:104E40004021200000F01AF8002801D0012000E0E5
:104E50000020BDE8F283000001688969890702D556
:104E6000002201688A6201688969C90705D401685E
:104E70008A6952F0010201688A6170472DE9F041A8
:104E800005000E0090461C00069F2868806930408F
:104E9000B04201D1012100E000214046C0B2814270
:104EA00018D114F1010FF0D000F0A8FBC01B844210
:104EB00001D3002CE9D1686C50F0200068642020F8
:104EC00085F84100002085F84200002085F8400068
:104ED000012000E00020BDE8F08170B505000C0065
:104EE000160028688069800721D43200210028003C
:104EF00000F048F8002801D0012019E014F1010F5A
:104F0000EFD000F07BFB801B844201D3002CE8D162
:104F1000686C50F020006864202085F84100002073
:104F200085F84200002085F84000012000E00020C4
:104F300070BD70B505000C001600286880698006F9
:104F40001ED432002100280000F01CF8002801D0F7
:104F5000012016E000F052FB801B844201D3002C9C
:104F6000EBD1686C50F020006864202085F8410087
:104F7000002085F84200002085F84000012000E074
:104F8000002070BD70B505000C001600286880690F
:104F9000C0063AD528688069800618D414F1010F3C
:104FA000F8D000F02BFB801B844201D3002CF1D100
:104FB000686C50F020006864202085F841000020D3
:104FC00085F84200002085F8400001201EE01021F5
:104FD0002868C16120212868C1612800FFF73CFFD3
:104FE000286841681648014028684160686C50F0A4
:104FF00004006864202085F84100002085F8420004
:10500000002085F84000012000E0002070BD70B451
:10501000039C05686D680B4E56EA5456B5430E0066
:10502000B6B2B605B60D35431600F6B255EA0645DA
:105030001D4325430668756070BC704700200080E2
:1050400000E800FEFF63FF0370B5040000F0D6FA2D
:105050000500260016F1010F02D00448007836182A
:1050600000F0CCFA401BB042FAD370BD050400201A
:1050700081B0DFF82015086850F08050086008689B
:1050800010F0805000900098DFF80C15086850F47C
:1050900080400860086810F480400090009801B0DB
:1050A000704781B00268DFF8F4148A420AD1DFF851
:1050B000F024116851F480511160116811F480518D
:1050C0000091009901B0704710B586B0040014211A
:1050D000002201A800F098FA2168DFF8C804814294
:1050E00025D1DFF8BC14086850F08000086008681B
:1050F00010F08000009000984FF4C07001901220D2
:10510000029001200390032004900420059001A93F
:10511000DFF89404FFF77EF8DFF87814086850F49D
:1051200000000860086810F400000090009806B0C5
:1051300010BD10B504002168DFF8680481420BD16E
:10514000DFF85014086830F4000008604FF4C071B4
:10515000DFF85404FFF773F910BD2DE9F84F86B05E
:10516000040014210022684600F04EFA2168DFF89E
:105170003C04814240F09A80DFF81C14086850F427
:1051800000600860086810F4006005900598DFF87A
:105190001004016851F004010160016811F004017C
:1051A00005910599016851F008010160006810F04F
:1051B0000800059005984FF4F850009002200190E7
:1051C00000200290032003900C2004906946DFF831
:1051D000E003FFF71FF80420009002200190002058
:1051E0000290032003900C2004906946DFF8C4036A
:1051F000FFF710F8DFF8C053DFF8C00328605FF056
:10520000006BC5F804B00020A8600020E8604FF4EF
:1052100080662E614FF480576F614FF48048C5F867
:1052200018802020E86100202862042068620320A2
:10523000A8625FF40009C5F82C905FF4001AC5F865
:1052400030A0280000F014FA002801D001F0D6FAAE
:10525000E563AC63DFF86853DFF868032860C5F8DE
:1052600004B04020A8600020E8602E616F61C5F89E
:1052700018802020E8610020286204206862032052
:10528000A862C5F82C90C5F830A0280000F0F0F90D
:10529000002801D001F0B2FA2564AC63002200219D
:1052A0003120FFF77DFA3120FFF78FFA07B0BDE814
:1052B000F08F1CB504002068B0F1804F0AD1B549C9
:1052C000086850F001000860086810F001000090C4
:1052D000009825E02168DFF8F00281420AD1AD494B
:1052E000086850F002000860086810F002000090A2
:1052F000009815E02168B548814211D1A549086898
:1053000050F004000860086810F004000090009855
:10531000002200211E20FFF743FA1E20FFF755FA56
:1053200013BD10B586B004001421002201A800F0BE
:105330006BF92168A448814217D19949086850F057
:1053400004000860086810F00400009000988020B5
:10535000019002200290002003900020049002207F
:10536000059001A99248FEF755FF06B010BD10B593
:1053700086B004001421002201A800F045F921683C
:105380009348814221D18449086850F01000086098
:10539000086810F01000009000988149086850F0EB
:1053A00002000860086810F0020000900098C02019
:1053B0000190022002900020039003200490072017
:1053C000059001A98348FEF725FF06B010BD70B512
:1053D00086B004002168804881424BD17F4D286807
:1053E000002811D16C48016851F400010160006887
:1053F00010F4000005900598002200215B20FFF7C3
:10540000CFF95B20FFF7E1F92868401C2860F02005
:1054100000900220019000200290002003900A20BA
:10542000049069466E48FEF7F5FE6E4D6E482860A2
:105430005FF0C06068604020A8600020E8604FF422
:10544000806028614FF4006068614FF40050A861EB
:105450004FF48070E8610020286200206862280014
:1054600000F006F9002801D001F0C8F92567AC6307
:10547000E566AC6320685D49884249D1574D28688C
:10548000002811D14449086850F4000008600868F9
:1054900010F4000005900598002200215B20FFF722
:1054A0007FF95B20FFF791F92868401C28604FF4D2
:1054B000806500950220019000200290002003905A
:1054C0000A20049069464A48FEF7A4FE494E4A481D
:1054D0003060002070600020B0600020F060356116
:1054E0004FF4006070614FF40050B0614FF4807071
:1054F000F0610020306200207062300000F0B8F8E7
:10550000002801D001F07AF92667B463E666B46337
:1055100006B070BD10B5040021682F48814218D133
:105520002E490868401E08600868002807D11A49FB
:10553000086830F4000008605B20FFF74DF9F021A7
:105540002748FEF77CFF206F00F004F9E06E00F0C2
:1055500001F921682548814219D120490868401E77
:1055600008600868002807D10B49086830F400007B
:1055700008605B20FFF730F94FF480611C48FEF7AC
:105580005EFF206F00F0E6F8E06E00F0E3F810BD7B
:105590000000000040380240443802400030024021
:1055A00030380240005C0040001C0240002C0140EA
:1055B00000080240000C0240489800205864024055
:1055C000A8980020A06402400004004000080040A9
:1055D0000010014000040240045C0140FC9E0020D9
:1055E000002002408897002070640240245C014043
:1055F00000180240E8970020B864024001480068A3
:10560000704700BFF89E002062F30F2262F31F4232
:10561000401810F0030308D0C91A1FD3DB0748BF96
:1056200000F8012D28BF20F8022D130030B41446D5
:105630001546103928BF20E93C00FAD8490728BF91
:1056400020E90C0048BF40F8042D890028BF20F84D
:10565000022D48BF00F8012D30BC7047C91818BF93
:1056600000F8012DCB0728BF00F8012D704700007E
:1056700070B504000026FFF7C1FF0500002C01D122
:10568000012066E0606A0028002084F834000220CF
:1056900084F83500206801684908490020680160E5
:1056A00020680068C0070BD5FFF7A8FF401B06283D
:1056B000F6D320206065032084F83500032048E0FD
:1056C00020680168DFF8EC04014060680143A068CD
:1056D0000143E06801432069014360690143A06917
:1056E0000143E0690143206A0143606A042804D150
:1056F000E06A01430800216B0143206801602068D3
:105700004669F608F600606A0643606A042810D10C
:10571000A06A0643E06A00280BD0200000F050FA8F
:10572000002806D040206065012084F83500012063
:105730000FE020684661200000F023FA01003F22BC
:10574000E06D82408A6000206065012084F83500A9
:10575000002070BD10B50400002C01D101203AE0FA
:1057600094F83500022801D1022034E02068016855
:10577000490849002068016000212068016000217B
:105780002068416000212068816000212068C1609C
:10579000002120680161212021684861200000F07B
:1057A000F0F901003F22E06D82408A600020E06352
:1057B00000202064002060640020A0640020E064D9
:1057C0000020206500206065002084F8350000205E
:1057D00084F83400002010BD2DE9F84381460C0008
:1057E00015001E000027D9F8588099F834000128C8
:1057F00001D1022044E0012089F8340099F83500F5
:10580000012836D1022089F835000020C9F854005B
:1058100033002A002100484600F09CF93F21D9F8C6
:105820005C008140C8F80810D9F80000016851F008
:105830001601D9F800000160D9F80000416951F063
:105840008001D9F800004161D9F84000002807D054
:10585000D9F80000016851F00801D9F80000016092
:10586000D9F80000016851F00101D9F80000016089
:1058700004E0002089F83400022007003800C0B29C
:10588000BDE8F28370B50400A56DFFF7B7FE060012
:1058900094F83500022806D080206065002084F846
:1058A000340001203BE02068016831F016012068D7
:1058B00001602068416931F0800120684161206CFD
:1058C000002802D1A06C002805D02068016831F0C2
:1058D00008012068016020680168490849002068C3
:1058E000016020680068C0070ED5FFF787FE801BA7
:1058F0000628F6D320206065002084F834000320B9
:1059000084F8350003200AE03F21E06D8140A96062
:10591000002084F83400012084F83500002070BD98
:10592000010091F83500022803D08020486501204D
:1059300009E0052081F83500086802685208520025
:105940000868026000207047F8B50700002000904A
:10595000DFF8640201684FF41650B1FBF0F4BD6D3E
:105960002E680821F86D11FA00F0064210D0386850
:10597000006840070CD53868006830F004003A68C9
:105980001060F86D8140A960786D50F00100786575
:10599000F96D3000C840C0070BD538684069000673
:1059A00007D50121F86D8140A960786D50F00200A3
:1059B00078650421F86D11FA00F006420AD03868C3
:1059C0000068800706D5F86D8140A960786D50F0B9
:1059D000040078651021F86D11FA00F006422CD011
:1059E00038680068000728D5F86D8140A9603868DC
:1059F0000068400311D538680068000306D4386C8D
:105A000000281AD03800396C884716E0B86C002896
:105A100013D03800B96C88470FE038680068C005BB
:105A200005D43868006830F0080039680860386CC0
:105A3000002802D03800396C88472021F86D11FA0F
:105A400000F006425FD038680068C0065BD5F86D8C
:105A50008140A96097F83500052828D1386800688A
:105A600030F01600396808603868406930F080000E
:105A700039684861386C002802D1B86C002805D01C
:105A80003868016831F00801386801603F21F86D1D
:105A90008140A960002087F83400012087F8350094
:105AA000386D002802D03800396D88474FE03868DB
:105AB0000068400311D538680068000306D4786C8C
:105AC000002820D03800796C88471CE0F86B00284B
:105AD00019D03800F96B884715E038680068C005B0
:105AE0000BD43868016831F010013868016000207B
:105AF00087F83400012087F83500F86B002802D0C1
:105B00003800F96B8847786D002820D0786DC00781
:105B100017D5052087F8350038680168490849001D
:105B2000386801600098401C0090844203D33868B4
:105B30000068C007F6D4002087F83400012087F8F9
:105B40003500F86C002802D03800F96C8847F1BDA8
:105B5000406D704730B40468256835F480250468CA
:105B60002560046863608468402C04D10468A260E6
:105B70000468E16003E00468A1600468E26030BC8E
:105B80007047027802F0FF02103A1821B2FBF1F1DF
:105B90000A4A525CC265042905D30268920A92023D
:105BA000121D826503E00268920A92028265806D8E
:105BB000704700003F8010F0480000202076020867
:105BC00010B402000020936A9169002916D1002BBD
:105BD00005D0022B03D008D3032B0DD00DE0D16AE2
:105BE000C90101D50121080035E0D16AB1F1C07FBA
:105BF00001D1012108002EE02DE02CE09169B1F5E2
:105C0000005F18D1002B05D0022B03D005D3032B46
:105C100009D00FE0012108001DE0D16AC90101D5BA
:105C20000121080017E0D16AB1F1C07F01D1012143
:105C3000080010E00FE01C00002C022C02D9E41E2A
:105C400003D008E00121080005E0D16AC90101D5AF
:105C500001210800FFE7C0B210BC704718B585B03D
:105C6000DFF8F04A4FF47A7002900120019003A807
:105C700000900123022270212000FEF750FF9DF8C2
:105C80000C00002821D09DF80C0006281DDA4FF4E6
:105C90007A7002900420019003A80090012303224F
:105CA00070212000FEF73BFF03A89DF80C204178EF
:105CB00051EA02210905090D8278C07850EA0220D4
:105CC0000005000D00F09CFD05E05FF0FF315FF086
:105CD000FF3000F095FD06B010BD70B50400DFF890
:105CE000785A0421280000F020FEDFF8706ADFF8FF
:105CF000700ADFF8701A3278825C31F812302A6844
:105D0000D3623278825C31F81220EA603278805CAB
:105D100031F81010022091FBF0F128688163002116
:105D2000B1F57A7F06DA0020642801DA401CFBE72F
:105D3000491CF5E70421280000F0C7FD3278521C09
:105D4000302092FBF0F100FB1122327070BDDFF8C1
:105D5000181A02680A600123112B05DA50F8232073
:105D600041F823205B1CF7E7704738B50500022097
:105D700001F060FA4FF48051DFF8F00901F038FAD1
:105D80001E2001F007FB022001F054FA0024112C20
:105D90001EDA55F8240000280CD04FF48051DFF8AB
:105DA000D00901F025FA1E2001F0F4FA022001F0DA
:105DB00041FA0BE04FF48051DFF8B80901F018FA0E
:105DC0001E2001F0E7FA022001F034FA641CDEE73D
:105DD00031BD00002DE9F84F2DED048B01F0F2FAF2
:105DE00000F09EF900F011FC00F023FA00F038FA00
:105DF00000F0DFFB00F063FA00F0D3FA00F0E3FA02
:105E000000F0B9FB00F01CFB00F078FBFBF70EFE86
:105E1000DFF864490022BDA1DFF86009FBF74AFA08
:105E200020702078002817D1DFF854591122DFF8AC
:105E300054192800FBF77EFA20702078002807D13B
:105E400000233022DFF818192800FBF7B7FB207079
:105E50002800FBF714FD20700020302806DADFF858
:105E600000190A5C303A0A54401CF6E7DFF81809BA
:105E700000F0F6FC0421DFF8E00800F026FD002722
:105E8000B7F5006F80F225819FEDA18B9FEDA29B5E
:105E9000DFF8F848DFF8D45835F9270001F09EFA0A
:105EA00082468B46206801F0ABFA53EC192B01F0C7
:105EB000CBFA0022DFF8D83801F09CFB80468946F7
:105EC000380001F08BFA42464B4601F0BDFA41EC36
:105ED000100B01F0B6FC51EC100B53EC182B01F039
:105EE000B3FA52465B4601F0B3FC01F0D9FD25F848
:105EF000270005EB8700B0F9020001F06FFA824637
:105F00008B46206801F07CFA53EC192B01F09CFAC7
:105F10000022DFF87C3801F06DFB804689463800AE
:105F200001F05CFA42464B4601F08EFA41EC100B50
:105F300001F087FC51EC100B53EC182B01F084FAA4
:105F400052465B4601F084FC01F0AAFD05EB870197
:105F50004880DFF8205835F9270001F03FFA8246E3
:105F60008B46606801F04CFA53EC192B01F06CFA87
:105F70000022DFF81C3801F03DFB804689463800DE
:105F800001F02CFA42464B4601F05EFA41EC100B50
:105F900001F057FC51EC100B53EC182B01F054FAA4
:105FA00052465B4601F054FC01F07AFD25F82700CB
:105FB00005EB8700B0F9020001F010FA82468B462B
:105FC000606801F01DFA53EC192B01F03DFA002234
:105FD000DFF8BC3701F00EFB80468946380001F03F
:105FE000FDF942464B4601F02FFA41EC100B01F04F
:105FF00028FC51EC100B53EC182B01F025FA5246FB
:106000005B4601F025FC01F04BFD05EB8701488064
:10601000DFF85C6736F9270001F0E0F982468B462D
:10602000E06801F0EDF953EC192B01F00DFA0022B4
:10603000DFF85C3701F0DEFA80468946380001F06F
:10604000CDF942464B4601F0FFF941EC100B01F04F
:10605000F8FB51EC100B53EC182B01F0F5F95246FC
:106060005B4601F0F5FB01F01BFD26F8270006EB6F
:106070008700B0F9020001F0B1F980468946E06876
:1060800001F0BEF953EC192B01F0DEF90022DFF824
:10609000003701F0AFFA04000D00380001F09EF95E
:1060A00022002B0001F0D0F941EC100B01F0C9FBEC
:1060B00051EC100B53EC182B01F0C6F942464B463D
:1060C00001F0C6FB01F0ECFC06EB870148807F1C69
:1060D000D6E6DFF8C0266421032001F03DF80A204F
:1060E00001F0C0F8DFF8B006FFF731FEDFF8780600
:1060F000FFF73BFE0121DFF8A406017001F020FE4E
:1061000001F026FE01F028FEFEE70000000000007E
:10611000000000000000D04044174154FB2119400A
:1061200030B5B3B03021002227AC2000FFF76CFA65
:106130001421002201AC2000FFF766FA842100221E
:1061400006AC2000FFF760FADFF85416086850F03C
:1061500080500860086810F0805000900098DFF8C8
:106160004416086850F440400860086810F4404045
:1061700000900098012027905FF480352895022038
:106180002D905FF480042E9419202F904FF4D87036
:106190003090022031900920329027A801F038FE7B
:1061A000002801D000F02AFB02F038F9002801D0C5
:1061B00000F024FB0F2001900220029000200390A9
:1061C0004FF4A05004904FF480500590072101A88F
:1061D00002F006F8002801D000F010FBDFF8C80537
:1061E00006904FF4AC70079002200A9002200890AD
:1061F00007200990C8200B9005200D9002200C90DC
:1062000000200E9001200F900120109011951694FF
:10621000002017900020219000202590002026903B
:1062200006A802F037F9002801D000F0E7FA33B0F1
:1062300030BD80B5DFF87405DFF87415016000210A
:106240000171002141710021416100218161012121
:10625000016202F0C5FD002801D000F0CFFA01BDB7
:1062600010B5DFF8F044DFF84C052060DFF8480592
:1062700060600020A0600120E0600020206100201C
:1062800060610020A0610020E06100202062200009
:10629000FEF7C2FA002801D000F0B0FA0021200079
:1062A00002F0E6FD002801D000F0A8FA002120004D
:1062B00002F010FE002801D000F0A0FA10BD38B5A1
:1062C000DFF8F804DFF8F814016000210163002111
:1062D000416080214163002181630121C16300216C
:1062E00081604FF400510161002141610121816110
:1062F0004BF68031C1610021C16000214162002163
:1063000081620021C16240210164202141645FF467
:10631000803484640021C16400210165002141654D
:10632000002181650421C1654FF6FF75056602F005
:1063300003FE002801D000F061FADFF88804DFF8DE
:1063400088140160002101630321416080214163C1
:10635000002181630021C16301218160002101616D
:10636000012181610021C16000214162002181621F
:106370000021C16240210164202141648464002124
:10638000C16400210165002141650021816504216E
:10639000C165056602F0D0FD002801D000F02EFA9C
:1063A00031BDDFF82804DFF82814016000214160C6
:1063B000002181600021C160002101610021416153
:1063C00000218161704718B587B01021002203AC0D
:1063D0002000FFF719F90C2100226C462000FFF77E
:1063E00013F9DFF8F0435FF0804020606B206060BD
:1063F0000020A0600020E060002020610020A0615B
:10640000200000F011FA002801D000F0F7F94FF455
:106410008050039003A9200000F04BFC002801D01D
:1064200000F0ECF900200090002002906946200066
:1064300003F06AF9002801D000F0E0F908B010BDBF
:1064400010B58EB0102100220AAC2000FFF7DCF856
:106450000C2100226C462000FFF7D6F81C210022F8
:1064600003AC2000FFF7D0F8BB4CDB4820606B206A
:1064700060601020A06040F2CF70E06000202061DA
:106480000020A061200000F0CFF9002801D000F02A
:10649000B5F94FF480500A900AA9200000F009FCD9
:1064A000002801D000F0AAF9200000F0F2F900283D
:1064B00001D000F0A3F9002000900020029069466E
:1064C000200003F021F9002801D000F097F96020A6
:1064D00003904FF47A7004900020059000200790FC
:1064E000042203A9200000F031FB002801D000F0B5
:1064F00085F92000FEF715FF0EB010BD18B587B066
:106500001021002203AC2000FFF77EF80C210022AE
:106510006C462000FFF778F89B4CB048206042F6AC
:106520002F2060600020A06040F6C310E0600020D3
:1065300020610020A061200000F076F9002801D041
:1065400000F05CF94FF48050039003A9200000F0A4
:10655000B0FB002801D000F051F90020009000208D
:1065600002906946200003F0CFF8002801D000F027
:1065700045F908B010BD80B599489A4901605FF4AB
:10658000E1314160002181600021C1600021016191
:106590000C214161002181610021C1610021016262
:1065A0000021416203F0EAF8002801D000F026F94A
:1065B00001BD80B58C49086850F480000860086807
:1065C00010F4800000900098002200213B20FEF78C
:1065D000E7F83B20FEF7F9F8002200213C20FEF707
:1065E000DFF83C20FEF7F1F8002200214520FEF7FD
:1065F000D7F84520FEF7E9F8002200214620FEF7F3
:10660000CFF84620FEF7E1F801BDF8B586B01421B9
:1066100000226C462000FEF7F7FF7348016851F036
:1066200002010160016811F00201059105990168FC
:1066300051F004010160016811F004010591059910
:10664000016851F001010160016811F0010105913B
:106650000599016851F040010160016811F04001A5
:1066600005910599016851F480710160016811F488
:10667000807105910599016851F48061016001689C
:1066800011F4806105910599016851F40071016070
:10669000016811F4007105910599016851F0080134
:1066A0000160016811F0080105910599016851F038
:1066B00080010160006810F08000059005984B4F44
:1066C00000224FF400513800FDF79EFF484D012293
:1066D00008212800FDF798FF464C002202212000E7
:1066E000FDF792FF01224FF480512000FDF78CFF4F
:1066F0004FF40056009601200190002002900020E7
:10670000039069463800FDF785FD00960020019052
:106710000020029069463848FDF77CFD0820009073
:10672000012001900020029000200390694628007B
:10673000FDF770FD41F20200009001200190002061
:1067400002900020039069462000FDF763FD07B02A
:10675000F0BD0000209A0020CC9B0020899F0020E3
:10676000809C002020000020489B0020082C002056
:10677000086C0020084C0020889F0020088C002016
:10678000388E00209C7502080C9C002030000020F0
:106790000000584000770100049B00208A9F0020E1
:1067A00040380240007000404800B100089D0020C1
:1067B00000300240005C00400D0300607494002033
:1067C000045C0140F8940020245C01407C9500208A
:1067D000002C01408C9B0020000400400008004079
:1067E0000897002000100140303802400018024095
:1067F00000280240002002400008024070470000CC
:10680000002809DB002907DB064B012283E803008F
:1068100004481A7203F0C0BA0022024B01481A72EF
:1068200003F0BABA649E002010B50400002C01D118
:10683000012014E094F83D00002805D1002084F8E0
:106840003C002000FEF735FD022084F83D00211DAC
:10685000206800F0A5FA012084F83D00002010BD5A
:1068600001000868C26852F001020868C260086846
:106870008068DFF838210240062A08D0B2F5803F50
:1068800005D00868036853F001030868036000201E
:10689000704710B50400002C01D1012014E094F8D9
:1068A0003D00002805D1002084F83C00200003F0C2
:1068B0009DFA022084F83D00211D206800F070FA46
:1068C000012084F83D00002010BD38B504000D0003
:1068D00001222900206800F02DFC2168DFF8D0009B
:1068E000814204D02168DFF8CC00814201D101202F
:1068F00000E00020C0B2002805D02068416C51F4AF
:1069000000412068416420688068DFF8A0100140E1
:10691000062908D0B1F5803F05D02068026852F002
:10692000010220680260002032BD38B504000D006D
:1069300000222900206800F0FDFB2168DFF87000CC
:10694000814204D02168DFF86C00814201D101202E
:1069500000E00020C0B2002811D02068016A41F296
:10696000111001420BD12068016A40F244400142FB
:1069700005D12068416C31F40041206841642068F1
:10698000016A41F2111001420BD12068016A40F204
:106990004440014205D12068016849084900206847
:1069A0000160012084F83D00002032BD0700010095
:1069B000000001400004014010B504002068006997
:1069C00080071AD52068C068800716D57FF00201BD
:1069D00020680161012020772068806910F0030F92
:1069E00003D0200003F003FA05E0200003F000FAD2
:1069F000200003F0FEF9002020772068006940079E
:106A00001AD52068C068400716D57FF004012068B9
:106A10000161022020772068806910F4407F03D054
:106A2000200003F0E4F905E0200003F0E1F9200084
:106A300003F0DFF9002020772068006900071AD5ED
:106A40002068C068000716D57FF00800216808613B
:106A5000042020772068C06910F0030F03D02000C5
:106A600003F0C5F905E0200003F0C2F9200003F0AF
:106A7000C0F90020207720680069C0061AD5206878
:106A8000C068C00616D57FF0100021680861082094
:106A900020772068C06910F4407F03D0200003F005
:106AA000A6F905E0200003F0A3F9200003F0A1F906
:106AB0000020207720680069C0070AD52068C068D8
:106AC000C00706D57FF00101206801612000FFF7B3
:106AD00004F92068006900060AD52068C06800062D
:106AE00006D57FF0800120680161200003F082F963
:106AF00020680069C0050AD52068C068000606D570
:106B00007FF4807120680161200003F074F920682F
:106B1000006940060AD52068C068400606D57FF0A7
:106B2000400120680161200003F066F920680069D7
:106B300080060AD52068C068800606D57FF020014F
:106B400020680161200003F058F910BD70B5040001
:106B50000D00160094F83C00012801D10220A7E0A6
:106B6000012084F83C00022084F83D003000002819
:106B70000AD004281FD0082835D00C284AD0102865
:106B800060D0142875D08CE02900206800F06DF9E1
:106B90002068816951F0080120688161206880695E
:106BA00030F0040021688861206881692869014308
:106BB0002068816175E02900206800F08DF9206867
:106BC000816951F40061206881612068816931F434
:106BD00080612068816120688069296950EA01200C
:106BE000216888615DE02900206800F0ACF9206828
:106BF000C16951F008012068C1612068C16931F0A4
:106C000004012068C1612068C169286901432068C6
:106C1000C16146E02900206800F0CBF92068C16915
:106C200051F400612068C1612068C16931F480615C
:106C30002068C1612068C069296950EA0120216883
:106C4000C8612EE02900206800F0D9F92068416D64
:106C500051F00801206841652068416D31F0040160
:106C6000206841652068416D2869014320684165BD
:106C700017E02900206800F0E5F92068416D51F423
:106C80000061206841652068416D31F480612068B1
:106C900041652068406D296950EA012021684865F6
:106CA000FFE7012084F83D00002084F83C0000202C
:106CB00070BD70B504000D0094F83C00012801D1AE
:106CC00002206CE0012084F83C00022084F83D00A2
:106CD00020688668DFF8B403064036F47F462068F3
:106CE0008660286800284ED010284CD020284AD032
:106CF000302848D040283CD0502826D060282ED0BC
:106D0000702807D0B0F5805F03D0B0F5005F0FD0DA
:106D10003EE03DE0EB686A68A968206800F0FFF992
:106D20002068806850F077000600206886602FE0B9
:106D3000EB686A68A968206800F0F1F9206881684A
:106D400051F480412068816022E0EA686968206827
:106D500000F0B8F95021206800F0D9F918E0EA688D
:106D60006968206800F0C0F96021206800F0CFF960
:106D70000EE0EA686968206800F0A4F94021206804
:106D800000F0C5F904E02968206800F0C0F9FFE7C9
:106D9000012084F83D00002084F83C00002070BDF4
:106DA00010B40468DFF8E832984212D0B0F1804F96
:106DB0000FD0DFF8E02290420BD0DFF8DC229042C7
:106DC00007D0DFF8D822904203D0DFF8D4229042D7
:106DD00004D134F0700422004C68144398422AD045
:106DE000B0F1804F27D0DFF8AC22904223D0DFF8FB
:106DF000A82290421FD0DFF8A42290421BD0DFF8D7
:106E0000A022904217D0DFF89C22904213D0DFF8E6
:106E1000982290420FD0DFF8942290420BD0DFF8F6
:106E20009022904207D0DFF88C22904203D0DFF806
:106E30008822904204D134F440742200CC68144378
:106E400034F080044A69144304608A68C2620A68A4
:106E50008262984203D0DFF84822904201D10A6949
:106E600002630122426110BC704770B4026A52088A
:106E700052000262056A43688469DFF840221440C8
:106E8000A408A4000A68144335F002058A68154373
:106E9000DFF8FC61B04203D0DFF80422904205D154
:106EA00035F00805CA68154335F00405B04203D033
:106EB000DFF8EC21904208D133F4807333F400738F
:106EC0004A6913431A008B691343436084614A681B
:106ED0004263056270BC704770B4026A32F01002FF
:106EE0000262056A43688469754A144034F4407448
:106EF0000A6854EA022435F020058A6855EA02152A
:106F0000634A904202D0664EB04206D135F0800509
:106F1000CE6855EA061535F04005904202D0604A29
:106F2000904209D133F4806333F400634A6953EA31
:106F300082038A6953EA8203436084614A688263F8
:106F4000056270BC704770B4026A32F480720262EB
:106F5000056A4368C469594A1440A408A4000A6831
:106F6000144335F400758A6855EA0225484A904270
:106F700002D04B4EB04206D135F40065CE6855EADA
:106F8000062535F48065904202D0454A904209D1E9
:106F900033F4805333F400534A6953EA02138A6985
:106FA00053EA02134360C4614A68C263056270BC5D
:106FB000704730B4026A32F480520262056A436854
:106FC000C4693F4A144034F440740A6854EA022405
:106FD00035F400558A6855EA02352D4A904202D0B0
:106FE0002F4A904204D133F480434A6953EA821312
:106FF0004360C4614A680264056230BC704730B4C3
:10700000026A32F480320262056A4368446D2B4A98
:1070100014400A68144335F400358A6855EA02457D
:107020001B4A904202D01E4A904204D133F480336E
:107030004A6953EA0223436044654A6882650562EF
:1070400030BC704730B4026A32F480120262056AC2
:107050004368446D1A4A14400A6854EA022435F41D
:1070600000158A6855EA0255094A904202D00C4A36
:10707000904204D133F480234A6953EA8223436067
:1070800044654A68C265056230BC704788FFFEFFF0
:10709000000001400004004000080040000C0040D7
:1070A000000401400040014000440140004801400C
:1070B00000180040001C0040002000408FFFFEFF31
:1070C000FF8FFFFE10B4036A046A64086400046260
:1070D000846934F0F00454EA021433F00A030B43D9
:1070E0008461036210BC704710B4036A33F010036C
:1070F00003628469036A34F4704454EA023433F05E
:10710000A00353EA01138461036210BC70478268D4
:1071100032F070020A4352F007028260704710B4E6
:10712000846834F47F440C43144354EA0324846099
:1071300010BC704730B4012411F01F039C40036A57
:10714000A3430362056A11F01F0312FA03F31D4300
:10715000056230BC704700002DE9F04704000D00C7
:10716000160001275FF0000800F0FBF8DFF810922E
:1071700000223100484602F041FEDFF80802C9F85B
:107180000000484602F0FEF9002803D100214846DD
:1071900002F06CFE300000F0A5F8DFF8ECA134201E
:1071A000DAF808108847814648F6941081450AD1DC
:1071B0003420DAF82C108847DFF8D001C0F800A09E
:1071C0005FF0000801E05FF001084046C0B200280F
:1071D0000AD133002A00D2B2210089B23420DFF86C
:1071E000AC713F683F68B8474046C0B2BDE8F08721
:1071F00038B504000D002A0092B221003420DFF8D7
:107200008C311B68DB689847002801D0012010E012
:1072100028004008B0F5803F02D22A00520801E061
:107220004FF6FF7292B22100DFF8540102F072F8BB
:10723000002032BD10B50400DFF8440101F0B7FFB3
:1072400021003420DFF84421126892699047002819
:1072500001D0012005E0012C02D10120FDF7F4FE50
:10726000002010BD38B50400DFF81451286801680B
:1072700031F48031286801602C66280001F05CFE42
:107280002868006850F480302968086031BD10B566
:10729000040002F09BFE10BD10B5040002F097FE42
:1072A00010BD70B50400DFF8D80002F06BF90500DE
:1072B000DFF8DC0002F066F906002800C0B2022800
:1072C00003D02800C0B2122801D102F081FE3000A4
:1072D000C0B2022803D03000C0B2222801D102F08F
:1072E00078FE70BD38B50400DFF89450DFF89400E4
:1072F00028602868016831F4803128680160EC61F9
:107300000020686000206861002028638020686396
:107310000020A8630120E8630020A8604FF400501B
:1073200028610120A86140202864202068645FF45F
:107330008030A8640020E8645FF480202865002085
:1073400068650020A8650420E8650F2028662800ED
:1073500001F0F2FD2868006850F480302968086068
:1073600031BD80B5DFF81800DFF818100160016842
:107370000A6832F4803201680A6001F0F1FE01BD52
:1073800000960020045C01404C000020F49E002088
:107390008496002070B50546094E02F01BFE054498
:1073A00007E002F027FE3068A042A8BF204602F0A6
:1073B00014FE02F00FFE2C1A002CF2DC70BD00BF90
:1073C0007C00002080B50320FDF7E4F9002002F0E6
:1073D0003FFEFDF74DFE002002BD000010F0004111
:1073E00060B148BF4042B0FA80F29040D21CC2F572
:1073F000846241EA025202EBD0214005704700004E
:10740000C0F3C75181B1FF2906D0C110400721F058
:10741000E04101F16051704741020CBF40F4E001CE
:107420006FF000410020704700F0004100020AD0D8
:10743000B0FA80FC00FA0CF001F16051A1EB0C51A4
:1074400001EBD0214005704730B540F2FF7C1CEACB
:1074500011541DBF1CEA1355644565453FE064198E
:1074600081EA030C6FF35F530CF0004C43F480137C
:10747000C90241F0004141EA505EC5021100A5FB7E
:10748000020200284FF00000EEFB01204FF0000147
:10749000E3FB052118BF42F00102401800214941D9
:1074A000E3FB0E01A4F580640D0302D29218404163
:1074B000494154F1010470DD450872F1004250F178
:1074C000000051EB0451A1F5801102D441EA0C01F6
:1074D00030BD40F2FF7E4CEA0E51002030BD0CEA78
:1074E0001355644518BF654581EA030C0CF0004C48
:1074F00041D050EA410E1CBF52EA430E02E0614601
:10750000002030BD24422C441BD15FEA050EF6D08A
:10751000090302BF01460020AEF1140EB1FA81F555
:10752000AEEB050401FA05FE0C35C5F1200100FAA9
:1075300005F5C8404EEA000E6FF35F5343F4801325
:107540009CE733F00043B3FA83F504BFB2FA82FE3E
:1075500075440B3D641BB5F1200E2FBF02FA0EF3EC
:10756000AB40C5F1200E22FA0EFE38BF43EA0E03EF
:10757000AA40641C7CE750EA410E14BF52EA430E55
:107580006FF000014FF4001515EB430F8EBF194645
:1075900015EB410F9DE7B4D830BDD4F10104B4F12F
:1075A00020050FDAC4F12005520828BF42F001027D
:1075B00010FA05FE01FA05F57244E2BFE0402843E7
:1075C000E1400FE0352C9ADCC5F1200452EA40027C
:1075D00020FA05F218BF42F0010231FA05F0A1408D
:1075E0000A43002172F1004250F1000051EB0C01FE
:1075F00030BD0000F0B540F2FF7581EA030C0CF0DD
:10760000004C15EA11541DBF15EA1357AC42AF42A6
:10761000E5E0BC41C1F31301C3F31303801A9941A0
:1076200043F4801304D2641E001849418018594164
:10763000C90241EA5051B1FBF3F603FB1611A2FB5C
:107640000675D7EBC020A94102D2761E8018594199
:10765000C90241EA5051B1FBF3FE03FB1E11A2FB2C
:107660000E75D7EBC020A94103D2AEF1010E8018F0
:107670005941890241EA9051760546EA8E2EB1FBC6
:10768000F3F603FB1611A2FB0675D7EB8020A94188
:1076900002D2761E80185941C90241EA50514EEA81
:1076A000060EB1FBF3F603FB1611A2FB0675D7EB32
:1076B000C020A94102D2761E80185941C90241EA70
:1076C0005051B1FBF3F703FB1711A2FB0735D3EBC6
:1076D000C020A94167F100070CBF004247F0010735
:1076E00066F3D5274FEA1E31B80814F5806412DD21
:1076F000BD0775F1004250EB0E5051EB045111F5EE
:10770000801F5CBF41EA0C01F0BD4CF07F6141F08D
:10771000E0410020F0BDBD076D0840EA0E5041F485
:107720008011D4F10104B4F120060ADAC4F1200674
:107730000200E04001FA06F3E1401843B24015436D
:107740000EE0342C13DCC6F1200445EA40056D0838
:1077500020FA06F2154321FA06F0A1400D4300215C
:1077600075F1004250F1000051EB0C01F0BD00201A
:107770005FEA0C01F0BDCFB992185B41B3FA83F711
:1077800004BFB2FA82F6BF190B3FB7F120062FBF34
:1077900002FA06F3BB40C7F1200622FA06F638BF0C
:1077A0003343BA401CB1E419641E33E77F4231F021
:1077B0000041B1FA81F404BFB0FA80F6A4190B3C81
:1077C000B4F120062FBF00FA06F1A140C4F1200653
:1077D00020FA06F638BF3143A0403C1B1AE7AC4202
:1077E0001ABF05EA1357AF4212E050EA41061CBF28
:1077F00052EA4306BFE750EA4107304661461CBFE4
:1078000041EA0551F0BD52EA430C08BFC143F0BD47
:1078100000204FF4001616EB410F98BF16EB430FF4
:1078200008BF16EB410F24BFC14305E016EB430F21
:107830000CBF61464CEA0551F0BD000041EC100B55
:1078400001BD80B551EC100B02F02EFEF6E70000F2
:1078500070B491EA030F4FF0004540F1B7806B40E0
:10786000841A71EB030604D26E40001BB141121959
:1078700073414FF4001C1CEB410F34BF7CEB4306FB
:1078800083E00C0DA4EB1356362E00F37C80012E02
:1078900045EAC32341DC43EA525312BFD2029202AB
:1078A0005B08240545EAC12141EA5051D2EBC020D2
:1078B000994125D407D1B0FA80F610FA06F162D0CA
:1078C0000020203608E0B1FA81F6B140C6F120026E
:1078D00020FA02F21143B0404FEAF474B4EB46547C
:1078E00034F001064FEA74040AD8D6F50016760D76
:1078F00004F00044F04061FA06F25040F140484084
:10790000C00A40EA415021F0004128BF5FEA50051B
:1079100050F1000044EBD12135E0DB0A45EAC121FA
:10792000C90AB6F120050EDD42EA0242120CC5F189
:10793000200603FA06F6EB4042EA06056D4298413E
:1079400061F100010DE062FA06F5F240554063FA7C
:1079500006FC82EA0C02F3405A406D42904161EB12
:10796000030111F4801F05D1641E620502D06D0071
:107970004041494121F48011430875F1004350F121
:10798000000041EB045170BC70471CEB410F15D255
:1079900023F0004352EA43060BD04FEA4C0CBCEBF9
:1079A000410F04D80C0D661E342EB7DDEBE7801AAC
:1079B000994150EA410608BF0021E4E708BF1CEBEB
:1079C000430F28BF6FF00001DDE70000841A71EB60
:1079D000030603D2001BB141121973414FF4001C7E
:1079E0001CEB410F34BF7CEB430442E00C0DA4EBD5
:1079F0001356352E4FDC45EAC323DB0A45EAC12185
:107A0000C912B6F120050DDD63FA05F6EB4086EAF2
:107A10000305124218BF45F00105C01851F10001DD
:107A20000CD213E062FA06F5F2405540F3415A4099
:107A3000B340F3405A408018594107D349085FEAE0
:107A400030005FEA350528BF45F0010501F58011DA
:107A5000420875F1004250F1000041EB04514E0024
:107A600016F5001F70BC38BF70470020090D0905CE
:107A700070471CEB410F10D252EA43060BD0BCEB0F
:107A8000410F05D80C0DAB43661E342EB6DD02E067
:107A9000AB438018594170BC704770BC7047000000
:107AA000C1F30A5340F21E42D31A0CDDCA0283F31B
:107AB000070342EA505242F00042DA4002EBE17220
:107AC00082EAE17070476FEAE17203F2E13008B1D7
:107AD00082F000407047000070B5002300229249F8
:107AE000924802F0E3FC002002F078FD00280ED05E
:107AF0004FF4F0724FF48871002002F07FFD4FF4D4
:107B0000F0724FF48871002002F092FD0DE04FF406
:107B100088724FF4F071002002F070FD4FF488720B
:107B20004FF4F071002002F083FD7E4D8048286004
:107B30000024002C1DD11C267E4850F8240006FB92
:107B400004F1294488615FF0FF3006FB04F1294409
:107B50004860200002F086FDC01006FB04F12944B5
:107B6000486106FB04F6A959200002F08BFD641C55
:107B7000DFE770BD2DE9FE4305000E0017005FF042
:107B800000083000032817D0042838D005283DD03D
:107B9000062843D007287AD0082871D0092845D074
:107BA0000A2800F08C800C2800F08F800D2800F04F
:107BB00099800E281BD0A8E01C23DFF868C103FBC6
:107BC00005F05CF800107A6803FB05F06044C068BB
:107BD000424303FB05F30CEB0300406900FB021179
:107BE00089462A004946544802F045FF90E038682B
:107BF0004C4A1C2101FB05F11144486088E02B0030
:107C0000012239004C4802F04FFE81E04A490868E1
:107C1000806950F001000968886179E04648016890
:107C20008969490849000068816171E03868012864
:107C30000FD1414A1168802000FB05118431096889
:107C400051F001011268802000FB0522843211608E
:107C50000EE0394A1168802000FB05118431096863
:107C6000490849001268802000FB05228432116017
:107C700031480168496A51F001010068416247E0FA
:107C80002B007A6839682C4802F097FE40E06A467B
:107C900001A9280003F06EF81C2022493A6800FB75
:107CA00005F30B44DA607A6800FB05F008440261D2
:107CB0002B00009A0199204802F07FFE28E02A005C
:107CC00039681D4802F0B0FE22E03868002804D070
:107CD0002900194802F021FE03E02900164802F0AD
:107CE00044FE15E03868C0F30740396811F47F415D
:107CF00008433968090411F47F01084304002A008D
:107D000021000D4802F0A2FD02E05FF0FF30804646
:107D10004046BDE8FE8309490868401C086070477A
:107D2000000000006C9D0020F87202088C6E0208B2
:107D3000000401204000002028930020E49E002041
:107D400080B503F082F803F0B5F803F01DF801BD2B
:107D500080B503F0D7F901BD10B503F0F2FDFDF7D2
:107D60007DFF274C2078002843D0264826490A78F2
:107D700002604A68D21042604A68C2F380028260A0
:107D80004A68C2F34002C2600A7912F0010202613D
:107D90000A7A42614A7A82618A7AC2618A8992B297
:107DA000920892B202628A89C2F3400242620A7B5E
:107DB00012F001028262CA8992B2920892B2C26241
:107DC000CA89C2F3400202638A7B12F00102426355
:107DD0000A8A92B2920892B282630A8AC2F340027D
:107DE000C263097C11F001010164FDF7B0FF0020BE
:107DF00020700648FDF7B9FF1D20FFF7CBFAAEE76C
:107E00008A9F0020049B0020D49D0020489B0020D6
:107E10002DE9FC4104000025002C01D10120DDE109
:107E20002078C0076DD5DFF8C405016811F00C019A
:107E3000042909D0006810F00C0008280ED1DFF8E2
:107E4000B0050068400209D5DFF89C050068800392
:107E500057D56068002854D10120BFE16068B0F5B3
:107E6000803F06D1DFF88015086850F48030086044
:107E700026E0606800280AD1DFF86C05016831F45B
:107E800080310160016831F48021016018E0606890
:107E9000B0F5A02F0AD1DFF85005016851F4802118
:107EA0000160016851F48031016009E0DFF83805B4
:107EB000016831F480310160016831F48021016092
:107EC000606800280ED0FDF799FB0600DFF8180562
:107ED0000068800315D4FDF791FB801B6528F5D35E
:107EE00003207BE1FDF78AFB0600DFF8FC04006855
:107EF000800306D5FDF782FB801B6528F5D30320A0
:107F00006CE12078800752D5DFF8E014086810F0A3
:107F10000C0F09D0086810F00C00082816D1DFF803
:107F2000D0040068400211D4DFF8BC04016889075E
:107F300004D5E168012901D001204FE1016831F049
:107F4000F801226951EAC201016030E0E0680028CE
:107F50001AD0DFF89474386850F001003860FDF7EB
:107F60004DFB06003868800706D4FDF747FB801BF1
:107F70000328F7D3032031E1396831F0F801206993
:107F800051EAC001396012E0DFF85C7438684008DB
:107F900040003860FDF732FB06003868800706D5E0
:107FA000FDF72CFB801B0328F7D3032016E1207874
:107FB000000728D56069002812D0DFF838743868C7
:107FC00050F001003860FDF719FB060038688007A3
:107FD00019D4FDF713FB801B0328F7D30320FDE022
:107FE000DFF810743868400840003860FDF706FB81
:107FF00006003868800706D5FDF700FB801B0328C4
:10800000F7D30320EAE02078400740F18780DFF8CB
:10801000F0733868C0000AD4386850F08050386077
:10802000386810F080500090009801200500DFF8BB
:10803000D483D8F80000C00513D4D8F8000050F459
:108040008070C8F80000FDF7D9FA0600D8F80000E3
:10805000C00506D4FDF7D2FA801B6528F6D30320AD
:10806000BCE0A068012806D1DFF89C13086850F036
:108070000100086025E0A06800280AD1DFF8880325
:108080000168490849000160016831F0040101609C
:1080900017E0A06805280AD1DFF86C03016851F0E9
:1080A00004010160016851F00101016009E0DFF89D
:1080B00058030168490849000160016831F0040172
:1080C0000160A068002810D0FDF798FA0600DFF8DC
:1080D00038030068800719D4FDF790FA801B41F23D
:1080E00089318842F3D3032078E0FDF787FA060050
:1080F000DFF814030068800708D5FDF77FFA801BBE
:1081000041F289318842F3D3032067E02800C0B2EE
:10811000012803D1386830F080503860A069002809
:108120005BD0DFF8C802006810F00C00082852D0BD
:10813000A06902283CD1DFF8B082D8F8000030F006
:108140008070C8F80000FDF759FA0700D8F8000061
:10815000800106D5FDF752FAC01B0328F6D3032091
:108160003CE0E169206A0143606A51EA8011A06A3B
:108170004008401E51EA0041E06A51EA006151F0B6
:108180000051DFF86C020160D8F8000050F08070F8
:10819000C8F80000FDF732FA0600D8F800008001A8
:1081A0001BD4FDF72BFA801B0328F6D3032015E020
:1081B000DFF83472386830F080703860FDF71EFAEE
:1081C00006003868800108D5FDF718FA801B0328DF
:1081D000F7D3032002E0012000E00020BDE8F68193
:1081E0002DE9F04104000D000026002C01D10120F2
:1081F0009EE0DFF81872386810F00F00A8420BD22A
:1082000038680009000128433860386810F00F0012
:10821000A84201D001208BE02078800719D5207872
:10822000400705D5DFF8C411086850F4E050086035
:108230002078000705D5DFF8B411086850F46040D5
:108240000860DFF8A821116831F0F001A06801434F
:1082500011602078C00736D56068012806D1DFF8A4
:1082600088010068800310D4012061E06068022862
:1082700005D15D480068800107D4012058E05A48C4
:108280000068800701D4012052E0DFF86081D8F84F
:1082900000108908890060680143C8F80010FDF7E4
:1082A000ADF90600D8F8001011F00C016068B1EBD0
:1082B000800F08D0FDF7A2F9801B41F28931884276
:1082C000F0D3032034E0386810F00F0085420BD261
:1082D00038680009000128433860386810F00F0042
:1082E000A84201D0012023E02078400706D53F4A6C
:1082F000116831F4E051E068014311602078000713
:1083000007D53A4A106830F46040216950EAC1004C
:10831000106000F00FF83E49344A1268C2F30312AD
:10832000895CC84035490860002001F091FE0020BA
:10833000BDE8F0812DE9F0410024002500265FF022
:1083400000082A48006810F00C00002804D0042817
:1083500004D0082804D02BE027482AE02D4828E044
:10836000234F386810F03F000400386840020BD5F6
:108370003868C0F388112748A0FB010122000023C0
:1083800003F002FB05000AE03868C0F388111A48C0
:10839000A0FB01012200002303F0F6FA0500386873
:1083A000C0F30140401C40000600B5FBF6F000E0C1
:1083B0001148BDE8F08111480068704780B5FFF7AB
:1083C000FAFF1549094A1268C2F38222895CC84043
:1083D00002BD80B5FFF7EFFF0F49044A1268C2F3F0
:1083E0004232895CC84002BD003802400838024071
:1083F00004380240743802400024F4004800002091
:10840000403802400070004070380240003C02409A
:10841000BC74020840787D01287602087CB50024EF
:108420001B49086850F080500860086810F08050C0
:1084300000900098154D286850F480302860FDF7B2
:10844000DDF80600104C2068C00308D4FDF7D6F80C
:10845000801B40F2E9318842F4D3032013E02868FE
:1084600050F400302860FDF7C9F80500206880034B
:1084700008D4FDF7C3F8401B40F2E9318842F5D338
:10848000032000E0002076BD047000400070004032
:10849000403802402DE9F84F82465FF0000B00247F
:1084A0000025002600279AF80000C00710D5DFF845
:1084B000F418086830F4000008600A68DAF834003C
:1084C00002430A60DAF83400002801D101200600D6
:1084D000DAF80000000315D5DFF8CC28116831F474
:1084E0004011DAF83C0001431160DAF83C00B0F5C5
:1084F000801F01D101200600DAF83C00002801D1DC
:1085000001200700DAF80000C00215D5DFF898183E
:108510000A6832F44002DAF8400002430A60DAF8EE
:108520004000B0F5800F01D101200600DAF84000CC
:10853000002801D101200700DAF80000C00101D5B0
:10854000012006009AF8000080067BD5DFF85C1851
:10855000086850F080500860086810F08050009063
:108560000098DFF84C88D8F8000050F48070C8F804
:108570000000FDF743F88346D8F80000C00507D493
:10858000FDF73CF8B0EB0B006528F5D303209CE227
:10859000DFF82088D8F8000010F440700400002CA8
:1085A0002DD0DAF8300010F44070844227D0D8F88B
:1085B000000030F440700400D8F8000050F480301F
:1085C000C8F80000D8F8000030F48030C8F8000087
:1085D000C8F80040D8F80000C00710D5FDF70EF825
:1085E0008346D8F80000800709D4FDF707F8B0EB00
:1085F0000B0041F289318842F3D3032065E2DAF8B7
:10860000300010F44070B0F5407F0CD1DFF89437A3
:10861000186830F4F810DAF83010DFF89C270A40B8
:1086200002431A6005E0DFF87C17086830F4F810A0
:108630000860D8F80010DAF830000005000D01439A
:10864000C8F800109AF80000C0060AD5DFF85817DD
:10865000086830F0807008600A68DAF83800024371
:108660000A60DAF80000400408D5DFF850170A68FD
:1086700032F44032DAF8640002430A60DAF80000AB
:10868000000408D5DFF834170A6832F44022DAF81B
:10869000680002430A60DAF80000C00308D5DFF87A
:1086A0001C170A6832F44012DAF86C0002430A60C0
:1086B000DAF80000800308D5DFF800170A6832F402
:1086C0004002DAF8700002430A609AF8000040069F
:1086D00008D5DFF8E8160A6892089200DAF8440034
:1086E00002430A609AF80000000608D5DFF8CC16AD
:1086F0000A6832F00C02DAF8480002430A60DAF83D
:108700000000C00508D5DFF8B4160A6832F0300260
:10871000DAF84C0002430A60DAF80000800508D558
:10872000DFF898160A6832F0C002DAF85000024307
:108730000A60DAF80000400508D5DFF880160A68FC
:1087400032F44072DAF8540002430A60DAF80000AA
:10875000000508D5DFF864160A6832F44062DAF8DA
:10876000580002430A60DAF80000C00408D5DFF8B8
:108770004C160A6832F44052DAF85C0002430A6090
:10878000DAF80000800408D5DFF830160A6832F401
:108790004042DAF8600002430A60DAF80000400262
:1087A00008D5DFF818160A6832F08062DAF8780027
:1087B00002430A60DAF8000080020FD5DFF8FC15EA
:1087C0000A6832F00062DAF87C0002430A60DAF8E4
:1087D0007C00B0F1006F01D1012007009AF8000081
:1087E000000701D501200700DAF80000400308D592
:1087F000DFF8C8150A6832F04072DAF874000243F4
:108800000A60DAF80000000208D5DFF8B0150A683F
:1088100032F08052DAF8800002430A60012E05D05F
:10882000DAF80000B0F1007F40F0AC80DFF890850E
:10883000D8F8000030F08060C8F80000FCF7DEFED9
:108840008146D8F80000000107D5FCF7D7FEB0EB51
:1088500009006528F5D3032037E19AF80000C00726
:1088600019D5DAF83400002815D1DFF85805016869
:10887000C1F301410C000168C1F303610D00DAF896
:108880000420210451EA821151EA0561DAF8082036
:1088900051EA02710160DAF80000000304D5DAF849
:1088A0003C00B0F5801F08D0DAF80000C00224D5E3
:1088B000DAF84000B0F5800F1FD1DFF80805016835
:1088C000C1F301410C000168C1F302710D00DAF837
:1088D0000420210451EA8211DAF80C2051EA0261E5
:1088E00051EA05710160DFF8C004016849094901D6
:1088F000DAF82420521E11430160DAF80000C001AA
:1089000015D5DFF8C0040168C1F303610C000168EC
:10891000C1F302710D00DAF80420DAF8101009042E
:1089200051EA821151EA046151EA05710160DAF8F5
:108930000000800111D5DAF80410DAF81000000404
:1089400050EA8110DAF80C1050EA0160DAF80810E9
:1089500050EA0170DFF86C140860D8F8000050F09D
:108960008060C8F80000FCF749FE8346D8F8000094
:10897000000107D4FCF742FEB0EB0B006528F5D3ED
:108980000320A2E0012F40F09F80DFF83484D8F864
:10899000000030F08050C8F80000FCF72FFE814640
:1089A000D8F80000800007D5FCF728FEB0EB0900DE
:1089B0006528F5D3032088E0DAF80000000303D52A
:1089C000DAF83C00002807D0DAF80000C00224D50D
:1089D000DAF84000002820D1DFF8EC030168C1F389
:1089E00001410C000168C1F302710D00DAF8142096
:1089F000210451EA8211DAF8182051EA026151EAA1
:108A000005710160DFF8A003026832F4F852DAF869
:108A10002810491E52EA01220260DAF800008002A2
:108A20001AD5DAF87C00B0F1006F15D1DFF89803A1
:108A30000168C1F303610C000168C1F302710D000C
:108A4000DAF81420DAF82010090451EA821151EA08
:108A5000046151EA057101609AF8000000071ED513
:108A6000DFF864030168C1F303610C000168C1F31E
:108A700001410D00DAF81420290451EA821151EA6B
:108A80000461DAF81C2051EA02710160DFF8182352
:108A9000116831F44031DAF82C0001431160D8F844
:108AA000000050F08050C8F80000FCF7A7FD834696
:108AB000D8F80000800007D4FCF7A0FDB0EB0B0055
:108AC0006528F5D3032000E00020BDE8F28F30B424
:108AD0000021DFF8F8220260DFF8E8221368C3F310
:108AE000881343601368C3F3014303611368C3F33E
:108AF0000363C3601268C2F302728260DFF8C822A7
:108B00001368C3F3881343611368C3F3014303621B
:108B10001368C3F3036383611268C2F30272C26114
:108B2000DFF88422136813F01F0343621368C3F352
:108B3000042383621368C3F30143C362136813F40D
:108B40004013C363136813F440030364DFF8543223
:108B50001C6814F400044463DFF86042256815F4CF
:108B600040354566256815F440258566256815F469
:108B70004015C566256815F440050567256815F09C
:108B800003054564256815F00C058564256815F016
:108B90003005C564256815F0C0050565256815F420
:108BA00040754565256815F440658565256815F4AB
:108BB0004055C565256815F440450566256815F0DE
:108BC00040754567256815F080658567256815F04F
:108BD0000065C567246814F08054C0F880401B68A5
:108BE00013F4F813734C246814F440741C430463A6
:108BF0001268D20102D40021816302E05FF080712B
:108C0000816330BC7047F0B40100002200200023D3
:108C10000024B1F5002F5FD1634D2E6816F4401685
:108C200034002600002E06D0B6F5801F2AD0B6F5F7
:108C3000001F4ED050E0664E37687F0207D4654F64
:108C4000366816F03F06B7FBF6F6330006E0624FD3
:108C5000366816F03F06B7FBF6F633005A4F3E680B
:108C6000C6F303663F68C7F3881707FB03F7B7FB34
:108C7000F6F72D68C5F304256D1C2A00B7FBF2F545
:108C8000280029E0524E37687F0207D4514F3668DA
:108C900016F03F06B7FBF6F6330006E04E4F366897
:108CA00016F03F06B7FBF6F63300464F3E68C6F3B4
:108CB00003663F68C7F3881707FB03F7B7FBF6F7B0
:108CC0002D6815F01F056D1C2A00B7FBF2F5280072
:108CD00002E0424D2800FFE7B1F5801F5FD1324D21
:108CE0002E6816F4400634002600002E06D0B6F595
:108CF000800F2AD0B6F5000F4ED050E0344E3768C2
:108D00007F0207D4334F366816F03F06B7FBF6F6FE
:108D1000330006E0304F366816F03F06B7FBF6F634
:108D20003300294F3E68C6F303663F68C7F38817D0
:108D300007FB03F7B7FBF6F72D68C5F304256D1C99
:108D40002A00B7FBF2F5280029E0214E37687F02A0
:108D500007D4204F366816F03F06B7FBF6F633000F
:108D600006E01D4F366816F03F06B7FBF6F63300F7
:108D7000144F3E68C6F303663F68C7F3881707FBC6
:108D800003F7B7FBF6F72D6815F01F056D1C2A00D9
:108D9000B7FBF2F5280002E0104D2800FFE7F0BC19
:108DA00070470000083802408C38024040380240CA
:108DB0000070004070380240FFFCFF0F9038024006
:108DC000003802408438024088380240F1FFFF003A
:108DD000043802400024F40040787D010080BB008C
:108DE00010B50400002C01D101203DE0607F002877
:108DF00004D1002020772000FCF753F9022060778F
:108E00002079002809D119492068416120688168CA
:108E100031F018012068816008E0E268A168200054
:108E200002F0CAFE002801D001201DE06079002870
:108E300004D15FF0FF312068016102E02169206800
:108E400001612068816831F0600160690143206838
:108E500081602068816831F08001A0690143206849
:108E6000816001206077002010BD0000B71DC104A3
:108E7000020092F8410020282AD192F840000128EF
:108E800001D1022025E0012082F84000242082F850
:108E90004100106803685B085B001068036010689D
:108EA000036833F4805310680360106803680B4351
:108EB000106803601068036853F0010310680360D2
:108EC000202082F84100002082F84000002000E0CD
:108ED0000220704710B4020092F84100202827D1E8
:108EE00092F84000012801D1022022E0012082F8FE
:108EF0004000242082F84100106803685B085B0092
:108F0000106803601068036833F4706353EA012348
:108F1000106803601068046854F00104106804606D
:108F2000202082F84100002082F84000002000E06C
:108F3000022010BC704700002DE9F041040000251C
:108F400000270026002C01D10120F4E094F87D00D8
:108F5000002805D1002084F87C002000FCF737FAB7
:108F6000022084F87D00200000F02CFBE06800283F
:108F700003D0022807D003D308E00020050005E055
:108F80001020050002E020200500FFE7A06800286F
:108F900005D002280AD005D303280BD010E000200A
:108FA00006000DE04FF48060060009E04FF4006019
:108FB000060005E04FF40060060055F00105FFE7EC
:108FC0005E492068884203D022685D48824202D10F
:108FD0005C48056001E05C480560E069002831D02C
:108FE0005FF000082068884203D02168544881421D
:108FF00004D15FF40020FFF706FE80462168534845
:10900000814203D021685248814204D15FF480102C
:10901000FFF7F9FD80460A2101FB08F1E2694FF4F0
:1090200000704243B1FBF2F00A21B0FBF1F1216282
:109030000A22B0FBF2F102FB1102092A02D3216AD3
:10904000491C21626068002802D06068022807D1AC
:10905000E06B012801D1002109E04FF4007106E026
:10906000E06B012802D14FF4007100E0002120687C
:109070000268384802402068026020680268606820
:109080000243206B0243606B0243A06B02430A431E
:109090003243606A02432069024360690243206AE6
:1090A00052EA005220680260206842682A48024062
:1090B0002068426020684268A0690243A06A0243B7
:1090C000E06A0243206842602068826823480240C8
:1090D0002068826020688268206C401E0243206DF8
:1090E0000243A06C0243E06C0243606C401E52EAF3
:1090F0000022206882602068C2684FF2200002408F
:109100002068C2602068C268606D0243A06D02439F
:10911000206E52EA0042E06D401E52EA00222068B2
:10912000C2600020C4F88000012084F87D00002087
:1091300084F87C000020BDE8F08100000458014064
:109140002458014000580140005C0140045C01408B
:10915000245C014010C005FFF01FFFFF0080F8FFF6
:1091600010B50400002C01D101201FE0022084F87A
:109170007D000021206801615FF0FF31206881617E
:10918000200000F01FFA2068416851F008012068B3
:1091900041602000FCF7BEF90020C4F880000020E8
:1091A00084F87D00002084F87C00002010BD38B5D4
:1091B0000400002594F87C00012801D1022049E038
:1091C000012084F87C002068016831F400312068B7
:1091D0000160E06E002814D094F87D00122810D1B0
:1091E000E06EFCF74FFB00280BD0E06E406D80284E
:1091F00007D001200500D4F8800050F08000C4F8AA
:109200008000206F002814D094F87D00222810D10F
:10921000206FFCF737FB00280BD0206F406D8028B3
:1092200007D001200500D4F8800050F08000C4F879
:109230008000200000F0C6F92068416851F0080164
:1092400020684160012084F87D00002084F87C00C3
:109250002800C0B232BD38B50400002594F87C0067
:10926000012801D1022054E0012084F87C0020680C
:109270000068800335D52068016831F4003120682A
:109280000160E06E002814D094F87D00122810D1FF
:10929000E06EFCF7F7FA00280BD0E06E406D8028F6
:1092A00007D001200500D4F8800050F08000C4F8F9
:1092B0008000206F002814D094F87D00222810D15F
:1092C000206FFCF7DFFA00280BD0206F406D80285C
:1092D00007D001200500D4F8800050F08000C4F8C9
:1092E00080000021206801615FF0FF31206881610A
:1092F000200000F067F92068416851F008012068FB
:109300004160012084F87D00002084F87C00280062
:10931000C0B232BD70B505000C001600002C03D0A1
:10932000300080B2002801D1012055E095F87D0081
:10933000012850D195F87C00012801D102204BE092
:10934000012085F87C006C66A5F86860A5F86A6065
:109350000020C5F88000122085F87D000FF2013151
:10936000E86E01640FF2B521E86EC1630FF20131BE
:10937000E86EC1640021E86E0165B5F868302868C0
:1093800010F11C02696EE86EFCF726FA002804D082
:10939000002085F87C0001201EE028680068C003DA
:1093A00005D42868016851F48031286801600021E3
:1093B000280000F0EAF8296809690843296808616B
:1093C0002868016851F4003128680160002085F8A0
:1093D0007C00002000E0022070BD2DE9F041070074
:1093E00097F87D00002800F0CB8038684469386821
:1093F000056938680668200705D5280703D53800B1
:10940000B96F8847BCE014F0010015F00101084273
:1094100015D001203968886197F87D00222802D193
:109420005FF0010801E05FF00208D7F8800058EA19
:109430000000C7F880003800FDF733FFA0E0A00768
:109440000BD5A80709D5022138688161786F0028FB
:1094500000F09680786F804792E0A00626D5A80697
:1094600024D5D7F8800050F00400C7F88000B0037E
:1094700015D5F86E002807D00FF23D21F86E016572
:10948000F86EFCF74DFA7BE0386F002878D00FF2C9
:109490002921386F0165386FFCF742FA70E0380017
:1094A000FFF7D9FE3800FDF7FCFE69E0600626D51F
:1094B000680624D5D7F8800050F00800C7F880006F
:1094C000B00315D5F86E002807D00FF2ED11F86E35
:1094D0000165F86EFCF724FA52E0386F00284FD08F
:1094E0000FF2D511386F0165386FFCF719FA47E0B4
:1094F0003800FFF7B0FE3800FDF7D3FE40E060070C
:109500002ED568072CD5D7F8800050F02000C7F87A
:109510008000F86E002807D00FF29D11F86E0165EB
:10952000F86EFCF7FDF92BE0386F002807D00FF23A
:109530008911386F0165386FFCF7F2F920E00021DE
:10954000386801615FF0FF3138688161012087F878
:109550007D000020A7F86A003800FDF7A2FE0FE0AA
:10956000E0060DD5E8060BD5102138688161D7F8E3
:10957000800050F01000C7F880003800FDF791FE21
:10958000BDE8F08190F87D007047020001200129BC
:1095900001D150F00800136B082B07D15368032B3F
:1095A00002D05368012B01D150F010005368032BF7
:1095B00002D05368022B02D150F0600001E050F05D
:1095C0000400704710B40200134801680720B1FB83
:1095D000F0F14FF47A70B1FBF0F0830000211068D5
:1095E000046834F48034106804601800431E0028B6
:1095F00008D1D2F8800050F04000C2F8800003206B
:10960000010003E010680068C003EED40800C0B297
:1096100010BC7047000000004800002038B504006E
:10962000A56B20680068C00515D40020A5F86A0065
:109630002868016831F400312868016000212800A1
:10964000FFF7A3FF2968096931EA0000296808616A
:10965000012085F87D002800FDF719FE31BD0000CE
:1096600038B50500AC6B2000FDF716FE31BD0000DB
:1096700038B50400A56BD5F8800050F08000C5F81F
:109680008000E86E406D012803D0286F406D0128EE
:109690000ED12868016831F4003128680160280083
:1096A000FFF790FF012085F87D000020A5F86A00F3
:1096B0002800FDF7F6FD31BD38B50400A56B28681C
:1096C000016831F4003128680160002128680161D7
:1096D0005FF0FF3128688161D5F88000202808D02C
:1096E0002800FFF76FFF2868416851F008012868DB
:1096F0004160012085F87D000020A5F86A0028005F
:10970000FDF7CFFD31BD000030B4020092F83C00FF
:10971000012801D1022029E0012082F83C0002202A
:1097200082F83D0010684368106884681568114825
:10973000854203D015681048854204D133F4700384
:1097400018004B68034333F070030868034334F098
:1097500080048868044310684360106884600120B6
:1097600082F83D00002082F83C00002030BC7047A9
:1097700000000000000001400004014010B504009A
:10978000002C01D1012035E0A0690028FFD1606FD5
:10979000002805D1002084F870002000FBF7E7FDC9
:1097A000242060672068016849084900206801603A
:1097B000200000F020F8012801D101201AE0606AA1
:1097C000002802D0200000F021FA2068416831F41E
:1097D0009041206841602068816831F02A0120684A
:1097E00081602068016851F001012068016020005B
:1097F00000F079FA10BD2DE9F84304000026002797
:10980000A2682069024360690243E169114320684C
:109810000268DFF8C80302400A432068026020683B
:10982000426832F44052E068024320684260D4F853
:109830001890206A50EA09092068826832F4306280
:1098400059EA0202206882602268DFF894038242AB
:109850001BD1DFF89003006810F00300002805D04A
:10986000022806D008D3032809D00BE05FF00108D6
:10987000FEE05FF00208FBE05FF00408F8E05FF054
:109880000808F5E05FF01008F2E02168DFF85803FF
:1098900081421CD1DFF84C03006810F00C00002856
:1098A00006D004280AD0082805D00C2809D00BE0DF
:1098B0005FF00008DCE05FF00208D9E05FF0040828
:1098C000D6E05FF00808D3E05FF01008D0E0216830
:1098D000DFF8180381421CD1DFF80803006810F09C
:1098E0003000002806D010280AD0202805D03028C3
:1098F00009D00BE05FF00008BAE05FF00208B7E0C3
:109900005FF00408B4E05FF00808B1E05FF0100811
:10991000AEE02168DFF8D80281421BD1B14800686F
:1099200010F0C000002806D040280AD0802805D0BA
:10993000C02809D00BE05FF0000899E05FF0020852
:1099400096E05FF0040893E05FF0080890E05FF0B5
:1099500010088DE02168A74881421ED1A148006807
:1099600010F44070002809D0B0F5807F0CD0B0F51D
:10997000007F06D0B0F5407F09D00BE05FF0000813
:1099800076E05FF0020873E05FF0040870E05FF0DB
:1099900008086DE05FF010086AE02168964881428F
:1099A0001ED19048006810F44060002809D0B0F53E
:1099B000806F0CD0B0F5006F06D0B0F5406F09D0C5
:1099C0000BE05FF0010853E05FF0020850E05FF049
:1099D00004084DE05FF008084AE05FF0100847E037
:1099E0002168864881421ED17E48006810F44050AC
:1099F000002809D0B0F5805F0CD0B0F5005F06D02C
:109A0000B0F5405F09D00BE05FF0000830E05FF098
:109A100002082DE05FF004082AE05FF0080827E064
:109A20005FF0100824E02168754881421ED16D481E
:109A3000006810F44040002809D0B0F5804F0CD0E9
:109A4000B0F5004F06D0B0F5404F09D00BE05FF005
:109A500000080DE05FF002080AE05FF0040807E08C
:109A60005FF0080804E05FF0100801E05FF0100804
:109A7000E069B0F5004F5BD14046C0B2002808D085
:109A8000012812D002281CD0042824D008282ED067
:109A900037E0FEF793FC6168490811EB400160680C
:109AA000B1FBF0F080B206002DE0FEF792FC616899
:109AB000490811EB40016068B1FBF0F080B206008C
:109AC00021E061684F4810EB51006168B0FBF1F094
:109AD00080B2060017E0FEF72DFC6168490811EB23
:109AE00040016068B1FBF0F080B206000BE06168F5
:109AF000490811F580316068B1FBF0F080B20600D2
:109B000001E001200700102E0FD3B6F5803F0CD2E4
:109B10004FF6F07131403000C0F3420001430D00B8
:109B2000290089B22068C16050E0012007004DE0A3
:109B30004046C0B2002808D0012811D002281AD00F
:109B4000042822D008282BD034E0FEF737FC6168C7
:109B500010EB51006168B0FBF1F080B206002BE021
:109B6000FEF737FC616810EB51006168B0FBF1F063
:109B700080B2060020E06168234810EB5100616864
:109B8000B0FBF1F080B2060016E0FEF7D3FB61688F
:109B900010EB51006168B0FBF1F080B206000BE001
:109BA0006168490811F500416068B1FBF0F080B2CE
:109BB000060001E001200700102E05D3B6F5803F16
:109BC00002D22068C66001E0012007000020206664
:109BD000002060663800C0B2BDE8F283F369FFEF91
:109BE000001001409038024000440040004800400E
:109BF000004C00400050004000140140007800403C
:109C0000007C00400048E8010024F40090F8241093
:109C1000C90707D501684A6832F40032816A0A43ED
:109C200001684A6090F82410890707D501684A68DE
:109C300032F48032C16A0A4301684A6090F8241005
:109C4000490707D501684A6832F48022016B0A434C
:109C500001684A6090F82410090707D501684A682E
:109C600032F40042416B0A4301684A6090F82410C4
:109C7000C90607D501688A6832F48052816B0A43AD
:109C800001688A6090F82410890607D501688A68FF
:109C900032F40052C16B0A4301688A6090F82410C4
:109CA000490613D501684A6832F48012016C0A43F0
:109CB00001684A60016CB1F5801F07D101684A68EC
:109CC00032F4C002416C0A4301684A6090F82410E3
:109CD000090607D501684A6832F40022816C0A43FC
:109CE00001684A60704738B504000020E067FBF760
:109CF00085FC05002068006800070DD57FF07E40D8
:109D000000902B0000225FF40011200000F00DF8FD
:109D1000002801D0032007E0202060672020A067F2
:109D2000002084F87000002032BD2DE9F0410500CC
:109D30000E0017009846069C2868C0693040B04263
:109D400001D1012100E000213800C0B281421FD1C1
:109D500014F1010FF0D0FBF751FCB0EB0800844286
:109D600001D3002CE8D12868016831F4D07128684B
:109D700001602868816849084900286881602020BE
:109D800068672020A867002085F87000032000E0A5
:109D90000020BDE8F081000070B5134C84B00C22A7
:109DA0000646214601F042FF78B1E368A3B101AD58
:109DB00096E8070085E8070002A928469847034669
:109DC00095E8070084E807000BB104B070BD284691
:109DD00001F060FF04B070BD304601F05BFF96E813
:109DE000070084E80700F0E70C9E002070477047EA
:109DF00070477047704770477047704778B5A1B09B
:109E000006000C0015006846FEF761FE42F61130B0
:109E1000844207D045F22260844203D04AF644408F
:109E2000844210D15FF4801000905FF480001090A5
:109E300040F2AD1001900220039013200990684673
:109E4000FEF728FB0FE05FF4801000905FF48000C5
:109E500010904FF4AC7001900720039001200990FE
:109E60006846FEF717FB22B070BD0000F8B586B05B
:109E700007000C004F49086850F4000008600868AB
:109E800010F40000059005984B4D286850F4807040
:109E90002860286810F4807005900598286850F4B0
:109EA00080702860286810F48070059005982868F4
:109EB00050F480702860286810F480700590059830
:109EC0008020009002200190002002900320039047
:109ED0000A200490394E69463000FAF79BF9202099
:109EE00000900220019000200290032003900A209D
:109EF000049069463000FAF78DF940200090022066
:109F0000019000200290032003900A2004906946EB
:109F10003000FAF77FF91020009002200190002015
:109F20000290032003900A20049069463000FAF75B
:109F300071F9286850F480002860286810F48000C7
:109F40000590059838681E49884228D11D4D5FF05C
:109F5000C06068604020A8600020E8604FF4806026
:109F600028614FF4006068614FF40050A8614FF41D
:109F70008070E8615FF4003028620420686203208A
:109F8000A8620020E862002028630F482860FD6670
:109F9000AF632800FBF7DEFB2800FBF769FB00221C
:109FA0000E213C20FAF7FCFB3C20FAF70EFC07B030
:109FB000F0BD00BF4438024030380240002002406B
:109FC000045C0140089900207064024070477047AB
:109FD0007047704705480068704704490B68C3180C
:109FE0000A689A1A012AFBDA70470000E49E0020F2
:109FF000704700002DE9F0410025124F124EDFF8A6
:10A000004C803C681CB1A047041C18BF012401F01F
:10A01000C7FE3368002818BF01244BB1984738B1F8
:10A02000D8F8003013B1012498473CB10125E8E786
:10A03000D8F80030002BF7D1002CF7D12846BDE826
:10A04000F08100BF149F00200C9F0020089F00207B
:10A0500010B504004FF47A700D490978B0FBF1F0A7
:10A060000C490968B1FBF0F0FAF7BDFB002801D0FC
:10A0700001200CE0102C09D2002221005FF0FF30FB
:10A08000FAF78EFB04480460002000E0012010BDB8
:10A09000050400204800002044000020F8B52DED04
:10A0A000068B174641EC180BDFF86C23DFF86C3396
:10A0B000FDF7CAF941EC190B0C4624F00041DFF81A
:10A0C0006023DFF8603301F0ADFF5AD29FEDAB1B88
:10A0D00051EC110B0A46E40F64F3DF72114653ECA6
:10A0E000192BFDF7B5FBFDF7DBFC060045D0FDF7AE
:10A0F00075F90022CD4BFDF7A7F941EC190B4FF094
:10A10000A042CB4BFDF7A0F953EC182BFDF7A0FBB9
:10A1100004460D4651EC190B4FF0C042C54BFDF7FC
:10A1200093F922462B46FDF793FB04460D4651EC6E
:10A13000190B4FF00052C04BFDF786F922462B4613
:10A14000FDF786FB04460D4651EC190B0022BB4B74
:10A15000FDF77AF922462B46FDF77AFB04460D46B9
:10A1600051EC190B4FF00052AF4BFDF76DF9224641
:10A170002B46FDF76DFB41EC180B06F00306F719B3
:10A18000B0E053EC182B590041EAD2714815C917B9
:10A1900010F1010F14D14FF0FF34A14208BFA042CB
:10A1A00008D11B0343EA12531203002B08BF002AF5
:10A1B00040F02C81BDEC068B20466FF00041F4BDD1
:10A1C00022F0000033F0004108BF002805D1002F25
:10A1D00000F01C819FED9A8B18E19FED681B51ECFC
:10A1E000110B0A46E40F64F3DF72114653EC192B8E
:10A1F000FDF72EFB4B0043EAD073420041EC190BF4
:10A20000002B08BF002A19D040F23344A4EB53546A
:10A21000352C04DB00F0000001F000410CE0202CA4
:10A2200003DD203CE140A14000E001D1002003E03B
:10A23000002CC4BFE040A04041EC190B51EC190BBD
:10A2400020F0000231F0004308BF002A43D0002272
:10A25000764BFDF7F9F841EC1A0B4FF0A042744B26
:10A26000FDF7F2F853EC182BFDF7F2FA04460D4611
:10A2700051EC1A0B4FF0C0426E4BFDF7E5F8224649
:10A280002B46FDF7E5FA04460D4651EC1A0B4FF04C
:10A290000052694BFDF7D8F822462B46FDF7D8FA55
:10A2A00004460D4651EC1A0B0022644BFDF7CCF826
:10A2B00022462B46FDF7CCFA04460D4651EC1A0B0C
:10A2C0004FF00052584BFDF7BFF822462B46FDF7E2
:10A2D000BFFA41EC180B51EC190BFDF7E1FB00F054
:10A2E0000300C71951EC180B21F0004100224FF078
:10A2F000795301F097FE05D2F80740F17F809FED7A
:10A30000508B7BE051EC180B53EC182BFDF79CF8AD
:10A3100041EC190BF80735D551EC190B4A4A4B4B58
:10A32000FDF792F84A4A4B4BFDF792FA53EC192B82
:10A33000FDF78AF8484A494BFDF78AFA53EC192B86
:10A34000FDF782F8464A474BFDF782FA53EC192B8A
:10A35000FDF77AF8444A454BFDF77AFA53EC192B8E
:10A36000FDF772F86FF05102414BFDF771FA53ECB3
:10A37000192BFDF769F800223E4B3BE0000000007E
:10A380000000E03F51EC180B53EC192BFDF75CF883
:10A3900004460D4651EC190B374A384BFDF754F87B
:10A3A000374A384BFDF754FA53EC192BFDF74CF8AC
:10A3B000354A364BFDF74CFA53EC192BFDF744F8B0
:10A3C000334A344BFDF744FA53EC192BFDF73CF8B4
:10A3D000314A324BFDF73CFA53EC192BFDF734F8B8
:10A3E0002F4A304BFDF734FA22462B46FDF72CF866
:10A3F00053EC182BFDF72CFA41EC180BB80705D5D8
:10A4000051EC180B81F0004141EC180B51EC180B8A
:10A41000BDEC068BF4BD000083C8C96D305FE43F1E
:10A420000000A0FFFFFFDF419A833BBB0000303EEE
:10A43000FB21B9C1B41011C026A651BE5C14D3BC17
:10A44000000000000000F03F09260A1039BA213E42
:10A450003BA861C6F97D92BE63AC30909F01FA3E85
:10A46000F6FB51166CC156BFB10255555555A53F67
:10A47000FFFFDFBF0000F03FB08F2FC310D8E53DD6
:10A480008F0C73A1E1E55ABE4DADE44FE31DC73E0D
:10A490003EE3B519A0012ABFFAF010111111813F56
:10A4A000425555555555C5BF0022F7E5012B3BDCFC
:10A4B0002DE9F84381461C2090460F461E4601F0C8
:10A4C000CBFD054600287FD0414A002F31D0002324
:10A4D000DFF804E152F8264003609EF8001007619F
:10A4E0008E428661A0F81480C0F80C9043608360AF
:10A4F00002DB731C8EF80030002C5DD021464C68C6
:10A50000002CFBD1D9F80000CB681B6883422CDDFE
:10A5100009680029F8D148B92E4B163628461A6822
:10A5200042F82650BDE8F883002070472846BDE871
:10A53000F88352F82610002930D0084600E018466B
:10A540000368002BFBD10069DFF88CE02B602861E9
:10A550009EF80000AE618642A5F81480C5F80C9004
:10A560006B60AB60CBDB0C46C3E70AD04B6843B3F0
:10A570001D606B608D4214BF0B4600234D602B6045
:10A58000C9E7B8F1010FF1D104E0DC68194623688E
:10A590008342EBDB0B68002BF7D1E7E7DFF838E00D
:10A5A00001609EF8003086619E42A0F81480C0F8D9
:10A5B0000C9041608160D6DA42F82650D9F800004C
:10A5C000A9E742F82650D5E70020BDE8F88300BF90
:10A5D000849E0020900000208E9F0020012801DD35
:10A5E0000020704710B501F053FE28B1C3680E215A
:10A5F0009B6ABDE810401847002010BD30B583B0FD
:10A600000C46154601F044FE019068B1C3680B2169
:10A6100001A85B6A9847034630B101982A46214653
:10A620009847002003B030BD012003B030BD00BF0B
:10A6300030B583B00C46154601F02AFE019068B192
:10A64000C3680A2101A85B6A9847034630B10198A4
:10A650002A4621469847002003B030BD012003B0B0
:10A6600030BD00BF012801DD0020704710B501F0AA
:10A670000FFE28B1C36808219B6ABDE81040184747
:10A68000002010BD10B582B00C4601F001FE019013
:10A6900060B1C368092101A85B6A9847034628B1E5
:10A6A000019821469847002002B010BD012002B059
:10A6B00010BD00BFF8B50400002C01D101208BE0D3
:10A6C00094F8A100002805D1002084F8A000200003
:10A6D00000F037FC022084F8A1002068816921F095
:10A6E0007041206881612068816960680143A068C9
:10A6F0000143E06801432069014320688161DFF87C
:10A70000C453206881682940206881606169090418
:10A71000206882680A43A06902432068826020683A
:10A72000C2682A402068C260E26912042068C368D7
:10A730001343206A03432068C360206800692840EF
:10A7400023681861636A1B04206806691E43A06AB7
:10A75000064320680661206840690540206845611D
:10A76000E56A2D04206846692E43206B0643206865
:10A77000466194F83560360294F836703F042068DC
:10A78000D0F82CC01CF07F4C2068C0F82CC020688A
:10A79000D0F82CC057EA0C0C56EA0C0C94F8340094
:10A7A00050EA0C0C2068C0F82CC02068406B50F0B8
:10A7B0000600D4F800C0CCF834002068D0F818C0E7
:10A7C0005CF0010C2068C0F818C00020C4F8A40098
:10A7D000012084F8A1000020F2BD10B50400200083
:10A7E00000F027FC0020C4F8A400002084F8A10099
:10A7F000002084F8A000002010BD70B504000D00FA
:10A80000160094F8A000012801D102201DE00120CB
:10A8100084F8A000022084F8A100342000FB06F098
:10A82000204438302900342201F058FD320029003C
:10A83000200000F049F9012120684162012084F8DC
:10A84000A100002084F8A000002070BD30B40300F7
:10A8500093F8A000012801D1022023E0012083F811
:10A86000A000022083F8A1001C68802000FB0244A5
:10A8700084341D68802000FB02558435E86810F0A0
:10A880007F40E0601C68802000FB02448434E1606B
:10A89000012418684462012083F8A100002083F895
:10A8A000A000002030BC7047F0B404000F0094F802
:10A8B000A000012801D102202DE0012084F8A00091
:10A8C000022084F8A100002696421DD2342000FB0D
:10A8D00003F02044806C062806D116EB061C38686D
:10A8E0006CF31F60050003E0386866F31F60050025
:10A8F0003F1DD4F800C0802000FB03CC1CF1840C69
:10A90000CCF84050761CDFE7012084F8A10000203D
:10A9100084F8A0000020F0BC704710B4020092F848
:10A92000A000012801D102201DE0012082F8A00032
:10A93000022082F8A1001368802000FB01338433D9
:10A940001C6854F002041368802000FB0133843338
:10A950001C60012310684362012082F8A1000020DE
:10A9600082F8A000002010BC704710B4020092F8DA
:10A97000A000012801D102201DE0012082F8A000E2
:10A98000022082F8A1001368802000FB0133843389
:10A990001C6834F002041368802000FB0133843308
:10A9A0001C60012310684362012082F8A10000208E
:10A9B00082F8A000002010BC70472DE9F04104008F
:10A9C0000D0016001F0094F8A000012801D10220FC
:10A9D00028E0012084F8A000022084F8A10034209F
:10A9E00000FB07F0204410F13808C8F80050D8F8F0
:10A9F00028004019C8F80400C8F80860D8F82C00EE
:10AA00008019C8F80C003A004146200000F05CF8BC
:10AA1000012120684162012084F8A100002084F80F
:10AA2000A0000020BDE8F081F8B504000D0016007C
:10AA300094F8A000012801D102201BE0012084F835
:10AA4000A000022084F8A100342000FB06F020447E
:10AA500010F138077D6132003900200000F034F831
:10AA6000012120684162012084F8A100002084F8BF
:10AA7000A0000020F2BDF8B504000D00160094F807
:10AA8000A000012801D102201BE0012084F8A000D1
:10AA9000022084F8A100342000FB06F0204410F1CD
:10AAA00038077D6232003900200000F00DF80121E6
:10AAB00020684162012084F8A100002084F8A000F1
:10AAC0000020F2BD00F800F02DE9F04103004868D5
:10AAD0001C68E468C4F30B4C1CEB000C5FEA0C4CE4
:10AAE0001C68802000FB024484341D68802000FB29
:10AAF00002558435686810F4704060601C688020DE
:10AB000000FB024484340D681868C068C0F30B4031
:10AB100045196D1C5CEA05056560C8681C68E46839
:10AB20006405640D241824041D68802000FB025570
:10AB300084351E68802000FB02668436B06810F4FD
:10AB40007040A8601D68802000FB0255843588682D
:10AB50001E68F6687605760D3018401C2043A86004
:10AB60001D68802000FB025584351E68802000FB94
:10AB7000026684363069C008C00028611D688020E4
:10AB800000FB025584350869286191F831502D0287
:10AB900091F8326036048F693F06D3F800E08020D8
:10ABA00000FB02EE1EF1840EDEF81800D3F800E080
:10ABB000802000FB02EE1EF1840E0020CEF818006B
:10ABC000D3F800E0802000FB02EE1EF1840E91F825
:10ABD0003000284330433843CEF81800D3F800E063
:10ABE000802000FB02EE1EF1840ED3F8008080204E
:10ABF00000FB028818F18408D8F81400000A00024B
:10AC0000CEF81400D3F800E0802000FB02EE1EF125
:10AC1000840E4869CEF81400D3F800E0802000FBD1
:10AC200002EE1EF1840ED3F80080802000FB028823
:10AC300018F18408D8F81C804D4810EA0808CEF8AE
:10AC40001C80D3F800E0802000FB02EE1EF1840E91
:10AC5000D1F81C80086A50EA0808CEF81C80D3F8A6
:10AC600000E0802000FB02EE1EF1840EDEF82800DA
:10AC7000D3F800E0802000FB02EE1EF1840E0020DD
:10AC8000CEF82800D3F800E0802000FB02EE1EF191
:10AC9000840E486ACEF828000869002801D10424EF
:10ACA00013E00869012801D103240EE00869042893
:10ACB00008D00869022805D00869032802D008696D
:10ACC000072801D1022400E001241D68802000FB38
:10ACD00002558435D3F800C0802000FB02CC1CF163
:10ACE000840CDCF82C0010F0E020E8621D68802065
:10ACF00000FB02558435D1F828C004FB0CFCD1F8C8
:10AD000004E00868BEEB000E04FB0EFE1EF1030E0D
:10AD10005EEA0C4EC5F82CE01D68802000FB025551
:10AD20008435D3F800C0802000FB02CC1CF1840CD9
:10AD3000DCF83000C00AC00228631D68802000FBD8
:10AD400002558435C86A28631D68802000FB0255BF
:10AD500084352D6855F00105D3F800C0802000FB34
:10AD600002CC1CF1840CCCF80050BDE8F08100004E
:10AD7000F8F8FFFF38B50D46144601F0F3FA10B1AC
:10AD800000232B60236038BD18B58DB0CE4C200059
:10AD9000FFF723FDCD482060002060600020A06008
:10ADA0000020E06000202061002060610920A06197
:10ADB0002B20E0611520206240F20B20606240F2FF
:10ADC0002510A06240F21320E06240F229102063B7
:10ADD000002084F83400002084F83500002084F836
:10ADE00036002000FFF766FC002801D0FBF706FDC7
:10ADF000002000904FF4F0700190002102914FF478
:10AE00008871039102220492FF2205920022069289
:10AE10004FF48062079205220892AD4A09920A9087
:10AE20000B9100208DF8300000208DF831000020BB
:10AE30008DF83200002269462000FFF7DEFC002872
:10AE400001D0FBF7DBFC0EB010BD00B587B01C21B4
:10AE500000226846FAF7D8FB9E489F49016000210E
:10AE60004160002181600021C16010210161402109
:10AE70004161802181610021C161002101620021C5
:10AE80004162002181621021009110210191102165
:10AE9000029110210391102104911021059110219C
:10AEA0000691694601F078FA002801D0FBF7A6FC6C
:10AEB00007B000BD7CB500200090884C01202060C8
:10AEC000102060600120A0600020E060814D4FF6FE
:10AED000FF7632002100280001F080FA0120FAF705
:10AEE000B3F802202060102060600120A0600020E4
:10AEF000E06032002100280001F070FA0320206099
:10AF0000102060600820A0600020E0603200210076
:10AF1000280001F063FA4FF40C70009004202060C8
:10AF2000102060600120A0600098E06032002100E5
:10AF3000280001F053FA4FF4CF61280001F06CFAB9
:10AF400073BD10B586B00400142100226846FAF7DC
:10AF50005BFB21685D48814269D16149086850F016
:10AF600080600860086810F08060059005985D4872
:10AF7000016851F480610160016811F480610591FC
:10AF80000599016851F040010160016811F040012C
:10AF900005910599016851F480710160016811F40F
:10AFA000807105910599016851F400710160006894
:10AFB00010F4007005900598F72000900220019091
:10AFC00000200290002003900E200490694646481D
:10AFD000F9F720F94FF480500090022001900020F2
:10AFE0000290002003900920049069463F48F9F739
:10AFF00011F94FF48C400090022001900020029043
:10B00000002003900E20049069463948F9F702F9B0
:10B0100048F67C6000900220019000200290002001
:10B0200003900E20049069463248F9F7F3F806B011
:10B0300010BD10B5040021682448814217D1284969
:10B04000086830F080600860F7212748F9F7F7F9C1
:10B050004FF480512548F9F7F2F94FF48C41244818
:10B06000F9F7EDF948F67C612248F9F7E8F910BDE7
:10B0700080B586B01421002201A8FAF7C5FA1E494E
:10B080000868002819D1012008601C49086850F0A0
:10B0900001000860086810F00100009000980C2082
:10B0A00001900220029000200390032004900C20C5
:10B0B000059001A91248F9F7ADF807B000BD10B529
:10B0C0000400FFF7D5FF10BD289300200068014061
:10B0D000000401204C9C0020400100A0FC9D0020A9
:10B0E0004438024030380240002802400018024034
:10B0F0000020024000240240E89E00203838024030
:10B10000001C024090B583B000AF534A524B1B68FD
:10B1100023F001031360514B1B68C3F30A0340F291
:10B12000494293420CBF01230023DAB24B4B1B6808
:10B13000C3F30A0340F251418B420CBF01230023A9
:10B14000DBB21343DBB21946444B1B68C3F30A035B
:10B1500040F2524293420CBF01230023DBB20B4367
:10B16000002B10D03E4B01221A6000BF3C4B1B68E5
:10B17000002BFBD13B4B3C4A1A603A4B1B683B4AC5
:10B18000934218D0FEE73A4B1B68C3F30A03B3F5AA
:10B190008A6F10D1374B01221A6000BF354B1B68F4
:10B1A000002BFBD1344B304A1A60334B1B682F4ABB
:10B1B000934200D0FEE701F045F9304B2E221A7081
:10B1C000FEF716FF2E4801F07DF901F0BBF978601B
:10B1D00001F040FA0346002B0CBF01230023DCB230
:10B1E00001F03EFA0346002B0CBF01230023DBB223
:10B1F0002343DBB2002B09D001F038FA044601F0FA
:10B200004FFA03461946204601F064FA0021002057
:10B2100001F066FA01F07EFA1A4B1B68002B12D07F
:10B220000DE0184B1B681B68002B03D0154B1B68E7
:10B230001B689847134B1B685B68124A1360114BDD
:10B240001B68002BEDD1104B01221A707B68184649
:10B250000C37BD4690BD00BF002000E0002004E098
:10B260000830024000300240C2A507F4CDB5E8B571
:10B270000010005C084C0258004C02588B9F0020C4
:10B28000D8930020509400208D9F00202DE9F04F8E
:10B2900085B083460020ADF808000024DBF80000EC
:10B2A0001D2803D0262800F0158144E340F6010153
:10B2B000DBF8040001F0D6FA01909EA1019801F09C
:10B2C000D5FA40F60201DBF8040001F0CBFA019058
:10B2D00099A1019801F0F8FA40F60301DBF80400A7
:10B2E00001F0C0FA0190DFF87816019801F0ECFA4D
:10B2F00040F60401DBF8040001F0B4FA0190DFF835
:10B300006416019801F0E0FA40F606052900DBF822
:10B31000040001F0A7FA06000021300001F0FCFA59
:10B320000121300001F0E2FB0FF210290E234A4602
:10B33000C821300001F018FC0021300001F0CEFCE3
:10B340008821300001F0DEFC40F607073900DBF809
:10B35000040001F087FA80460E234A46C821404681
:10B3600001F002FC0021404601F0D6FA01214046DE
:10B3700001F0BCFB0021404601F0B0FC88214046B2
:10B3800001F0C0FC40F60901DBF8040001F06AFAA4
:10B390000190DFF8D415019801F0F4FC40F60A01A1
:10B3A000DBF8040001F05EFA0190DFF8C0150198A7
:10B3B00001F0E8FC40F605094946DBF8040001F01D
:10B3C00051FA40F2FF12002101F00AFD40F6080A8E
:10B3D0005146DBF8040001F045FA0922002101F092
:10B3E000FFFC4946DBF8040001F03CFA002101F0C3
:10B3F00017FD5146DBF8040001F034FA0A2101F090
:10B400000FFD2900DBF8040001F02CFA5FF07F410A
:10B41000009100230022002101F018FD2900DBF833
:10B42000040001F01FFA5FF07F4100910123002228
:10B43000002101F00BFD2900DBF8040001F012FAF5
:10B440005FF07F41009102230022002101F0FEFC09
:10B450002900DBF8040001F005FA5FF07F4100915C
:10B4600003230022002101F0F1FC3900DBF8040085
:10B4700001F0F8F95FF07F410091002300220021E4
:10B4800001F0E4FC3900DBF8040001F0EBF95FF0B7
:10B490007F41009101230022002101F0D7FC3900F7
:10B4A000DBF8040001F0DEF95FF07F410091022338
:10B4B0000022002101F0CAFC3900DBF8040001F091
:10B4C000D1F95FF07F41009103230022002101F0B8
:10B4D000BDFC33E2DBF8080001F050FD0490DBF81E
:10B4E0000C000390049840F60101401A14D0401E4D
:10B4F00033D0401E00F0A680401E00F01581401E93
:10B5000000F08381401E00F0DF81401E00F0E781E3
:10B51000401E00F0EF810DE20398012802D00228BE
:10B520001AD019E0DFF848140878002808D1012063
:10B5300007E000BF4C454400526564000000000075
:10B54000002008700221DFF82C04F9F76AF80121C5
:10B55000DFF824040170FFE7ECE10398012804D030
:10B56000022803D0052802D06BE06AE069E040F6CB
:10B570000201DBF8040001F075F901F00FFD00286D
:10B5800001D0012000E00020DFF8E463307240F6D3
:10B5900006073900DBF8040001F064F9DFF8DC533A
:10B5A000317A09012944727A01EBC201B27A51F869
:10B5B0002210009100230022002101F047FC3900F5
:10B5C000DBF8040001F04EF9317A090105EB0102C4
:10B5D000717A02EBC101B27A51F822100091012375
:10B5E0000022002101F032FC3900DBF8040001F0F8
:10B5F00039F9317A090105EB0102717A02EBC101D7
:10B60000B27A51F82210009102230022002101F0A9
:10B610001DFC3900DBF8040001F024F9317A09013E
:10B6200005EB0102717A02EBC101B27A51F82210E6
:10B63000009103230022002101F008FC0120CE49E3
:10B64000087077E10398012804D0022803D0052868
:10B6500002D068E067E066E040F60301DBF8040032
:10B6600001F000F901F09AFC002801D0012000E06F
:10B670000020BF4E707240F606073900DBF8040068
:10B6800001F0F0F8BD4D317A09012944727A01EBDD
:10B69000C201B27A51F82210009100230022002149
:10B6A00001F0D4FB3900DBF8040001F0DBF8317A5B
:10B6B000090105EB0102717A02EBC102B17A52F87D
:10B6C0002110009101230022002101F0BFFB39006D
:10B6D000DBF8040001F0C6F8317A090105EB01023C
:10B6E000717A02EBC102B17A52F821100091022363
:10B6F0000022002101F0AAFB3900DBF8040001F070
:10B70000B1F8317A09012944727A01EBC201B27AA7
:10B7100051F82210009103230022002101F096FB32
:10B7200001209549087005E10398012804D00228FA
:10B7300003D0052802D067E066E065E040F604012A
:10B74000DBF8040001F08EF801F028FC002801D09D
:10B75000012000E00020864EB07240F60607390056
:10B76000DBF8040001F07EF8844D317A09012944A8
:10B77000727A01EBC202B17A52F8211000910023D3
:10B780000022002101F062FB3900DBF8040001F027
:10B7900069F8317A09012944727A01EBC201B27A5F
:10B7A00051F82210009101230022002101F04EFBEC
:10B7B0003900DBF8040001F055F8317A0901294419
:10B7C000727A01EBC201B27A51F822100091022381
:10B7D0000022002101F03AFB3900DBF8040001F0FF
:10B7E00041F8317A090105EB0102717A02EBC101DE
:10B7F000B27A51F82210009103230022002101F0B7
:10B8000025FB01205C49087094E00398012804D0CE
:10B81000022803D0052802D055E054E053E040F65A
:10B820000501DBF8040001F01DF801F0CDFBADF8D7
:10B8300008004F48BDF8081089B289098181BDF818
:10B840000810C1F3C201C181BDF8081011F0070151
:10B8500001828289C189490351EA4251008A51EA31
:10B8600040110C0040F607052900DBF8040000F049
:10B87000F9FF009400230022002101F0E7FA2900DB
:10B88000DBF8040000F0EEFF009401230022002109
:10B8900001F0DCFA2900DBF8040000F0E3FF00947B
:10B8A00002230022002101F0D1FA2900DBF8040074
:10B8B00000F0D8FF009403230022002101F0C6FA13
:10B8C00001202D49087035E00398012804D0022892
:10B8D00003D0042802D001E000E0FFE72AE003984B
:10B8E000012804D0022803D0042802D001E000E09F
:10B8F000FFE71FE00398012804D0022803D00528A1
:10B9000002D017E016E015E040F608063100DBF83B
:10B91000040000F0A7FF164D01F056FB68603100EF
:10B92000DBF8040000F09EFF696801F061FB012074
:10B930001149087002E0584601F080FB05B0BDE8EF
:10B94000F08FE0B501F0AAFB0021019100210091E8
:10B9500003000B4A0B210B4801F0ACFB0EBD0000AD
:10B960004876020850760208EC6B02086C720208F6
:10B97000D49D0020002002408A9F0020000000206B
:10B980008DB2000864400208BBBBE1B1B2F5803F54
:10B9900080F07E80022A1ED98C46B1FBF2F102FBB8
:10B9A00011C31B0443EA1043B3FBF2FC02FB1C333C
:10B9B00080B240EA0343B3FBF2F002FB103240EAEC
:10B9C0000C4000237047022A05D98446B0FBF2F0F0
:10B9D00002FB10C270474AB105D100F001024908CC
:10B9E0005FEA3000704700220023704701F0C2BBBD
:10B9F0000B000200002100207047904271EB030C05
:10BA0000F6D3B3F5803F2FD2F0B5B3FA83F7B1FA8E
:10BA100081F4A7F10F0E3D1B5340CEF1200602FA30
:10BA20000EF2F3415340B5F10F0746D80F3C2C44BA
:10BA30004140C4F12006A040F1414140B1FBF3F682
:10BA400003FB1611A2FB0645001BA94102D2761E7C
:10BA50008018594180EA010221FA0EF362FA0EF2CF
:10BA600000215A403046F0BD30B4B1FBF3FC03FB7B
:10BA70001C11A2FB0C45001BA94103D2ACF1010C27
:10BA80008018594130BC02460B4660460021704781
:10BA9000B2F1807F65D3F0B5B2FA82F7B1FA81F4E2
:10BAA000C7F10F063D1B22FA06F307F1110EF24112
:10BAB00020355A40B5F10F07B8D94140C4F12006EE
:10BAC000A040F1414140B1FBF3FC03FB1C11A2FB80
:10BAD0000C45001BA94103D2BCF1010C801859414F
:10BAE0000F2F12D30F3FC90341EA5041B1FBF3F6C8
:10BAF00003FB1611A2FB0645D4EBC030A94102D2CC
:10BB0000761E8018594146EACC3C07B34140C7F144
:10BB10002006B840F1414140B1FBF3F603FB16119A
:10BB2000A2FB0645001BA94102D2761E801859418E
:10BB300080EA010221FA0EF3C7F1200462FA0EF244
:10BB40000CFA07F05A402CFA04F13043F0BD80EAB9
:10BB5000010221FA0EF3002162FA0EF260465A4009
:10BB6000F0BD8C46B1FBF2F102FB11C31B0243EAAC
:10BB70001063B3FBF2FC02FB1C331B024CEA0020F7
:10BB800043EA1063B3FBF2FC02FB1C331B024CEADA
:10BB9000002043EA1063B3FBF2FC02FB1C331B02E0
:10BBA0004CEA002043EA1063B3FBF2FC02FB1C32B8
:10BBB0004CEA00200023704770B4040000231F25C6
:10BBC0002800451E002805D015F01F060800F0408B
:10BBD000C007F5D51000002814D008280DD0102873
:10BBE00006D018280FD1072D01D3012003000CE047
:10BBF000082D01D30120030007E0102D01D30120FF
:10BC0000030002E001E0012003001800C0B2002898
:10BC100008D1206841612068866836F0180616430E
:10BC2000206886601800C0B270BC70470300002016
:10BC300013F0030F09D0521E22BF13F8010B11F8A5
:10BC400001CBB0EB0C00F3D0704711F0030F14D10F
:10BC5000121F22BF53F8040B51F804CB6045F7D0F4
:10BC6000121D0AD200BA9CFA8CFCB0EB0C0038BF53
:10BC70006FF0000088BF01207047521E22BF13F8EA
:10BC8000010B11F801CBB0EB0C00F6D0521C08BF31
:10BC900010467047F0B53C4E85B00446336D002B1E
:10BCA00055D03A4A01AD3A49F36C116094E8070067
:10BCB00085E807000BB128469847364F3C687B68FB
:10BCC0009C4232D0B342304A32D09DF80C00A3F1EE
:10BCD0000C0113F804EC8C46864535D18C4233D0E8
:10BCE00091423BD002F13C0E11F8042C82423DD02F
:10BCF000734595E8070083E807000BD00C339C429E
:10BD00007B600BD0B36C0BB12846984701F034FA36
:10BD100005B0F0BD1C4B9C427B60F3D11E4B9C4296
:10BD200014BF0C343C3C3C60ECE7DFF86CE0DFE730
:10BD30009DF80C0096F8442082421DD106F13C0E7D
:10BD4000744519D07146CFE702F13C0ED0E7134B92
:10BD5000304640F8503F01F017FAA2E791F844202E
:10BD600001F13C0E8242C3D16346C1E7B34208D021
:10BD7000A3F10C0C6346BBE795E8070086E80700D3
:10BD8000BCE7054BB4E700BFC8990020189F00200E
:10BD9000A1E50108F4020020049A0020A173020822
:10BDA000964B1B682DE9F04FABB003B198470023C9
:10BDB0001C4600E0012401F0FBF90028FAD1DFF86D
:10BDC0005C920694D9F8003093F85430002B4ED092
:10BDD000DFF84CB2BBF80020002A4CD0884B1B681F
:10BDE000002B00F0FC8001221B6807929847D9F8CD
:10BDF000003093F85430DFF81CA2002B2BD0BBF896
:10BE0000003043B37F4B9E680DAB002E35D11846F2
:10BE100005937D4B1E6801F011FAD9F800301A6BBA
:10BE20005B6B03920493002E31D1764B03989E6096
:10BE300001F00EFA049801F00DFA059801F00CFAE1
:10BE4000BBF800303BB1D9F80030012293F85430F0
:10BE50000692002BD3D1079B4BB1694B1868002881
:10BE600000F0C68043689847684B00221A60069825
:10BE70002BB0BDE8F08F0792BDE71846059301F09F
:10BE8000DDF9D9F800301A6B5B6B039204930BADAC
:10BE90003046089601F0EAF900F10803826A099039
:10BEA000D0F8188017460469029293E8030085E8E9
:10BEB000030009A801F0EEF944F220033B40002BF7
:10BEC00035D0D4B1089C09E001F0FEF90A9B0AA81C
:10BED0009F69002F32D03C4601F0DCF9204601F08A
:10BEE000C5F902462846936A11460A9213F00203E6
:10BEF000EAD10AA81C4601F0CDF9089801F0B6F97C
:10BF0000434B826A09901340920448BF43F00403F4
:10BF1000836209A801F0BEF9BBF80030013BABF821
:10BF2000003024B1304601F0EDF946697DE7304636
:10BF300001F0E8F94669002EAAD176E701F0AAF9E6
:10BF4000DAF80020A24205D0324B5A68944201D060
:10BF50003C46D2E7089CD9F800300CB92A4A14684C
:10BF60009C64274600E01F46384601F0CBF9836900
:10BF7000002BF8D1DAF80010B9422ED0DAF80430EC
:10BF8000BB4226D001F0C8F9204601F0BBF9D9F830
:10BF90000030B0F90220B0F900101A65029AD96495
:10BFA000510711D5B8F1000F0CD002F0010383F056
:10BFB00001030093002308AA174928461C4601F0F4
:10BFC000B9F99AE70123F4E70898012401F06AFA25
:10BFD00093E7012001F0B6FAD4E71846FAE701200A
:10BFE000079001F0C9FAD9F8003093F8543002E70D
:10BFF00001F0C2FA06982BB0BDE8F08F4C9F0020EC
:10C00000489F0020B09C0020549F0020509F00209B
:10C01000DFBFFFFFAC9E0020ED6202089000002011
:10C02000849F002041EA030C50EA4C0C52EA0C0CAD
:10C030004FF4001C09D307D01CEB410F9CBF1CEB35
:10C04000430F8B4208BF824270471CEB430FFBD863
:10C05000994208BF90427047F8B58B4E044696F857
:10C060002830002B2FD00334356CF26B24F00304FE
:10C070000434A54238BF254662B152F8043C144648
:10C080009D4204D114E054F8043C9D4210D0246831
:10C09000002CF8D1F368B46B1C4454F8041C611AEA
:10C0A0000B68002B68D14B689D426FDD002408E0CF
:10C0B00023680BB161685960616801B10B60A242ED
:10C0C00056D02046F8BD714B01219A6886F8281099
:10C0D00058680AB982089A605A27102220254FF022
:10C0E000400E3762802732644FF48072B5644FF49B
:10C0F00000751968C6F850E04FF4806EB7654FF4CC
:10C10000006732664FF48052B5664FF40055A1F1D6
:10C110001403C6F870E0B7674FF4804EC6F880206D
:10C120004FF40047C6F888504FF480324FF4003582
:10C130000344C6F890E04FF4802EC6F898704FF490
:10C140000027C6F8A0200222C6F8A8500125B16336
:10C150007363C6F8B0E03261F060C6F8B8705D6035
:10C160007562756001F082FA01F02EFC35637AE7A2
:10C1700023682046F363F8BD002001F091FC54F8D9
:10C18000041C611A0B68002B90D18CE7581BD6F861
:10C19000B8703D4A041DBB420C4472D2D2F8B07054
:10C1A000BB426CD2D2F8A870BB4266D2D2F8A07063
:10C1B000BB4260D2D2F898709F425AD9D2F89070A0
:10C1C000BB4254D2D2F88870BB424ED2D2F88070B3
:10C1D000BB4248D2926F934243D2376F2A4ABB4246
:10C1E0003DD2976EBB4238D2176EBB4233D2976DA9
:10C1F000BB422ED2176DBB4229D2976CBB4224D2D0
:10C20000126C93420CD2F2687369521B2B44F26099
:10C21000736110B944F8045C53E701F027FAF9E7B9
:10C2200000223768D1F808E0FF1ACB683760BEF10A
:10C23000000F01D0CEF8043013B1C3F800E0E2E7FC
:10C2400006EBC202C2F844E0DDE70122E9E7022280
:10C25000E7E70322E5E70422E3E70522E1E7062218
:10C26000DFE70722DDE70822DBE70922D9E70A2218
:10C27000D7E70B22D5E70C22D3E70D22D1E70E2218
:10C28000CFE70F22CDE700BF68920020589E002024
:10C2900001280EDC084B53F8200058B1C3681B6816
:10C2A0001BB908E0C3681B6823B100680028F9D1F6
:10C2B0007047002070477047849E002062B38B0750
:10C2C00008D0521E11F8013B00F8013B00F0248019
:10C2D0008B07F6D1830740F0208000BF103A07D3C8
:10C2E00030B4B1E83810103AA0E83810F9D230BCB8
:10C2F000530724BFB1E80810A0E8081044BF51F864
:10C30000043B40F8043BD20724BF31F8022B20F84D
:10C31000022B44BF0B7803707047121F17D35B00CA
:10C3200009D151F8043B20F8023B1B0C121F20F8E6
:10C33000023BF6D20BE051F8043B00F8013B1B0A2C
:10C3400020F8023B1B0C121F00F8013BF3D238BF50
:10C35000121D521E24BF11F8013B00F8013BF8D812
:10C360007047000030B583B00C461546FFF790FFCC
:10C37000019070B1C36804215B6A0DEB010098471E
:10C38000034630B101982A4621469847002003B061
:10C3900030BD012003B030BD38B504000D00002CC5
:10C3A00001D1012019E094F82C00002805D10020CB
:10C3B00084F82D002000FEF782FE022084F82C0075
:10C3C000211D206801F044FC62682900206801F00A
:10C3D0007BFC012084F82C00002032BD70B50400E5
:10C3E0000D00160094F82C00022801D1022012E062
:10C3F000022084F82C0032002900206801F0B4FCEF
:10C400002868022803D1052084F82C0002E00120CE
:10C4100084F82C00002070BD38B504000D0094F89D
:10C420002C00022801D102200AE0022084F82C000E
:10C430002900206801F0ACFC012084F82C000020C9
:10C4400032BD0000F0B51B4E85B0F36F0BB105B0E7
:10C45000F0BD194B6F4604AD4FF0010E06F180049C
:10C46000C6F87CE00FCB07C7190C15F8102D27F87C
:10C47000023B397004F8012B15F8012F002AF9D17D
:10C4800001F08EFC234610F8012B194603F8012B0E
:10C490000278002AF7D14A7001F08EFCFBF71CFBF2
:10C4A000064B0748C6F8943005B0BDE8F04000F0F0
:10C4B0006BBE00BFD8930020387402083D690208A3
:10C4C0006C94002038B5194D0446194A00F1080152
:10C4D0002B6902671A1D03F108009B63DA631B6472
:10C4E000144A60615B7C52F82300C3681B6B984759
:10C4F0002B690122696808330F48E1616361227684
:10C50000E276606600F0CAFD6FF070430322A0641B
:10C51000236384F868206363E86801F057FCA86827
:10C5200001F05AFC054B064A1A6038BD8000002015
:10C5300058940020849E002030740208109F002030
:10C54000CC7402082DE9F0413E4E84B03E4F316874
:10C550004B7C083157F82300C3681B6B984701F0E8
:10C5600041FC044600285CD1054628460135FFF70A
:10C570008FFE0C2103460DEB0100039343B1DB68F2
:10C580005B6A9847034600285AD0039898470443AB
:10C59000022DEAD1002C44D101F044FC2B4A6FF06B
:10C5A000704312689A4238D00124294D2046FFF783
:10C5B0006FFE03462046013C039363B300F0C2FFC5
:10C5C0002B6804209B689847306843F6FF7CB0F9DD
:10C5D0000C30B0F90810634521EAE171A8BF634649
:10C5E0008B420ADBB0F90EE0B0F90A20E64522EAF8
:10C5F000E272A8BFE646964517DA2B6800209B68D2
:10C600009847039B0E2103A8DB685B6A98470346A3
:10C6100008B103989847631CC8D1002004B0BDE856
:10C62000F081204604B0BDE8F081407C57F820003E
:10C63000D0F80CC0CDF800E0DCF81080C047DCE793
:10C640000120EFE790000020849E00208C00002055
:10C650007C010020014B1868704700BF949E0020A9
:10C66000014B5868704700BF949E002038B50125E3
:10C6700000242846FFF70CFE012178B1C3689B6AAD
:10C6800098478442B8BF04460DB9204638BD0025FE
:10C690002846FFF7FDFD01210028EFD1F1E700BF9B
:10C6A00038B5012500242846FFF7F2FD022178B1B4
:10C6B000C3689B6A98478442B8BF04460DB92046B8
:10C6C00038BD00252846FFF7E3FD02210028EFD101
:10C6D000F1E700BF014B83E803007047949E002000
:10C6E000084A0B46014670B415681A46064C074EB8
:10C6F0006D7C308054F82500054DC4682B80236A7A
:10C7000070BC184790000020849E00207E9F00206F
:10C71000829F00202DE9F04F424D85B02B78002BF1
:10C7200075D1414F1C46DFF834919A4638683F492D
:10C730003F4ADFF81C813F4EDFF824B1AB60436411
:10C74000C9F800300B8013802046FFF7A1FD43F6A7
:10C75000FF7300214FF0020C4FF0FF3E1A4688B1E4
:10C76000CDF80CA008460296CDF804C0CDF800E044
:10C7700001F098FB6FF0704248F824004BF8242039
:10C7800000284BD10134022CDED12B4801F06CFC87
:10C790002A4801F069FC2A4801F066FC294801F0AA
:10C7A00063FC294801F060FC284801F05DFCD8F8E2
:10C7B00000603B680EB9D9F800609E64344600E022
:10C7C0000446204600F09EFD80690028F8D1D8F884
:10C7D00000301F4A9C421ED053689C421AD000F081
:10C7E0009BFD304600F08EFD3B68B0F90040012211
:10C7F000B0F90200174918651748DC6483F8542023
:10C800002A70696205B0BDE8F04F00F0BDBC05B00C
:10C81000BDE8F08F012000F095FEE0E7002101F077
:10C820002BFCAFE7B09C002090000020849F0020EC
:10C83000869F0020355702081C9E00202C9E002059
:10C840003C9E0020249E0020349E0020449E002018
:10C85000AC9E0020D9590208D49C0020549F00208F
:10C86000B49E002000B9704701F070BC70B582B072
:10C8700018B90124204602B070BD0C46054600F0F0
:10C88000F5FC0346866E68468DE8480000F002FD20
:10C89000214601A801F0B2FC00280CBF01240024AD
:10C8A000E8D0019B9E4209D0284600F0DFFC019AA7
:10C8B000034668469A66009300F0ECFC284601F0B7
:10C8C00009FD204602B070BD20B319B370B582B027
:10C8D0000C46054600F0CAFC0346866F68468DE8A4
:10C8E000480000F0D7FC214601A801F087FC78B190
:10C8F000019B9E4209D0284600F0B8FC019A0346ED
:10C9000068469A67009300F0C5FC284601F0E2FCF7
:10C9100002B070BD704700BF2DE9F04F89B020B95B
:10C920000024204609B0BDE8F08F0D46814600F096
:10C930009DFC03900028F3D0C36B0DF1200A18462C
:10C940001C46019301F01CFD5AF8143D0090186C30
:10C9500001F016FD8046504600F09CFC20460C225B
:10C96000002101F021FD064620B10124204609B036
:10C97000BDE8F08F01F066FDB8F1000F074627DC37
:10C980002BE02C68002C14BF1D460025204601F02A
:10C990005DFD03460021384603F1090203F1010B56
:10C9A00001F002FD3146002840F08780384601360C
:10C9B00001F058FDBBF1010F029004DD0430214667
:10C9C0000CB101F079FD02A800F064FCB04504D080
:10C9D0002B1D002DD5D12C46D8E7002400990198B5
:10C9E00001F040FD034608A840F8103D1F6000F02C
:10C9F00051FC484600F03AFC039020B30022D0F8E6
:10CA0000AC3080F8B02053B3D0F88030934226DBAE
:10CA1000484608AD00F02AFC0346406B45F80C3D43
:10CA200001F090FD0646284600F034FC06A9484671
:10CA300001F0A2FDBDF81A3006A948463344ADF80E
:10CA40001A3001F005FE504600F024FC264B1B78FE
:10CA5000002B7FF466AF484601F0FEFD61E7009BC6
:10CA6000002BF0DB484600F001FC0346406B0593C9
:10CA700001F068FDDDF814800646D8F88450D8F837
:10CA800098702DB305A8ADB200F004FC484606A985
:10CA900001F072FDBDF81A30009A06A933446E1EEB
:10CAA000D21B484612FB05339BB29A19ADF81A30D7
:10CAB000ADF81E2001F0CCFDC5E7741E36B121464D
:10CAC000013C384601F07EFE631CF8D1012485E765
:10CAD000D8F8680001F0A6FED8F87C300546002B97
:10CAE000D0D00135CEE700BF8F9F0020F0B585B0D4
:10CAF00018B90646304605B0F0BD0D46044600F0B4
:10CB0000B5FBC66F0090AE4226D0C567204600F048
:10CB1000ADFB04AD0346406B45F80C3D01F012FD42
:10CB20000746284600F0B6FB02A9204601F024FD86
:10CB3000BDF80A3002A920463B44ADF80A3001F0A6
:10CB400087FD684600F0A6FB064B1B78002BD1D171
:10CB5000204601F081FDCDE7684600F09BFB3046A2
:10CB600005B0F0BD8F9F00202DE9F047002488B06C
:10CB70000594049420B90024204608B0BDE8F0874D
:10CB80000646994617460D4600F070FB0446019094
:10CB90000028F0D0C06BD4F834A0246C01F0F0FB76
:10CBA000804601A800F076FBB9F1FF3F3A462946DE
:10CBB00050464BD04B4601F037FE04A920460822D0
:10CBC0008DF8109001F0F0FBB8F1000F4CD000246C
:10CBD0000DF1180903AF28E0184600F047FB036881
:10CBE0000290002B66D0184600F040FB029B069096
:10CBF0009B889C4265DB0025484600F04BFB02A861
:10CC000000F048FB384600F045FBD5F800A0684628
:10CC1000009500F03FFB50460822002101F0C4FBC4
:10CC2000002856D10134444521D2304600F01EFB85
:10CC3000D0F8AC3003901BB1D0F88020002ACBDABA
:10CC4000C06B214601F00EFC0546DBE70E2301F028
:10CC5000EBFD0E2304A9204608228DF8103001F0C8
:10CC6000A3FBB8F1000FB2D10DF1180903AF0024F6
:10CC7000304600F0FBFA0346406B039301F062FC80
:10CC80000546384600F006FB4946304601F074FC84
:10CC9000BDF81A30494630462B44ADF81A3001F041
:10CCA000D7FC0D4B1B78002B7FF466AF304601F0AC
:10CCB000D3FC61E7039B2146D86B01F0D3FB05460B
:10CCC0009DE7039B30F81410D86B01F0CBFB0546B1
:10CCD00092E70124CCE700BF8F9F002000B9704786
:10CCE00030B583B00C4600F0C1FA019038B1456B05
:10CCF00001A800F0CFFA2146284601F0FBFD03B061
:10CD000030BD00BFF0B585B018B90646304605B055
:10CD1000F0BD0D46044600F0A9FAD0F884600090FA
:10CD2000AE4227D0C0F88450204600F09FFA04ADF0
:10CD30000346406B45F80C3D01F004FC07462846CD
:10CD400000F0A8FA02A9204601F016FCBDF80A304E
:10CD500002A920463B44ADF80A3001F079FC684650
:10CD600000F098FA064B1B78002BCFD1204601F03B
:10CD700073FCCBE7684600F08DFA304605B0F0BD95
:10CD80008F9F002030B583B018B90124204603B02E
:10CD900030BD0C46054600F069FA0346426C684611
:10CDA0000093019200F076FA214601A801F026FADC
:10CDB00000280CBF01240024E8D0284600F056FAD1
:10CDC000019B426C00909A4218BF4364684600F091
:10CDD00061FA284601F07EFA204603B030BD00BF5C
:10CDE00000B9704770B50D46144682B0064600F093
:10CDF0003DFAAC42C36D2246B8BF2A4601909D421F
:10CE00008565426501DD2B46C5659342C8BFC26595
:10CE100001A800F03FFA304601F05CFA02B070BDA4
:10CE200098B1002911DB30B583B00C46054600F0FF
:10CE30001DFA02AB046543F8040D184600F02AFA07
:10CE4000284601F047FA03B030BD704700B970477B
:10CE50002DE9F04784B00D461F4614460DF1100829
:10CE6000064600F003FA019001F05EFD814658F895
:10CE70000C0D01F05DFD8246404600F00BFA4D4579
:10CE800053D2544551D22146304601F055FD04ABF2
:10CE9000D0F8008043F8040D184600F0FBF929464D
:10CEA000404601F0DFFA029000283ED00DF108085C
:10CEB000D0F80090404600F0EDF9B9F1000F34D001
:10CEC000484600F0D3F90290002830D0024692F88C
:10CED0002C30D90739D443F00103304682F82C3086
:10CEE00000F0C4F9029B0390002F3CD0416C012F4D
:10CEF000426D99609A613CD0816C022F00F104026E
:10CF000003F10405D960816DD9612FD0936C032F93
:10CF1000EB60936DEB6101D0D36C2B61D36D03A8F3
:10CF20002B6200F0B7F9029A0FE000230293224629
:10CF30002946304601F03EFD0246029080B192F84B
:10CF40002C300DF10808D907C5D5BB1C21460C9C17
:10CF5000304642F8234001F07BFD404600F09AF94C
:10CF600004B0BDE8F087426D9A61C5E7C16D1962F2
:10CF7000D2E7816D021D1D1DD961C7E700B585B0DF
:10CF8000002315226946019302930393009201F056
:10CF90009BFD039805B05DF804FB00BF00B9704726
:10CFA00010B582B000F062F990F8754002AB43F81A
:10CFB000040D184600F06EF9A4F10100B0FA80F0FB
:10CFC000400902B010BD00BF10B582B018B90446C8
:10CFD000204602B010BD00F049F902ABC46D43F821
:10CFE000040D184600F056F9204602B010BD00BFEF
:10CFF00000B9704730B583B00C46054600F036F9ED
:10D00000836D416DA342C26D0190B8BF2346994222
:10D01000A8BF19468A420CD0C165284601F05AF9CA
:10D0200001A800F037F92846052101F051FD03B0B1
:10D0300030BD01A800F02EF903B030BD03680E3BEF
:10D0400010B5044640681A2B12D8DFE803F01B1114
:10D05000111111110E1111201111111111111111B4
:10D0600011112211111111111400E16801F044FD98
:10D070000023E36010BD0028FCD00021BDE8104073
:10D0800000F0FABF2146BDE8104001F049BDE06064
:10D0900010BD6FF07043E36010BD00BF034A044B46
:10D0A0001268527C53F82200704700BF90000020A5
:10D0B000AC9E00202DE9F047044682B00D4616468E
:10D0C000002B37D09A46009651460B9B2046266887
:10D0D0000A9AB047074618B9384602B0BDE8F0874B
:10D0E00001F030FD618A8046384601F039FD013D8E
:10D0F000384601F04DFD404601F04AFD002D1DDD92
:10D100004FF0000903E001F043FD013D16D054F853
:10D110001C6F0023CDF80090414620461A46B047C8
:10D1200006460028EFD1384601F04AFD304602B0ED
:10D13000BDE8F087FFF7B2FF8246C4E740461D21F5
:10D1400001F042FDBAF1FF3FC6D001F03FFD40B90A
:10D15000BA450CD0384601F043FD3846BDE70028FB
:10D16000F8D000F0CFF880698742F8D1B4E7504694
:10D17000B3E700BF70470000024B1B6803B11847BC
:10D18000704700BFC49E002080B483B000AF7860B9
:10D19000064B1A687B685A60044A7B68136000BFBC
:10D1A0000C37BD465DF8047B704700BF4C940020EF
:10D1B00070B51D4E82B07368CBB91C4B1B6803B1B0
:10D1C00098471B4B1B680BB1984768B9194B1B68F4
:10D1D00093F8540008B902B070BD01F045FD00306D
:10D1E00018BF012002B070BD012002B070BD124B0B
:10D1F0001C688CB1204600F039F8034601A89A6AF1
:10D20000019312040BD55D6900F044F820462C46CA
:10D2100001F042FD002CEDD100237360CDE701A8A1
:10D220005C6900F037F8E4E7B09C0020609F0020C4
:10D23000189F002090000020549F002008B5034B49
:10D240007422196801F040FE08BD00BF9000002064
:10D2500000F0C2BD00F0BABD08B5034B0146742210
:10D26000186801F031FE08BD90000020084AD1691D
:10D27000536B013110B4D16103EBC00413F83020BB
:10D28000013203F8302060685DF8044B08307047C5
:10D290006892002003680B4A30B4044653F8085CD7
:10D2A000506B10F83530012B03D9D16909B1013920
:10D2B000D1610022013B00F835301046226030BCBD
:10D2C000704700BF68920020B1F90030B0F900202B
:10D2D0009A42B0F90220B8BF0380B1F902309A42F5
:10D2E000B0F90420B8BF4380B1F904309A42B0F9D4
:10D2F0000620C8BF8380B1F906309A42C8BFC380F8
:10D30000704700BF034B5B6B03EBC0004068083005
:10D31000704700BF68920020044A054B11684A7CA0
:10D32000083153F82200C3681B6B18479000002097
:10D33000849E00202DE9F04FDFF864B18946044651
:10D340005548DBF800101E4687B092464F7CC35705
:10D350003846012B40F38E8001F0BCFD054638466F
:10D3600001F0C8FD0746002C00F0818005A904A843
:10D3700001F0D0FD049A059B1544B4F900201F4428
:10D38000B4F9023022EAE272013D23EAE373013F7D
:10D39000114602921846B4F9042003939542D4BF73
:10D3A000C1EB0501C1EB0201B4F9063002460D469E
:10D3B0009F42D4BFC2EB0702C2EB030201351746FE
:10D3C000013706B97E42002D4DDD002F4BDD109B4D
:10D3D0002A46039900933346029801F0A9FD80463E
:10D3E00000284FD001F0E6FD8742064604D0DBF866
:10D3F0000030986C00284BD140463D46002401F097
:10D40000F5FD0EE0AD1BACB950463444C847234B84
:10D41000FF201B6803B19847404601F011FEA74268
:10D4200012DDAE42EEDD2946404601F011FEAD1B95
:10D43000002CE9D0039B40460299E21801F022FE3D
:10D44000404601F051FEDFE7404601F071FE00204A
:10D4500001F0CCFDB74206D0DBF80030986C10B17B
:10D46000332101F08BFE002007B0BDE8F08F03945C
:10D470000294A6E701F096FE0546384601F0A2FEAA
:10D48000074670E75046C847012007B0BDE8F08F57
:10D49000322101F073FEAFE7809F0020709F0020D3
:10D4A0009000002030B583B00446FFF7DFFE40F661
:10D4B0000103826A01901340012B0ED001A8FFF7EF
:10D4C000E9FE2046FFF71EFF826A1B4B204612F43E
:10D4D000803F1A4A08BF13469847194B1B680BB97F
:10D4E00003B030BD204601F07DFE2046FFF70AFF65
:10D4F0008569046A002DF3D084B12046FFF702FF4E
:10D50000836A03F00303032B11D0204601F06AFE67
:10D510002046FFF7F7FE046A002CEED12846FFF7FD
:10D52000F1FE8569046A002DE6D103B030BD2046C6
:10D5300001F0C4FEE9E700BFDD2B0208AD2D0208B3
:10D540003C9F002070B50A4D01282A68567C01D9FD
:10D55000304670BD0446FEF79BFE0028F8D02B68CD
:10D560005C7401F00BFF034B30461C6070BD00BFC4
:10D57000900000205C9F00203A4B1B682DE9F04191
:10D580005D7C82B0012D03DD012002B0BDE8F08199
:10D59000354E0446736813B1014628469847012C5E
:10D5A00027D0022C0FD0002CEED1AC00DFF8B880D1
:10D5B0003719BB68012B3AD001202644002B18BF35
:10D5C000013BB360E1E72846FEF762FE01900028C8
:10D5D000DAD0C3680D2101A85B6A98470446002889
:10D5E000D2D0336803B1984702210198A0470020A8
:10D5F000CBE706EB8506B7681FB101372046B76059
:10D60000C3E72846FEF744FE01900028BCD0C3685B
:10D610000D2101A85B6A984703460028B4D0214633
:10D6200001989847B36838460133B360ADE72846A0
:10D63000FEF72EFE019088B1C3680D2101A85B6A38
:10D640009847054650B1D8F8003003B198470021FB
:10D650000198A847331900209B68AEE7BB680120FA
:10D66000ABE700BF90000020A49D0020C04BDA680B
:10D67000F0B5013A9C6B0D182244AA4203D30A5814
:10D68000002A00F0A1808C4205D251F8042C8A1A9D
:10D690001468002C4AD0D3F8B840B54AA04280F0B4
:10D6A0001E81D2F8B040A04280F01B81D2F8A84081
:10D6B000A04280F01881D2F8A040A04280F01581ED
:10D6C000D2F89840A04280F01281D2F89040A04257
:10D6D00080F00F81D2F88840A04280F00C81D2F80F
:10D6E0008040A04280F00981946FA04280F00781C1
:10D6F000126F904280F005819C6E9D4AA04280F09E
:10D700000281146EA04280F00081946DA04280F0EE
:10D71000FE80146DA04280F0FC80946CA04280F0EA
:10D72000FA80126C904280F0A680F0BD5168D3F868
:10D73000B85008448E4CA94280F0F980D4F8B0501B
:10D74000A94280F00681D4F8A850A94280F0FF8059
:10D75000D4F8A050A94280F0F880D4F89850A9429B
:10D7600080F0FC80D4F89050A94280F0FF80D4F87B
:10D770008850A94280F0F880D4F88040A14280F01F
:10D78000F1809D6F7A4CA94280F0EA80256FA94212
:10D7900080F01381A56EA94280F00D81256EA9420B
:10D7A00080F00781A56DA94280F00181256DA94215
:10D7B00080F0FB80A56CA94280F00481246CA1421A
:10D7C00080F08180114666E76A68D3F8B86010443B
:10D7D000B24280F0AE80D3F8B060B24280F0B28046
:10D7E000D3F8A860B24280F0AA80D3F8A060B24219
:10D7F00080F0A280D3F89860B24280F0AC80D3F879
:10D800009060B24280F0BF80D3F88860B24280F06E
:10D81000B780D3F88060B24280F0AF809F6FBA4289
:10D8200080F0A8801F6FBA4280F0B9809F6EBA4224
:10D8300080F0B2801F6EBA4280F0AB809F6DBA421A
:10D8400080F0A4801F6DBA4280F0AC809F6CBA4219
:10D8500080F0B5801E6CB242FFF415AF4FF0000EA1
:10D860001E68AF68B21AED681A6007B17D60002DBE
:10D8700058D02F6007E70022083200270D1801F169
:10D88000080603EBC204646848608C6009610F609D
:10D8900045F8040C04B166601D6800278C6003EB3A
:10D8A000C202CF60411993F8294056601960304A8E
:10D8B000002C7FF43AAFD3689468591AA1427FF6DE
:10D8C00034AF9160F0BD00261C689568611AD46879
:10D8D000196005B16C6004B325601146DBE60F22C8
:10D8E000CAE70E22C8E70D22C6E70C22C4E70B22C6
:10D8F000C2E70A22C0E70922BEE70822BCE70722E6
:10D90000BAE70622B8E70522B6E70422B4E7032205
:10D91000B2E70222B0E70122AEE703EBC6061146EA
:10D920007564B8E603EBCE0ECEF84470ABE60F2676
:10D93000CAE74FF00F0E93E74FF00C0E90E74FF051
:10D940000D0E8DE74FF00E0E8AE70C26BCE70D2674
:10D95000BAE70E26B8E74FF00B0E81E70B26B3E7C8
:10D960000726B1E70826AFE70926ADE70A26ABE7A9
:10D97000689200204FF0070E72E74FF0080E6FE735
:10D980004FF0090E6CE74FF00A0E69E74FF0030EF7
:10D9900066E74FF0040E63E74FF0050E60E74FF0C7
:10D9A000060E5DE74FF0020E5AE702268CE70326CB
:10D9B0008AE7042688E7052686E7062684E74FF0EF
:10D9C000010E4DE701267FE72DE9F843314DEB6A63
:10D9D00073B9314B9C685B680834B3FBF4F40234D0
:10D9E000E00001F0D5FC804660B90120BDE8F88375
:10D9F0002B691C1D04EBD304E00001F0C9FC804638
:10DA00000028F2D0696B2A6901EBC000234BD200D9
:10DA1000EF6A46681B680836304698472869611ED9
:10DA20006E63C5F82C80884232D206EBC0020346F2
:10DA3000013308328B4242F8043CF9D106EBC101B4
:10DA40004FF00008DFF84C90C1F804806B68686202
:10DA5000181A2C6104446C60BFB1FC002644716844
:10DA60004868FFF703FED9F80430D9F8341040466F
:10DA7000D9F8242001330C44C9F80430626001F85D
:10DA80003780C9F82470BDE8F8833846BDE8F883CC
:10DA90000146D3E768920020589E002074010020C0
:10DAA0002DE9F04FDFF8A48183B08246D8F80C70DE
:10DAB000C146D8F83830013F5E681F441D6835B153
:10DAC00033449F4206D993E86000002DF8D199199C
:10DAD0008F4203D8012003B0BDE8F08F9D594C68F8
:10DAE00055B1D8F8342012F8350002EBC5020128F0
:10DAF00005D026460B46E2E726460B46E7E7D9F86F
:10DB0000B800D9F82CB0B04273D9D9F8B000B042FF
:10DB100075D9D9F8A800B04274D9D9F8A000B0429C
:10DB20006AD9D9F89800B04278D9D9F890008642DD
:10DB30006ED2D8F8880086426DD2D9F8800086422D
:10DB400063D2D9F87800864274D2D9F87000864240
:10DB500073D2D9F86800864266D2D9F8600086424E
:10DB600065D2D9F8580086425BD2D9F85000864277
:10DB700069D2D9F8480086421FD2D9F840008642BF
:10DB80005ED253601846224601F0BCFD5D45034657
:10DB90000BD01C4430462146FFF768FDBAF1000F58
:10DBA00001D0504507D223468BE7D8F83420921B8A
:10DBB000C8F83420EDE700208DE701200190D8F867
:10DBC0000000D3F808E0801BD3F80CC0C8F80000B0
:10DBD000BEF1000F01D0CEF804C0BCF1000F02D09E
:10DBE000CCF800E0CDE7019808EBC000C0F844E0B5
:10DBF000C7E70F200190E2E70C200190DFE70E203D
:10DC00000190DCE70D200190D9E708200190D6E7CC
:10DC10000A200190D3E709200190D0E70B20019062
:10DC2000CDE703200190CAE705200190C7E7042053
:10DC30000190C4E707200190C1E706200190BEE7EC
:10DC400000200190BBE702200190B8E76892002015
:10DC500070B40200002500230868012816D014685B
:10DC6000E40BE4034868044388680443C868044339
:10DC7000086904434869044388690443C869044344
:10DC8000086A0443486A044314601AE0166836F4CC
:10DC9000F846C8690643086A06434C6A3443566826
:10DCA000F60BF6034868064388680643C8680643CF
:10DCB00008690643486906438869064333001460CF
:10DCC0005360002070BC7047F0B4030000200024B3
:10DCD000012A1FD09D6815F070450E68761E3543E9
:10DCE0004E68761E55EA06158E68761E55EA06259C
:10DCF000CE68761E55EA06350E69761E55EA06454B
:10DD00004E69761E55EA06558E69761E55EA0665F9
:10DD10009D6023E09E68134D3540CE68761E55EA1F
:10DD200006354E69761E55EA0655DE6816F07046D1
:10DD30000F687F1E3E434F687F1E56EA07168F68A6
:10DD40007F1E56EA07260F697F1E56EA07468F692F
:10DD50007F1E56EA076634009D60DC600020F0BC40
:10DD600070470000FF0F0FFF18B403000020009061
:10DD70000C68486804438868401E54EA4014C86828
:10DD800054EA4024009400981861002012BC7047A7
:10DD90000200506950EA41005061002070470000C5
:10DDA000044B3422352061219A701870184619717D
:10DDB000DA7070476C01002080B54FF420510248A2
:10DDC00001F0A6FC01BD00BF08040020014B1B6848
:10DDD0005B6818477C010020014B1B681B681847D3
:10DDE0007C01002038B50B4D2C680CB1002038BDEB
:10DDF000094B18688000FEF72FF9286038B1074BEF
:10DE0000074840F8043FFFF7BFF9204638BD01201E
:10DE100038BD00BF689F002080010020DD7202082D
:10DE2000709E00202DE9F84F01F07AFCB0F1000956
:10DE30002FDD0025184FDFF868B02846FEF728FAD6
:10DE400020B33B68284693F811805D74FCF70AFC08
:10DE5000082818DC5BF82530104A1B69934212D061
:10DE6000284601F06DFC061E0DDD00245FFA84FAE1
:10DE70000134504601F074FC51460246284601F038
:10DE80007DFCA642F2D13B6883F811800135A9459B
:10DE9000D3D1BDE8F88F00BF9000002010730208B6
:10DEA000849E00202DE9F04F87B0684C81468A4659
:10DEB000DDF84080154627681E46139CB8F1000F18
:10DEC0000DD1634B1B88002B68D104F12C0001F0AD
:10DED0006FFC044620BB204607B0BDE8F08FB8F1C8
:10DEE000FF3F66D04046FFF7C1F9B0F90020B0F916
:10DEF0000230914401909A441DB9B0F90450AD1A12
:10DF000001351EB9B0F90660F61A013601A8FFF70F
:10DF1000C1F904F12C0001F04BFC04460028DAD0D2
:10DF20004B4A4D44119B56440DF1180B013D1F43C4
:10DF30001388013E01331380FFF798F9454A0346E1
:10DF4000816A3A4012984BF8183D0A4318619D8047
:10DF50005846DE80A3F80090A3F802A09A62FFF76B
:10DF600099F93D4B1868002851D11C604146204664
:10DF700001F056FCBA062AD4F8071DD4790622D43B
:10DF8000BB0752D4012306A92046039441F8103D53
:10DF900001F0B0FC204607B0BDE8F08F2F4A304BAF
:10DFA0001268527C53F822305A1C012A8DD99846A7
:10DFB00098E74FF0000888E72A4A7906136803F1CA
:10DFC00001031360DCD5204601F0B2FCD8E7234EF4
:10DFD000254633689C6400E005462846FFF792F921
:10DFE00080690028F8D11E4B1A6895421AD05B68E8
:10DFF0009D4216D0FFF790F92046FFF783F933686A
:10E00000B0F90010B0F90220D9641A65B4E7FFF73F
:10E0100079F905462046FFF775F96B6943616C6134
:10E02000A4E70120FFF78EFAE4E72046FFF71EF988
:10E03000034658469A6A009342F002029A62FFF73A
:10E0400029F90021204600F017F89BE7449F0020A3
:10E05000869F00209F3F3F00549F0020900000209B
:10E06000AC9E00203C9F0020024B1A6802601860A2
:10E07000704700BF389F00202DE9F04186B00C4664
:10E080008046FFF7F3F8876A0090B9072ED504AEF3
:10E09000FA0303C886E8030047D47CB1206802ABCA
:10E0A0006168009C03C3B4F9022002A8B4F900100F
:10E0B00001F084FC02A93046FFF706F9454608E066
:10E0C000FFF702F9019B01A89C69ACB12546FFF757
:10E0D000E1F82846FFF7CAF8034630469A6A19461F
:10E0E00001939307ECD401A8FFF7D4F86846FFF733
:10E0F000D1F806B0BDE8F081FFF7CCF8124B1A68F2
:10E10000AA4202D05B689D42F0D140F601033B4039
:10E11000012B10D031464046202201F061FC6846B8
:10E12000FFF7B8F806B0BDE8F081404601F0CAFC40
:10E13000002CB3D1C2E70099304620230A6A8969CE
:10E1400001F012FED2E700BFAC9E00202DE9F043A3
:10E1500087B00F46FFF78AF8D0F81C9006AB43F85B
:10E16000140D1846FFF796F8B9F1000F42D00025BC
:10E170004FF01508484602A9039504950595CDF87A
:10E18000088000F0A1FC059B48469F4216D0FFF78F
:10E19000B9F8C46924B914E0FFF7B4F8046A84B18B
:10E1A000204602A9039504950595CDF8088000F056
:10E1B0008BFC059B20469F42EED1204607B0BDE870
:10E1C000F0834846FFF79EF8C6695EB1394630468F
:10E1D00001F036FE0028F1D13046FFF793F8066AC9
:10E1E000002EF3D14846FFF78DF8D0F82090B9F112
:10E1F000000FBFD1002007B0BDE8F083F0B507687D
:10E2000083B005460E46CFB9002E58D033464FF0A6
:10E21000FF3200E0224613F8010B541C0028F9D10C
:10E22000941C384601F034FE844222D0204601F08E
:10E230003BFE074668BB002003B0F0BD3846FFF741
:10E2400015F8224B0190002E14BF32461A460028C2
:10E2500008BF1846137801788B4206D15BB310F8DB
:10E26000011F12F8013F8B42F8D001A8FFF712F806
:10E27000CAE7384602ADFEF7F9FF154B2246314694
:10E2800045F8040D1B6898472846FFF703F801205E
:10E29000D2E702ACFEF7EAFF314644F8040D00F085
:10E2A0000BF92046FEF7F6FF284601F001FE01209B
:10E2B0002F6003B0F0BD01A8FEF7ECFFBBE73846C6
:10E2C00001F0E6FD0028B6D03446AFE72878020812
:10E2D0007401002000B970472DE9F04184B0074671
:10E2E000FEF7C4FFD0F82880009018F0020F1ED06F
:10E2F00002AE18F4803F03C886E803001DD13D46F6
:10E3000008E0FEF7E1FF019B01A89C69CCB125461E
:10E31000FEF7C0FF2846FEF7A9FF034630469A6A7B
:10E32000194601939307ECD401A8FEF7B3FF6846A2
:10E33000FEF7B0FF04B0BDE8F081384601F0C2FB43
:10E34000DDE7FEF7A7FF0D4B1A68954202D05B6828
:10E350009D42ECD140F6010308EA0303012B05D0EE
:10E3600031463846202201F03BFBE0E70099304679
:10E3700020230A6A896901F0F7FCD8E7AC9E0020E7
:10E3800010B582B018B90446204602B010BDFEF7A1
:10E390006DFF02AB048843F8040D1846FEF77AFFC0
:10E3A000204602B010BD00BFA8B32DE9F0410446DD
:10E3B00082B0084682BB154602AE2046FEF756FFE5
:10E3C0000346078846F8080D3046D3F80480FEF768
:10E3D00061FF791C4046890001F086FD804660B3EC
:10E3E000FEF744FF034602A840F8043D43F82750D7
:10E3F000FEF750FF2046FEF739FF034630461A88E5
:10E40000C3F80480013200931A80FEF743FF002016
:10E4100002B0BDE8F0817047114601F0D5FD054618
:10E420000028C9D12046FEF721FF02AB43F8080DB2
:10E430001846FEF72FFF0120EAE7284601F00EFEFE
:10E440000120E5E7082001F0B3B900BF014630B173
:10E450000346581A13F8012B002AFAD170474FF0DF
:10E46000FF30704710B582B008B30C46FEF7FEFED1
:10E47000038800909C4206D300246846FEF70AFFFA
:10E48000204602B010BD40680028F5D0FEF7EEFE31
:10E4900002AB50F8244043F8040D1846FEF7FAFE8C
:10E4A000002CE9D02046FEF7E1FE0446E5E70446ED
:10E4B000204602B010BD00BF8A07844600F00780E6
:10E4C00011F8013B00F8013B8A07DBB1F8D1820764
:10E4D00004C928D1B2F10133934313F0803F02BF46
:10E4E00040F8042B04C9F5E7FF210A42027009D065
:10E4F00011EA1223437005D011EA1243837001D050
:10E50000120EC27060467047130AA0F80130130E55
:10E51000C37000F8042B04C9B2F10133934313F024
:10E52000803FF1D0E0E7D242F6D0B2F1013393431D
:10E5300013F0803F01BF130C438020F8042B04C963
:10E54000C8D0D1E700B9704700B583B0694601F083
:10E550009FFDBDF90220BDF90010684652424942B4
:10E5600001F02CFABDF90630BDF90200181A01308D
:10E5700003B05DF804FB00BF002867D0002965D018
:10E580002DE9F043054687B00E46FF21FFF7DEFD7B
:10E59000FE2181462846FFF7D9FD8046284606AC75
:10E5A000FEF7B0FE142203462846B3F90270B3F911
:10E5B000005044F8102D2146CDF814D000F084FA14
:10E5C000B8F1000F24D1B9F1000F1AD06D427F428B
:10E5D0004846FEF797FE3A4603C884E803002946FA
:10E5E000204601F0EBF94846FEF78CFE836A03F4FF
:10E5F0008173B3F5817F04D1BDF80A30013BADF8DA
:10E6000006306B4603CB3060716007B0BDE8F08325
:10E6100040466D42FEF776FE7F4203C83A4684E8E4
:10E6200003002946204601F0C9F94046FEF76AFE7C
:10E63000836A03F08203822B04D1BDF80830013BCA
:10E64000ADF80430B9F1000FDBD0C1E7704700BF6F
:10E6500000B97047FFF710BD2DE9F04F0123DFF837
:10E6600060A187B081468AF80030FEF7FFFD0646BC
:10E6700004A948460396FFF77FFF706BFFF762FF20
:10E680000546D6F88400BDF91640BDF91270002881
:10E6900000F08180E41B0134641BB4FBF0F5002D15
:10E6A00008BF012504A94846FFF766FFBDF91430ED
:10E6B000039EBDF91080706BC8EB0308F36B0193E8
:10E6C00001F0E8FC071E08F1010831D04FF000040A
:10E6D00009DDA34659460BF1010B706B01F0F2FC0A
:10E6E0005F450444F6D1039B93F8B360B20725D489
:10E6F000F3072FD4039BD86BFFF742FE06AA00282E
:10E7000008BF012052F80C3DC3F894001046C3F82E
:10E710009C50C3F8A880C3F8A040FEF7BBFD484654
:10E7200001F0F6FC00238AF8003007B0BDE8F08F56
:10E73000039B012493F8B360B207D9D50198FFF782
:10E740001FFEA842484694BF0021012101F01EFD92
:10E75000F307CFD5A0454846ACBF0021012101F009
:10E760003FFD039F04A94846FFF706FF786BFFF7BC
:10E77000E9FE8346D7F88400BDF91660BDF9125052
:10E78000A0B1761B0136CBEB0603B3FBF0F5002DF1
:10E7900008BF0125AEE7B06E00F044F8F36F03B197
:10E7A000013000287FF476AF05467BE7B86E00F0B5
:10E7B00039F8FA6F02B101300028E2D1054699E735
:10E7C0008F9F002030B583B00C46FEF74FFD0388C5
:10E7D0000090A34201D9406820B96846FEF75AFD6F
:10E7E00003B030BDA500FEF741FD03462844019368
:10E7F00001F05EFB009B1A88013A92B2A2421A8095
:10E8000007DD019B121B291D92005819194400F0C5
:10E8100079FF01A8FEF73EFD6846FEF73BFD03B019
:10E8200030BD00BF407E704700B970472DE9F0470A
:10E83000154686B00C461E460746FEF717FD804675
:10E840000090002D38D0284601F0F4FC031C8146CE
:10E8500018BF01231CB913B906B0BDE8F087D8F87A
:10E860004CA064B30023684602940493ADF80C6096
:10E87000FEF710FD5046FFF783FD09F11102044633
:10E8800002A95046FFF790FD0028E5D121465046E9
:10E89000FFF7E8FD0190B9F1000F24D180F80C904A
:10E8A00001A8FEF7F7FC3846FFF714FD384601F0E3
:10E8B000DDFCFFF70FFDCFE72B46A946CAE7D8F8E6
:10E8C000340001F0DDFC8046284601F0E3FC009BAB
:10E8D0000749DA6ACB6914681C4400EB44044046DB
:10E8E00001F0CEFCBEE729460C30FFF7E5FDD7E787
:10E8F0006002002000B9704730B583B00D46044671
:10E90000694601F0C5FBBDF90430BDF900102A4687
:10E910002046591A013101F0C7FC204601F0A6FC3F
:10E92000FFF7D8FC03B030BD006CFFF729BD00BF76
:10E93000C06BFFF725BD00BF10B584B00C46FEF7D5
:10E9400095FCD0F8AC300290B3B1D0F88020002A0A
:10E9500012DB1846FEF78AFC03680190BBB118462B
:10E96000FEF784FC019B03909B88A34219DC0024E2
:10E9700003A8FEF78FFC10E02146C06BFFF772FD85
:10E98000044602A8FEF786FC204604B010BD029B98
:10E990002146D86BFFF766FD044601A8FEF77AFC16
:10E9A000EFE7029B30F81410D86BFFF75BFD0446CD
:10E9B000DEE700BF002849D02DE9F04385B00C46C2
:10E9C0001546064604AFFEF751FC0190FFF7ACFF79
:10E9D000804657F80C0DFFF7ABFF81463846FEF72F
:10E9E00059FCA0452ED9A9452CD929463046FFF718
:10E9F000A3FF04AB066843F8040D1846FEF74AFC73
:10EA000021463046FFF72EFD029050B1056802A85E
:10EA1000FEF740FC2DB12846FEF728FC05B0BDE806
:10EA2000F083302000F0C4FE054658B12146304640
:10EA3000FFF718FD02900028EDD0056002A8FEF750
:10EA400029FCE8E7002005B0BDE8F083002070470E
:10EA500000292FDB2DE9F04385B00F460546FEF770
:10EA600005FC0446406B0194FFF76CFD019E804657
:10EA7000D6F88440D6F89890ECB101A8A4B2FEF77D
:10EA800009FC284602A9661EFFF776FDBDF80A308C
:10EA9000C9EB070202A94344284612FB04339BB288
:10EAA0009A19ADF80A30ADF80E20FFF7D1FD05B088
:10EAB000BDE8F0837047B06EFFF7B4FEF36F044615
:10EAC000002BDAD00134D8E700B9704700F012BF4C
:10EAD00010B5262384B00391009308B904B010BD8B
:10EAE0000446FEF70FFC80690028F7D069460294BF
:10EAF00000F000FF04B010BD80B179B130B583B033
:10EB00000C46FEF7B3FB02AD214645F8040D01F0BB
:10EB1000F7FB2846FEF7BEFB03B030BD704700BFD1
:10EB200079B138B500B938BD0C460546FEF7EAFBA9
:10EB300080690028F7D0A5602146BDE8384000F084
:10EB4000D9BE704700B585B01722002304A90393EE
:10EB500041F8102DFFF7B8FF039805B05DF804FBEE
:10EB600000B9704730B583B00C460546FEF77EFB12
:10EB7000418E0346019034EA010204D02143284625
:10EB80005986FFF7A7FB01A8FEF784FB03B030BD51
:10EB900000B9704710B582B00446FEF767FB826A81
:10EBA00003460190910705D442F0020220469A6282
:10EBB00001F0B4FB01A8FEF76DFB02B010BD00BF71
:10EBC00008B100F069B8704700F0D8BA024A034BA8
:10EBD000126853F8220070475C9F00209C9E002022
:10EBE00070B510B90024204670BD064601F0ECFB5C
:10EBF0000446002830D13046FEF784FBC569AC429C
:10EC000008BF00252C4610E02046002CEAD0FEF775
:10EC100079FB036A1BB93046FEF774FBC3699C425B
:10EC200014BF1C460024A54204D0204601F0F2FB8C
:10EC30000028E9D0002CD5D00A4D20462E6801F0DE
:10EC400005FC421C0346CED020462B6001F018FC88
:10EC50002E600028C6D1C6E7FEF754FB056A002DDA
:10EC6000CDD1C8E75C9F0020094A136851688B42E8
:10EC70000CD010B5074CA34293E8030014BF08332F
:10EC8000503B136001F04EFC012010BD0020704786
:10EC900088010020BC9900202DE9F0477F4E0446F2
:10ECA00086B0306848B1A04202D109E0844207D062
:10ECB000FEF728FB40690028F8D106B0BDE8F087D0
:10ECC000254600E01D462846FEF71CFB8369002B05
:10ECD000F8D1734F3A68954200F0D8807B689D4226
:10ECE00014BF4FF0FF3501250B230DF11808204606
:10ECF000039448F8103D414600F0FCFD204601F029
:10ED00002FFC2046FEF7B2FA436A0190002B40F038
:10ED10009C80644B0021644A1B686448816052F8FF
:10ED20002300844208BF42F82310614A52F823109E
:10ED30008C4200F08E805F4B1B6853B1002101E0D4
:10ED40001B6833B15A689442FAD159601B68002B92
:10ED5000F8D120460721FFF7BBFEDDF80490D9F873
:10ED60001C00002857D12046FEF780FA81690290E6
:10ED700000295CD14046FEF78DFA306858B1FEF7A5
:10ED8000C1FA804640698442F8D12046FEF7BAFABB
:10ED90004369C8F81430019B9B6AD90703D54649DB
:10EDA0000A68013A0A609A063CD401A8FEF772FA92
:10EDB000424A20461388013B138001F04FF96B1C37
:10EDC0003FF47BAFDFF8FC8057F82550D8F80030CF
:10EDD00005B935689D642C4600E01C462046FEF7C8
:10EDE00091FA8369002BF8D139682D4A8C424FD0B3
:10EDF00053689C4250D0FEF78FFA2846FEF782FAFD
:10EE0000D8F80030B0F90010B0F90220D9641A65C2
:10EE100006B0BDE8F087FFF73FFFD9F81C000028D7
:10EE20009FD1A0E7264A1388013B1380BDE7026A01
:10EE3000202300F099FF2046FEF764FA814680699E
:10EE400058B9029B00229A6194E7184600F070F9C5
:10EE50005FE7002142F823106DE7FEF753FAC3691C
:10EE600082469C420BD0002BEBD01846FEF74AFAA4
:10EE7000036A9C42F7D1D9F820300362E1E72046CB
:10EE8000FEF740FA036ACAF81C30DAE71D462BE7A2
:10EE90001846FEF757FBAEE70120FAE7549F002023
:10EEA000AC9E00205C9F00209C9E0020B09C002017
:10EEB000A49E0020389F00203C9F0020869F0020B9
:10EEC000849F00209000002010B50446FDF7F6F95D
:10EED000204610BD012801DD0020704710B5FDF768
:10EEE000D7F928B1C36801219B6ABDE810401847D3
:10EEF000002010BD012801DD0020704710B5FDF78E
:10EF0000C7F928B1C36802219B6ABDE810401847C1
:10EF1000002010BD044A054BB2F90020B3F90030BF
:10EF200002600B60704700BF7E9F0020829F002020
:10EF30002DE9F0431C4D0F4606461C4C296885B050
:10EF400090469946487C54F8204001E02468DCB1A2
:10EF5000E3681A68042AF9D1DB6A01212046984740
:10EF60000546B8B12469A3689847013016D00C99BA
:10EF70004B4642460294009139460195304601F0D5
:10EF800027FB05B0BDE8F083FDF782F9044608B120
:10EF9000C368E1E7002005B0BDE8F0830C9B044C9A
:10EFA00043F001030C93E2E790000020849E0020D0
:10EFB0002873020810B582B060B1FEF757F902ABB2
:10EFC000B0F90A4043F8040D1846FEF763F92046ED
:10EFD00002B010BD044B1B68186E0028EDD104462A
:10EFE000204602B010BD00BF90000020F0B5134FC6
:10EFF00083B03B681E6ED8B10446B6B901F084FBFD
:10F000002046FEF733F902AD3B6845F8040D1C6657
:10F01000006801F083FB2846FEF73CF901F0CCFBC9
:10F02000FEF77AF9304603B0F0BD00F0A7F9E5E746
:10F0300000F0A4F9304603B0F0BD00BF90000020FE
:10F0400000B97047014A114601F0C8BB01F0FFFF4B
:10F0500010B50C4682B060B1FEF708F9B0F90A307D
:10F060000190A342C8BF448101A8FEF713F902B082
:10F0700010BD034B1B68186E0028EDD102B010BD07
:10F080009000002030B50C4683B028B9154B1B68A2
:10F09000186E08B903B030BD15B224B2FEF7E6F819
:10F0A000C58084800090FEF737F9009B586920B92D
:10F0B0006846FEF7EFF803B030BDFEF7D7F8009BC7
:10F0C0000190B3F90820B3F90A308280C38013B1EC
:10F0D0000AB10480458001A8FEF7DCF86846FEF717
:10F0E000D9F8E8E79000002010B582B028B90F4B9E
:10F0F0001B68186E08B902B010BDFEF7B7F802AB76
:10F10000446943F8080D1846FEF7C4F8002CF2D005
:10F11000204602ACFEF7AAF8826844F8040D936812
:10F1200098472046FEF7B6F802B010BD90000020C8
:10F13000C0B1114B1B681B6E984210B5044682B0DB
:10F1400016D02046FEF792F8436901905BB900683B
:10F1500001F0C2FB01A8FEF79DF8204600F07EFFFB
:10F1600002B010BD7047184601F0B8FB0198EEE7F9
:10F1700000F004F9E5E700BF9000002030B500235F
:10F1800085B00C4605460193009302930393FEF766
:10F19000B9F803691BB1019568460094984705B01A
:10F1A00030BD00BF012801DD0020704710B5FDF71C
:10F1B0006FF828B1C36803219B6ABDE81040184767
:10F1C000002010BD012801DD0020704710B5FDF7BB
:10F1D0005FF828B1C36804219B6ABDE81040184756
:10F1E000002010BD2DE9F04782B00646FEF73EF83C
:10F1F000836A01909B0724D5C46914B301AD04E070
:10F200000C6A6846FEF746F8ACB12046FEF72EF8C9
:10F21000836A0146009003F00303032BF0D10199A8
:10F22000083101F071FB98B9009968460C6AFEF745
:10F2300031F8002CE9D12846FEF72CF802B0BDE8E1
:10F24000F08701AD2846FEF725F802B0BDE8F0874B
:10F25000019B2846B3F908A0B3F90A90B3F90C80D2
:10F26000B3F90E70FEF716F86846FEF713F820465D
:10F2700000F024F888B93046FDF7F8FF01902046E9
:10F28000FDF7F4FF019B00900146A3F808A0A3F846
:10F290000A90A3F80C80DF81B2E72046FEF732F82F
:10F2A00000902046FFF79EFF2046FEF72BF80090C7
:10F2B0003046FEF727F80190DDE700BF2DE9F04367
:10F2C0002A4D83B006462B68986CFDF7CFFF00905F
:10F2D0003046FDF7CBFF009B0146019003F108008B
:10F2E00001F012FB50B904466846FDF7D3FF01A8B0
:10F2F000FDF7D0FF204603B0BDE8F08302AF0199CF
:10F300002B68012457F8082D01F10800D3F84C9020
:10F310000832D3F8508001F015FB3846FDF7BAFFEC
:10F3200002A82B6850F8042D114FB2F90010B2F961
:10F330000220D9641A653E60FDF7ACFF3046FDF748
:10F34000E1FF826A0B4B304612F4803F0A4A08BF45
:10F35000134698472B6800222046C3F84C90C3F808
:10F3600050803A6003B0BDE8F08300BF90000020F9
:10F37000409F0020DD2B0208AD2D020808B501F0EA
:10F380000DFB01F019FABDE8084001F029BB00BFF0
:10F390002DE9F041C14C054694F82830002B00F0CF
:10F3A000F780206C854202D3E81C20F0030000F1B6
:10F3B0000C062368B94DB34202D20020BDE8F081AB
:10F3C0006B682A6B934240F25681656A013B626B1F
:10F3D00001214FEAC508636002EB08035B686362C2
:10F3E00002F83510002DE8D0AC4FD4F8B8E07645DF
:10F3F00080F02381D7F8B0309E4280F02081D7F88A
:10F40000A8309E4280F01D81D7F8A0309E4280F047
:10F410001C81D7F898309E4280F01581D7F8903043
:10F420009E4280F01681D7F888309E4280F00F818E
:10F43000D7F880309E4280F01081BB6F9E4280F0F2
:10F440000A813B6F9E4280F00C81A36E9E4280F049
:10F4500006813B6E9E4280F00681BB6D9E4280F02D
:10F4600004813B6D9E4280F00481BB6C9E4280F023
:10F47000FE803B6C9E424FF0FF3328BF00230F2BD2
:10F4800011D8002104EBC100436C2BB907E05A6886
:10F4900096421CD99B6813B19B68002BF7D10131B0
:10F4A00008301029F0D13046FEF7FAFA00289CD037
:10F4B00063680021626B666A0133904408466360AA
:10F4C000C8F8046002F835106562BDE8F081216C6F
:10F4D000971B01F10C0087422CBF30461046964521
:10F4E00040F2F580D4F8B0706C4EBA4280F0F180F2
:10F4F000D6F8A870BA4280F0E880D6F8A070BA4278
:10F5000080F0D080D6F89870BA4280F0D880D6F8D3
:10F510009070974240F2DF80D6F88870974240F2B0
:10F52000DE80D6F88070974240F2D780B76F97425E
:10F5300040F2E580366F964240F2DF80A66E574F6C
:10F54000964240F2D8803E6E964240F2D280BE6D26
:10F55000B24280F0CC803E6D964240F2C680BE6CD6
:10F56000B24280F0C080914240F2BB80646B0026C2
:10F5700019189042A044C8F804301D6058601B61FF
:10F580009E6041F8040CC0F282802846BDE8F081FC
:10F59000434B01219A6884F8281058680AB98208F8
:10F5A0009A605A27102220264FF0400E27628027AB
:10F5B00022644FF48072A6644FF400761968C4F890
:10F5C00050E04FF4806EA7654FF4006722664FF459
:10F5D0008052A6664FF40056A1F11403C4F870E0FF
:10F5E000A7674FF4804EC4F880204FF40047C4F85A
:10F5F00088604FF480324FF400360344C4F890E042
:10F600004FF4802EC4F898704FF40027C4F8A0205F
:10F610000222C4F8A8600126A1636363C4F8B0E0C5
:10F620002261E060C4F8B8705E6066626660FEF7F2
:10F630001DF8FEF7C9F92663B3E60F2122E70E2174
:10F6400020E70D211EE70B211CE70C211AE70921F9
:10F6500018E70A2116E7072114E7082112E7052118
:10F6600010E706210EE704210CE703210AE7012138
:10F6700008E7022106E7013A2A63FEF7A5F92B6B9A
:10F6800001332B6300287FF498AE6B689DE6101A57
:10F69000FDF7ECFF2846BDE8F08100BF689200202E
:10F6A000589E00200C2126689F68C2EB060EDE687B
:10F6B000C4F800E007B17E601EB1376056E70B2149
:10F6C000F1E704EBC1014F6450E70D21EBE70F2197
:10F6D000E9E70E21E7E70A21E5E70821E3E7092149
:10F6E000E1E70021DFE70121DDE70221DBE703217C
:10F6F000D9E70421D7E70521D5E70621D3E707217C
:10F70000D1E700BF10B5044601F072F9204610BDE4
:10F7100021F00301014B83E803007047589E00204D
:10F7200010B50020FCF7B4FD041C4FF0010018BF19
:10F730000124FCF7ADFD00B10134204610BD00BF2F
:10F74000012801DD0020704710B5FCF7A1FD28B1AC
:10F75000C36809219B6ABDE810401847002010BD0E
:10F76000044A054B1268527C53F822301B695B68CF
:10F77000184700BF90000020849E002030B583B061
:10F780000C461546FCF784FD019068B1C368102152
:10F7900001A85B6A9847034630B101982A46214682
:10F7A0009847002003B030BD012003B030BD00BF3A
:10F7B00008B900207047F8B50646FFF7E9FD044692
:10F7C00038B3154D3246154F0021E8696B6B013097
:10F7D00003EBC406E86113F83400013003F8340089
:10F7E00076683B6806F10800984731686A6B12F842
:10F7F0003130012B01D9E86920B9013B204602F8DC
:10F800003130F8BD0138013BE861204602F8313063
:10F81000F8BD0020F8BD00BF6892002078010020EC
:10F8200001B9704770B584B00C460546FDF71EFD62
:10F830000022034620469C611A620193FDF716FDE3
:10F84000C46902902CB3019B20469E6AFDF70EFD11
:10F85000039006F008062EBB836A1A073CD402A860
:10F86000FDF718FD03A8FDF715FD2046FDF74AFD3D
:10F8700005E02046FDF746FD836A1B0727D4046A8E
:10F880000390002CF5D1056201A8FDF703FD04B03B
:10F8900070BDC56101A8FDF7FDFC02A8FDF7FAFCEB
:10F8A00004B070BD02A8FDF7F5FC03A8FDF7F2FC5B
:10F8B0002046FDF727FD026A0390002AE3D0104698
:10F8C000FDF720FD026A0390002AF8D1DBE7039AD6
:10F8D000019B15621C62D7E7019A01A8029B146282
:10F8E000DD61FDF7D7FC02A8FDF7D4FC03A8FDF706
:10F8F000D1FCD5E770B50D4C2268132A00DD70BD30
:10F9000006460D46FDF7FEFC02696E6042B12368B3
:10F9100028460133236090472368013B236070BD74
:10F920002846BDE87040FDF789BB00BF6C9F0020F2
:10F9300000B970472DE9F04387B00446FDF796FC07
:10F94000076A019004ADD0F8288003C885E8030059
:10F9500001A8FDF79FFC204601F096F8064618B373
:10F960002046FDF7CFFC18F0020FD0F818901ED1FA
:10F970002046FDF77BFC01904846FDF777FC03909D
:10F980003046FDF773FC039A03460199D56901A837
:10F990001F620D62D4610293FDF77CFC03A8FDF7A2
:10F9A00079FC02A8FDF776FC07B0BDE8F083284695
:10F9B0003A46494601F082F8DAE700BF78B189B2E9
:10F9C000C38892B270B40688448885880E44144473
:10F9D0001A442944068044808180C28070BC7047EC
:10F9E000F0B585B016460C460546FDF78BFC836ADC
:10F9F00001909A0705D5B4F90410B4F9002091429A
:10FA000001DA05B0F0BDB4F90210B4F90620914254
:10FA1000F7DC40F601021A40012AF2D0284602AF74
:10FA2000FDF724FC0346214638461A46019300F0B0
:10FA300089FFBDF90820BDF90C309A422EDCBDF9D2
:10FA40000A20BDF90E309A4228DC019A44F22003C4
:10FA5000916A0B403BBB184C0E4302F1080E238801
:10FA600097E8030001338EE803002380966200E0EC
:10FA70001D462846FDF746FC8369002BF8D10F4B45
:10FA80001A68954216D05B68AB420CBF0223002374
:10FA90000B4A11680B431360FDF76EFB01A8FDF7DD
:10FAA000F9FB05B0F0BD02F108013A46084601F045
:10FAB00067F8F3E70123EBE7849F0020AC9E00206A
:10FAC000509F002000B970472DE9F04F8FB00446D9
:10FAD000FDF7CCFB836A05909A0740F13C81406AB0
:10FAE00040B1A04B1B689C4204D0FFF721FB059B53
:10FAF00000225A62204601F071F80390002800F0BD
:10FB00002A81DFF860820398FDF7B0FB836A0690D4
:10FB10009B0740F11581406A48B1D8F80030039A3C
:10FB2000934204D0FFF704FB069B00225A6203981D
:10FB300001F054F80290002800F002810298FDF7CD
:10FB400095FB836A07909F0740F1EF80406A48B1B8
:10FB5000D8F80030029A934204D0FFF7E9FA079BE5
:10FB600000225A62029801F039F88346002800F01A
:10FB7000DC805846FDF77AFB836A08909E0740F1C7
:10FB8000C880406A40B1D8F800305B4504D0FFF728
:10FB9000CFFA089B00225A62584601F01FF88246AD
:10FBA000002800F0B6805046FDF760FB836A09909C
:10FBB0009D0740F1A280406A40B1D8F8003053451B
:10FBC00004D0FFF7B5FA099B00225A62504601F0B3
:10FBD00005F80190002800F090800198FDF746FBA1
:10FBE000836A0A909C077DD5406A48B1D8F80030F6
:10FBF000019A934204D0FFF79BFA0A9B00225A62B3
:10FC0000019800F0EBFF064600286BD03046FDF768
:10FC10002DFB836A0B9099075BD5406A40B1D8F8F9
:10FC20000030B34204D0FFF783FA0B9B00225A62E4
:10FC3000304600F0D3FF054600284AD02846FDF79D
:10FC400015FB836A0C909A073AD5406A40B1D8F800
:10FC50000030AB4204D0FFF76BFA0C9B00225A62D3
:10FC6000284600F0BBFF044650B34FF00009204681
:10FC7000FDF7FCFA836A0D909B0718D5406A40B1E6
:10FC8000D8F80030A34204D0FFF752FA0D9BC3F816
:10FC90002490204600F0A2FF074640B13846FFF707
:10FCA00011FF3846FDF72EFB076A002FF6D10DA88D
:10FCB000FDF7F0FA2046FDF725FB046A002CD6D1AB
:10FCC0000CA8FDF7E7FA2846FDF71CFB056A002D96
:10FCD000B4D10BA8FDF7DEFA3046FDF713FB066A38
:10FCE000002E93D10AA8FDF7D5FA0198FDF70AFB7B
:10FCF000036A0193002B7FF470AF09A8FDF7CAFADD
:10FD00005046FDF7FFFAD0F820A0BAF1000F7FF4BB
:10FD10004AAF08A8FDF7BEFA5846FDF7F3FAD0F847
:10FD200020B0BBF1000F7FF424AF07A8FDF7B2FAB3
:10FD30000298FDF7E7FA036A0293002B7FF4FEAE08
:10FD400006A8FDF7A7FA0398FDF7DCFA036A039308
:10FD5000002B7FF4D8AE05A8FDF79CFA0FB0BDE8E4
:10FD6000F08F00BF589F002001B970472DE9F04186
:10FD7000054686B008460C461E461746FDF776FA3D
:10FD8000D0F82880009018F0020F41D00246294692
:10FD900002A800F0D7FD00283AD040F6010308EA97
:10FDA0000303012B44D02046324602A9FFF718FE78
:10FDB000009BDC69BC422BD054B32046FDF756FAB9
:10FDC000836A01909B0729D5024602A904A800F086
:10FDD000B9FD18B301A8FDF75DFA324604A9204623
:10FDE000FFF7FEFD204600F0F9FE054650B128461B
:10FDF000324604A900F0FCFE2846FDF783FA056AA6
:10FE0000002DF4D12046FDF77DFA046AA742D3D134
:10FE10006846FDF73FFA06B0BDE8F08101A8FDF79E
:10FE200039FA2046FDF76EFA046AA742C4D1EFE71B
:10FE30000099334602A80A6A8969FFF795FFB7E778
:10FE40002DE9F04184B00E468046FDF75BFAC469A7
:10FE5000B4B10025152703E0FDF754FA046A7CB11C
:10FE6000204669460195029503950097FEF72CFE02
:10FE7000039B20469E42EFD1204604B0BDE8F081AE
:10FE80003146404601F066F804B0BDE8F08100BF9D
:10FE900030B1044B5B6B03EBC000436858680C380F
:10FEA000704700BF6892002000B97047FFF770BA32
:10FEB000F8B50468054694B10A4EE700736B3B44FD
:10FEC00059684868FDF7D2FB7368726B0020716A4D
:10FED000013317447360796002F8340074620023C0
:10FEE0002B60F8BD6892002009B9084670472DE9DB
:10FEF000F047064608468A46FFF74AFA04460028B5
:10FF00005AD0002E58D02E4DF700DFF8B8C06B6BDA
:10FF1000E969DA1913F8300003EBC40E0231D2F8A4
:10FF200004800130D8F8042003F834000C3ADEF8DD
:10FF30000490E96108F1080113F836E0524509F12F
:10FF400008000EF1010EA8BF524603F836E0DCF8B7
:10FF500000309847D9F800106B6B13F83120012A54
:10FF600003D9E86908B10138E861013A03F83120A2
:10FF7000D8F8001013F83120012A06D9E869DFF813
:10FF800040E010B10138CEF81C00D819013A03F84E
:10FF9000312041684868FDF769FB6B68696B4FF079
:10FFA000000E6A6A01330F4420466B607A6001F8E4
:10FFB00036E06E62BDE8F0872046BDE8F08700BFFE
:10FFC000689200207401002079B32DE9F0410646C3
:10FFD00008460D46FFF7DCF90446002835D01C4FD3
:10FFE000FA697B6B013203EBC001FA6113F8302030
:10FFF000013203F83020D1F8048008F10800F6B18E
:020000040801F1
:10000000144B2A4631461B689847D8F800107A6B83
:100010000F4D12F83130012B01D9E86938B9013B95
:10002000204602F83130BDE8F081002070470138E9
:10003000013BE861204602F83130BDE8F081064B13
:100040002A4631461B689847DFE70020BDE8F0816B
:1000500068920020740100207801002000B97047E8
:1000600070B50A4CC6000546636B3344596848684E
:10007000FDF7FCFA6368626B0021606A0133164485
:100080006360706002F83510656270BD6892002090
:10009000FEF732BD30B583B018B90446204603B030
:1000A00030BDFDF7E3F802AD0346C06C45F8043DF2
:1000B000FEF766F904462846FDF7ECF8204603B043
:1000C00030BD00BF10B582B018B90446204602B05A
:1000D00010BD0C46FDF7CAF80346C06C0193FEF74D
:1000E0004FF9844206D3002401A8FDF7D3F8204637
:1000F00002B010BD019B2146D86CFEF7B3F902ABEC
:10010000046843F8080D1846FDF7C4F8ECE700BF93
:100110002DE9F04188B00746FDF7A8F8416F01903E
:100120000029D0F898602CDB002394301A4601F0A7
:100130000DF8019805AC02ADA03001F02BF8019943
:1001400001F1940201F1A003D1F8348007CA84E8D8
:10015000070093E8070085E8070001A8FDF79AF873
:100160002A462146384601F025F8B8F1000F03D0A1
:100170004046039901F032F80698801B08B0BDE8AC
:10018000F081943001F006F8D3E700BF70B50D465A
:1001900082B0FE210646FCF765FB04464DB180B9EE
:1001A0003046082101F036F8201C18BF012002B0AB
:1001B00070BD0028F8D001F0BBF8204601F0D4F85B
:1001C000F2E7FDF753F8024602A8936A40F8042DBF
:1001D00023F4004343F002039362FDF75BF8E3E787
:1001E00070B50D4682B0FF210646FCF73BFB044686
:1001F0004DB180B93046214601F00CF8201C18BFE3
:10020000012002B070BD0028F8D001F091F820461E
:1002100001F0AAF8F2E7FDF729F8024602A8936A6E
:1002200040F8042D23F4004343F002039362FDF7EA
:1002300031F8E3E700F10103810704D010F8011B56
:10024000820781B1FAD10268A2F10131914311F024
:10025000803104BF50F8042FF6E709BAB1FA81F1F2
:1002600000EBD100401CC01A7047000008B510B95F
:100270000346184608BDFDF745F88369184608BDD2
:10028000034B02461B68D86902B1DA61704700BFB0
:100290009000002010B5044601F074F80146204695
:1002A000BDE8104001F088B800B970472DE9F0436F
:1002B00083B0904689460746FCF7D8FF064602A859
:1002C000B6F90010B6F90640B6F90230B6F9045096
:1002D000E31A40F8046D6D1A01336C1CC3EB08057A
:1002E000FCF7D8FFC4EB090454EA050304D02A46FE
:1002F0002146384601F0A0F803B0BDE8F08300BF06
:100300000023828830B40B804B8005884488C388E2
:10031000521B1B1B8A80CB8030BC70472DE9F041FB
:100320000446FDF7D7FF0CB9BDE8F0812046FCF785
:10033000E9FFD0F81C80B8F1000FF5D04046FDF77A
:10034000C9FF4046FCF7DEFFC769002F32D03846B0
:10035000FDF7C0FF3846FCF7D5FFC66926B3304627
:10036000FDF7B8FF3046FCF7CDFFC569B5B12846AB
:10037000FDF7B0FF2846FCF7C5FFC46944B120462D
:10038000FFF7CCFF2046FCF7BDFF046A002CF6D136
:100390002846FCF7B7FF056A002DE8D13046FCF788
:1003A000B1FF066A002EDAD13846FCF7ABFF076AC8
:1003B000002FCCD14046FCF7A5FFD0F82080B8F143
:1003C000000FBBD1BDE8F081F0B5104E83B0104DE9
:1003D000336855F8233013B9002003B0F0BD074649
:1003E0001846FCF743FF0446019050B1846901A808
:1003F000FCF750FFA742EFD1336855F8230003B054
:10040000F0BD01A8FCF746FF2046E6E75C9F002010
:100410009C9E002008B90020704710B584B00446A7
:10042000FCF770FF836A9A0702D513F0100302D01D
:10043000002004B010BD1F2204A92046039341F8F8
:10044000102DFEF741FB0398F3E700BF10B50446FB
:1004500000E01C462046FCF755FF8369002BF8D1CD
:10046000064A11688C4206D053689C420CBF01209A
:100470004FF0FF3010BD184610BD00BFAC9E0020ED
:10048000F0B5002387B003930493059300283DD073
:10049000224D0446224F2B6857F82300844235D062
:1004A0001E238DE811000293002833D1012302A9F5
:1004B00020460593FFF71EFA059E46BB2B682025B4
:1004C00047F8234004E00295CDF814D0FFF712FA64
:1004D0002046FCF717FF846902A92046002CF2D1C0
:1004E000009C204601F024F888B184B1202504E066
:1004F0000295CDF814D0FFF7FDF92046FCF702FF76
:10050000846902A92046002CF2D100E00126304681
:1005100007B0F0BD02A9FFF7EDF9C7E75C9F002027
:100520009C9E00200C4A0D4B126853F822300BB9E8
:100530001846704730B587B00A4604460E2518465F
:1005400002A9009401920295CDF814D0FFF7D2F9D8
:10055000012007B030BD00BF5C9F00209C9E0020A2
:1005600070B582B00546684600F0F8FF78B10446E1
:100570000121204601F00AF8009B02466946204608
:1005800003B132B901F01AF80446002CF0D102B0E0
:1005900070BD1846FCF7B6FE436869462046AB427C
:1005A000F0D1009E01F00AF80446002EEDD030464E
:1005B000FCF75CFE03460068019301F01FF801A8F8
:1005C000FCF768FE3046FFF749FD002CD0D1DEE78E
:1005D0002DE9F04FDFF82C8187B082468B46D8F8A2
:1005E000000017461E461299437C0022119801F024
:1005F00069F800284DD0036905469B68984701F0CB
:100600008FF800FB07F4814601F0BEF8109B073419
:1006100013F001034FEAD4043FD0002E2CDD002B51
:1006200042D004FB06F01830FFF73EFC024668B3E8
:100630000023029310460392FCF718FE029A034629
:1006400006A8A3F804A0A3F806B01F815E81DC60B1
:10065000C3F810905A6140F8043D1D60FCF71AFE83
:10066000129AD8F800302A61039A1046AA605B7C7F
:10067000AB6107B0BDE8F08F002C34D12046764244
:100680008642A8BF064693B3002ECADC284600F077
:1006900023F9002007B0BDE8F08F0028B8BF033071
:1006A000801000EB4000B8E700933A4633465946C5
:1006B000504601F019F9029004FB06F01830FFF7DC
:1006C00077F802460028B5D12846039200F004F9D5
:1006D000029B002BDDD01846FFF7C0FC039A1046A2
:1006E00007B0BDE8F08F1838B0FBF4F0C7E700930F
:1006F0003A4633465946504601F0F6F8002E02902D
:10070000DADCC3E790000020034B00221B6883F86B
:100710005420FCF701BE00BF9000002000283DD00F
:1007200070B48469012C03DD0123184670BC704746
:100730001F4B1A78944221DA1E4D55F824300BB91C
:1007400032E013465A68002AFBD1C268116802E001
:100750001B68002BE8D0DA6812689142F8DB10D0F1
:100760005A68F2B110604260984214BF1A460022E3
:10077000586000230260184670BC7047621C1A70F3
:10078000DAE7828A012AEBD104E0D66813463268A0
:100790009142E5DC1A68002AF7D1E1E70123184607
:1007A000704745F82400DFE745F82400BDE700BFA7
:1007B0008E9F0020849E002010B5074C2368186B84
:1007C00001F0BCF801F0C8F82368586B01F0B6F8E6
:1007D000BDE8104001F0CCB8900000202DE9F047B2
:1007E000DFF8F08084B0064600200C46154601F084
:1007F000CBF8D8F80030814630461F6EFCF736FD46
:10080000036800909869FCF79DFE314B82469C423C
:10081000009B4DD01A895B89013AADF80840013B35
:10082000ADF80A5022442B44ADF80C20ADF80E3040
:1008300000F0D6F86846FCF72DFD02A801F0A6F8F6
:1008400018BB5046FCF77EFE002F39D0D8F8003098
:100850001B6E93BBFFF758FF3846FCF707FD04AC4F
:10086000D8F8003044F80C0D1F660068FFF756FFFB
:100870002046FCF70FFDFFF79FFFFCF74DFD4846B4
:1008800001F082F804B0BDE8F0872A4621463046E0
:1008900001F048F901F026FE0028D2D02A46214670
:1008A000304601F03FF901F01DFE0028EDD1C8E708
:1008B000B3F90440B3F90650ACE7FEF75FFDC9E7B2
:1008C000FEF75CFD484601F05FF804B0BDE8F08734
:1008D00001F0FFFF9000002001F02EBF30B583B083
:1008E0000546FCF7C3FC034602A89C8940F8043D7A
:1008F000013C24B29C81FCF7CDFC14B92846FFF7DB
:10090000ADFB03B030BD00BFB0F90220B1F9063035
:100910009A4214DCB1F90220B0F906309A420EDC9A
:10092000B0F90020B1F904309A4208DCB0F90400B3
:10093000B1F900308342CCBF002001207047002075
:10094000704700BFB2F90030F0B5B1F90040B1F91D
:100950000250B2F902E0A342B2F90470B8BF2346D4
:10096000AE457446B2F90660B8BF2C46B1F90450E2
:10097000B1F906203946AF4203804480A8BF29461A
:10098000B242A8BF324681809442D8BF8B42C28017
:10099000CCBF0123002383F00100F0BD10B50E4C45
:1009A0000E4B2268517C53F8210038B1C36813B153
:1009B0001B68042B0BD000680028F7D1002102F13E
:1009C000080311665361BDE81040FCF7A5BC01F0B7
:1009D000BDFE2268F2E700BF90000020849E002048
:1009E000024B01221B6883F85420704790000020BE
:1009F00081423ABF53189842FBF760BC80189907B0
:100A000007D0521E24BF13F8011D00F8011DF6D8AF
:100A1000704781071BD1103A07D330B433E9321045
:100A2000103A20E93210F9D230BC1032121F24BF24
:100A300053F8041D40F8041DF8D838BF121D521E8B
:100A400024BF13F8011D00F8011DF8D87047121FCC
:100A5000F3D3C10709D153F8041D121F20F8041D58
:100A60004FEA31414180F6D2E7E753F8041D121FE7
:100A700000F8041D4FEA3121A0F801104FEA31417E
:100A8000C170F2D2D9E7000038B50546FFF7EEFB9A
:100A900010B90024204638BDFCF734FCC46900E0DE
:100AA0001C46AC422046F4D0002CF2D0FCF72AFCC5
:100AB000036A9D42F4D1204638BD00BF01B970479A
:100AC000F0B5054687B0084616460C46FCF7CEFB47
:100AD000876A0090BA0742D50246294602A8FFF766
:100AE00031FF00283BD040F601033B40012B3FD0B3
:100AF0002046202202A9FEF773FF009BDC6974B335
:100B0000A6422CD02046FCF7B1FB836A01909B07DC
:100B10002AD5024602A904A8FFF714FF20B301A8B2
:100B2000FCF7B8FB202204A92046FEF759FF204617
:100B300000F054F8054650B12846202204A900F0E0
:100B400057F82846FCF7DEFB056A002DF4D1204655
:100B5000FCF7D8FB046AA64201D0002CD2D168462B
:100B6000FCF798FB07B0F0BD01A8FCF793FBEEE79C
:100B70000099202302A80A6A8969FFF7F5F8BCE703
:100B800058B311B30AB3B1F90030F0B5B2F900505F
:100B9000B2F902E0B1F902409D42B2F90470B2F933
:100BA0000660A8BF1D46B1F904207445B1F90630AE
:100BB000A8BF7446BA420580B8BF3A46B3424480E3
:100BC000B8BF33468280C380F0BD002908BF1146FC
:100BD0000A684B68026043607047704708B510B9F7
:100BE0000346184608BDFCF78DFBC369184608BDCF
:100BF00000B970472DE9F04FA1B004460D460192AF
:100C0000FCF734FB836A05909A0740F1568102464F
:100C100029460EA8FFF796FE002800F04E8105A891
:100C2000FCF738FB2046019A0EA9FEF7D9FE2046B4
:100C3000FFF7D4FF0446002800F042812046FCF76D
:100C400015FB836A06909B0740F13D8102460EA981
:100C500010A8FFF777FE002800F0358106A8FCF702
:100C600019FB019A10A92046FEF7BAFE2046FFF7AD
:100C7000B5FF0546002800F0188102942846FCF7CD
:100C8000F5FA836A07909F0740F12181024610A977
:100C900012A8FFF757FE002800F0198107A8FCF7FB
:100CA000F9FADDF804A0284612A95246FEF798FE8C
:100CB0002846FFF793FF002800F0EF8003950546D4
:100CC0002846FCF7D3FA836A08909E0740F1038117
:100CD000024612A914A8FFF735FE002800F0FB8099
:100CE00008A8FCF7D7FA2846524614A9FEF778FE62
:100CF0002846FFF773FF002800F0C780AB46804608
:100D00004046FCF7B3FA836A09909D0740F1E780FB
:100D1000024614A916A8FFF715FE002800F0DF8090
:100D200009A8FCF7B7FA4046524616A9FEF758FE46
:100D30004046FFF753FF002800F09D80814648465B
:100D4000FCF794FA836A0A909C0740F1D58002462A
:100D500016A918A8FFF7F6FD002800F0CD800AA814
:100D6000FCF798FA524618A94846FEF739FE48465D
:100D7000FFF734FF0546002874D02846FCF776FAC2
:100D8000836A0B90990740F1C480024618A91AA8FB
:100D9000FFF7D8FD002800F0BC800BA8FCF77AFA1A
:100DA00052461AA92846FEF71BFE2846FFF716FFF3
:100DB0000646002850D03046FCF758FA836A0C905B
:100DC0009A0740F1B18002461AA91CA8FFF7BAFDA4
:100DD000002800F0A9800CA8FCF75CFA52461CA978
:100DE0003046FEF7FDFD3046FFF7F8FE074668B3D4
:100DF0003846FCF73BFA836A0D909B0740F19F80D1
:100E000002461CA91EA8FFF79DFD002800F0978050
:100E10000DA8FCF73FFA52461EA93846FEF7E0FD42
:100E20003846FFF7DBFE044650B1204652461EA965
:100E3000FFF7DEFE2046FCF765FA046A002CF4D1C9
:100E40003846FCF75FFA076A002FD1D13046FCF72D
:100E500059FA066A002EAED12846FCF753FA056A05
:100E6000002D8AD14846FCF74DFAD0F82090B9F110
:100E7000000F7FF464AF4046FCF744FAD0F82080BE
:100E8000B8F1000F7FF43CAF5D462846FCF73AFA14
:100E9000056A002D7FF414AF039D2846FCF732FA53
:100EA000056A002D7FF4EAAE029C2046FCF72AFA80
:100EB000046A002C7FF4C2AE02E005A8FCF7EAF950
:100EC00021B0BDE8F08F06A8FCF7E4F9EDE707A82C
:100ED000FCF7E0F9E1E708A8FCF7DCF9D5E709A899
:100EE000FCF7D8F94046FCF70DFAD0F82080B8F1AD
:100EF000000F7FF405AFC7E70AA8FCF7CBF9484617
:100F0000FCF700FAD0F82090B9F1000F7FF417AF8A
:100F1000B1E70BA8FCF7BEF92846FCF7F3F9056A20
:100F2000002D7FF42AAF9DE70CA8FCF7B3F93046FB
:100F3000FCF7E8F9066A002E7FF43DAF8CE70DA8B8
:100F4000FCF7A8F93846FCF7DDF9076A002F7FF4B3
:100F50004FAF7BE72DE9F04F87B00D46FCF7D2F994
:100F6000C3690193002B4FD000240198FCF7CAF904
:100F7000C669002E4DD00DF1080A152704E0FCF7D4
:100F8000C1F9066A002E44D030465146CAF80040E6
:100F9000CAF80440CAF80840CAF80C400297FDF7A6
:100FA00093FD059B30469D42E9D12EE029465046EF
:100FB000FFF7D0FF002879D15046FCF7A3F9D0F80D
:100FC00020A0BAF1000F40F0A3804046FCF79AF948
:100FD000D0F82080B8F1000F72D14846FCF792F9A2
:100FE000D0F82090B9F1000F41D15846FCF78AF9AA
:100FF000D0F820B0BBF1000F13D10198FCF782F9B3
:10100000036A0193002BB0D10026304607B0BDE83B
:10101000F08F0198FCF776F9D0F81CB0BBF1000F07
:10102000EBD05846FCF76EF9C669C6B10DF1080A57
:10103000152730465146CAF80040CAF80440CAF89D
:101040000840CAF80C400297FDF73EFD059B30466C
:101050009D42DAD0FCF756F9066A002EE9D15846CF
:10106000FCF750F9D0F81C90B9F1000FBDD04846FC
:10107000FCF748F9C669DEB10DF1080A152703E04F
:10108000FCF740F9066A9EB130465146CAF8004066
:10109000CAF80440CAF80840CAF80C400297FDF7A5
:1010A00013FD059B30469D42EAD130460646ACE72B
:1010B0004846FCF727F9D0F81C80B8F1000F8CD017
:1010C0004046FCF71FF9C669CEB10DF1080A152795
:1010D00003E0FCF717F9066A8EB130465146CAF8AC
:1010E0000040CAF80440CAF80840CAF80C40029709
:1010F000FDF7EAFC059B30469D42EAD1D5E7404624
:10110000FCF700F9D0F81CA0BAF1000F3FF45DAF76
:101110005046FCF7F7F8C769002F3FF447AF152694
:1011200005E0FCF7EFF8076A002F3FF43FAF3846C1
:1011300002A90394049405940296FDF7C5FC059A50
:1011400038469542EDD1384606465EE770B44468AD
:10115000856866198E4215DC6E1E8E1B3344436013
:10116000994201DA8B1A43600268002BA2EB050258
:1011700022EAE27208DB934201DD13464260181B4B
:1011800070BC70472346EBE700234360181B70BC1C
:10119000704700BF0368816842685B1A002A23EA2F
:1011A000E37303DB9A42C8BF436070470023436088
:1011B000704700BF70B50E460546FE211446FBF78A
:1011C00051FB314601F0E4FA2846FF21FBF74AFBC8
:1011D0002146BDE8704001F0DBBA00BFC8B100296C
:1011E00017DB30B583B00C460546FCF73FF8836D3E
:1011F00001909C4208D084652846FDF76BF828468C
:10120000FFF734F8FDF766F801A8FCF743F803B0E0
:1012100030BD70472DE9F04111F0080788B00D4648
:10122000044606A93F4E25D101F0C2FABDF91E10B1
:10123000BDF918004FF03C0EBDF91C2040F28A3C6D
:10124000B6F900300131121A0094374CC91A013234
:10125000CDF80CE00294CDF804C0FCF723FE044660
:10126000002859D120460621FDF732FC204608B05F
:10127000BDE8F08101F09CFABDF91C00BDF91A101F
:101280004FF03C0EBDF91E300130B6F9002040F29F
:101290008A575B1A0094244C801A0133CDF80CE075
:1012A00002940197FCF7FEFD04460028DAD0FBF714
:1012B000DDFF08271822FE21059015F0100F4FF0D2
:1012C000640808BF3A4601F081FA0DF1200E174B71
:1012D0004FF00A0C5EF80C5D0FCB05F1340787E880
:1012E0000F00002273697046C5F854C02A656B640C
:1012F000C5F84C80FBF7CEFF736920465B689847C2
:10130000204601F06BFAFCF7E5FF2046FEF7AEFF42
:101310002521FDF759FCA5E7FBF7A8FF1022059052
:10132000FF21CAE76C0300208DAD01087003002087
:1013300000B9704710B582B0FBF798FF826A019040
:10134000910704D401A8FBF7A5FF02B010BD22F05D
:1013500002048169026A8462FFF7B0FB01A8FBF70F
:1013600099FF02B010BD00BF08B5FBF7CBFF836A41
:10137000034A012143F400435160836208BD00BF6A
:10138000B09C0020F8B5044688B10026094D00E065
:1013900001362B6820461B6898472B680746204675
:1013A0005B6898470444002FF2D13046F8BD0646EA
:1013B0003046F8BD109F002070B584B01C4A04ABC5
:1013C000019043F8101D194613689847019050B3D7
:1013D000184B1B68DB695B692BB11B681BB100995B
:1013E000984704B070BD009B013B002B00931CDBB1
:1013F000002401A801F016FA054601F027FA009B27
:101400000444013B002B0093F3DA002604A928468C
:1014100041F8046D01F022FA039B9842B8BF1E1AEE
:10142000301904B070BD04B070BD00252C46ECE747
:10143000E8020020900000202DE9F0418AB08846A3
:101440001746064604ACFBF711FF06AD03460390B2
:1014500003C884E8030085E80300B8F1000F09D051
:101460009A6A02F42072802A54D0BDF81C2090445D
:10147000ADF81C8057B19A6A02F4A062B2F5807F81
:101480004FD0BDF81E201744ADF81E709A6AD103E4
:101490003AD4920795E8030083E803000BD52A4667
:1014A000214608A8FFF76CFB039B08A81A6A9969F4
:1014B000FFF704FB039BBDF91E201846BDF916403B
:1014C000BDF91C10BDF91430141BBDF91A70CB1AEC
:1014D000BDF91220BDF91850BDF91010BA1A0094C8
:1014E0000AAC691A01F0C2F954F81C1D01F1080098
:1014F000FBF7EAFE3046052101F04AFA2046FBF7E9
:10150000C9FE0AB0BDE8F0813046FEF7DBFA039B66
:101510009A6ABEE7BDF81820C8EB0208ADF818803B
:10152000A8E7BDF81A20D71BADF81A70AEE700BFC8
:10153000094B10B50446186848B1A04202D108E032
:10154000844206D0FBF7DEFE40690028F8D1002077
:1015500010BD012010BD00BF549F00200A4A002387
:1015600030B5146883B003605CB105462046FBF7D4
:101570007DFE02AB026943F8040D18462A60FBF7B2
:1015800089FE204603B030BDE89D002010B582B032
:1015900018B90124204602B010BD0C46FBF766FEC8
:1015A000828902AB224243F8040D184614BF01247D
:1015B0000024FBF76FFE204602B010BD002370B57B
:1015C0000B6082B018B90446204602B070BD0D46CB
:1015D000FBF74CFE846801AE01902CB93046FBF756
:1015E00059FE204602B070BD3046FBF753FE204640
:1015F000FBF73CFE036901902B60EFE700B97047F1
:101600002DE9F041DFF8B88082B00546D8F80040F7
:10161000A04242D06F461CB919E0FBF73BFEB4B1C3
:101620002046FBF723FE034638469C680093A542FC
:10163000F3D12846FBF71AFE0346009A01A89968E1
:1016400001939160FBF726FE3846FBF723FE284600
:10165000FBF70CFED8F804400090A542184B29D0A7
:1016600094B101AE02E0FBF715FE6CB12046FBF72A
:10167000FDFD034630465C680193A542F3D1009A14
:1016800052685A60FBF706FE3846FBF703FE284611
:10169000FEF7E4FC02B0BDE8F08102AEFBF7E6FD28
:1016A00083686F4646F8040D3046C8F80030FBF7F3
:1016B000F1FDCCE7426838465A60FBF7EBFDE6E700
:1016C000E89D0020012B17DC2DE9F04107461C2086
:1016D00090460D461E46FAF7BFFC0446D0B16DB1E8
:1016E000056100232046A661A4F81480E76023600A
:1016F0006360A360BDE8F08100207047074B53F89A
:1017000026200AB9EDE71A461368002BFBD11369AE
:101710002361E6E70020BDE8F08100BF849E002041
:10172000B8B130F0010315D030F0030301D1082027
:10173000704730F00703FAD030F00F03F7D030F0E5
:101740001F03F4D030F0FF03F1D00B4B03401BB963
:101750001020704701207047084B0340002BF7D042
:10176000074B0340002BF3D0064B0340002B0CBF6C
:1017700010202020704700BF00FEFFFF00F0FFFF99
:101780000080FFFF0000FFFFF8B5544C94F82830AC
:10179000002B51D0D4F8BC30504A83BBD2F8B430BF
:1017A0006BBBD2F8AC3053BBD2F8A4303BBBD2F801
:1017B0009C3023BBD2F894300BBBD2F88C30F3B9F9
:1017C000D2F88430DBB9D36FCBB9536FBBB9E36EBA
:1017D000ABB9536E9BB9D36D8BB9536D7BB9D36CD9
:1017E0006BB9536C5BB96FF00B033D49DA1781FBA2
:1017F0000313C2EB6313206A00FB03F0F8BD9B6880
:10180000002BF8D0002201E09B6843B159681046D4
:10181000914201D90A4608469B68002BF4D10C3846
:10182000B0F5800F0346E0D8226A2D4B02FB00F092
:10183000A3FB00235809F8BD2A4B01219A6884F8BC
:10184000281058680AB982089A605A261022202562
:1018500040272662802622644FF48072A5644FF4EC
:101860000075196827654FF48067A6654FF4006618
:1018700022664FF48052A5664FF40055A1F114037F
:101880002767A6674FF48047C4F880204FF40046CE
:10189000C4F888504FF480324FF400350344C4F844
:1018A00090704FF48027C4F898604FF40026C4F875
:1018B000A0200222C4F8A8500125A163636322611D
:1018C000E060C4F8B070C4F8B8605D6065626560DF
:1018D000FBF7CCFEFCF778F825635BE76892002005
:1018E0001F85EB51589E00202DE9F04302F10F04B3
:1018F000804683B0164624111D460F46640003FB44
:1019000004F01430FDF754FF814688B1FBF7AEFCBC
:1019100001230146084A02A88E8040F8041DCD80AC
:101920000C61A1F800804F808A608B81FBF7B2FCCC
:10193000484603B0BDE8F08340730208044A054BF3
:101940001268527C53F822301B691B68184700BF8D
:1019500090000020849E0020044B1B681A7C5207D4
:101960004CBF9B6BDB6B1860704700BF9000002082
:10197000044B1B681A7C52074CBFDB6B9B6B1860D7
:10198000704700BF9000002001F00EB82DE9F04331
:101990005E4C89B0226892F854304BB15C4D2B6A92
:1019A0000133012B2B6209DD012009B0BDE8F08372
:1019B00001F000F8012009B0BDE8F0830746906C03
:1019C000FBF754FC534B4FF0FF3201901B78EA6158
:1019D000002B61D0083004AE03C886E803001FB1B5
:1019E00039463046FBF770FC23684B4F5A6C002A8F
:1019F00000F08780106806AB51680DF108083A685E
:101A000003C3019B0293002A60D1B3F9001006A81A
:101A1000B3F90220FDF7D2FF304606A9FBF754FCCC
:101A20004046FBF737FCD7F800900DF10C08B9F1F0
:101A3000000F26D123689F6C08E0FBF745FC039B51
:101A400040469C698CB32746FBF724FC3846FBF7DD
:101A50000DFC034630469A6A194603939307ECD46B
:101A60004046FBF717FC2B6A0020013B2B629CE7EA
:101A7000FBF72AFC039B40469F6987B3B946FBF7F7
:101A800009FC4846FBF7F2FB034630469A6A1946C2
:101A900003939207E4D5EBE7836A13F0020628D09C
:101AA00004AE03C886E8030099E7FBF7F3FB1B4B82
:101AB0001A68974202D05B689F42D4D1184B96E8CF
:101AC000030083E8030000F00DFD6EE74046FBF7DE
:101AD000E1FB3868FBF7CAFB0346029095E7FBF78A
:101AE000D9FB0E4B1A689145A4D05B689945A1D0EB
:101AF000B9E72B6A01A8013B2B62FBF7CBFB304611
:101B000053E701A8FBF7C6FB8DE700BF900000205C
:101B1000B09C0020909F0020409F0020AC9E0020A1
:101B2000BC9C002000B970472DE9F04FA3B08B4654
:101B300092460446FBF79AFB22AB456943F81C0D1D
:101B40001846FBF7A7FB204600F0C8FF082881468F
:101B500040DD002D3ED12046FBF788FB22AA03463C
:101B6000B0F9081042F8100D10460D92B3F90A2092
:101B70000A9109921968DA680E690B930E92FBF7C5
:101B800089FB924892490068D6F80480407C51F85D
:101B900020100D692B680C9300F0BAFF08280B9BEE
:101BA00014D910288BBF20221022042702270B9261
:101BB000AE4200F0F882B9F1200F00F0B381B9F124
:101BC000100F00F0458123B0BDE8F08F08220127F7
:101BD0000B92EDE70021012320467C4E20910DF170
:101BE00088080B9121930A93FBF740FB0746306866
:101BF0003A68FB68B7F908101269139314913B69AE
:101C0000B7F90A10407C0993169148F8147D55687D
:101C1000D7F8149000F07CFF32680E90507C00F0F2
:101C200081FF07464046FBF735FB099A0A9B082AC5
:101C30000B9940F29D80102A13460A918CBF042311
:101C400002230C93BD4200F0C1813368587C00F040
:101C500071FF149B06469800FEF726F910900028A5
:101C6000B1D0204600F06EFF0446B9F1000F00F03D
:101C700088804846FBF7FAFA169B1E90002B40F32B
:101C8000A1810023DDF83880CDF834A00B93139B9D
:101C9000CDF848B0E31815931FAB19460F9383682E
:101CA00000225B691F920B9A9847159B139A044672
:101CB0009B1A0E93149B834200F0F680099B012B24
:101CC00000F08880002842D01CAB11931098FBF7DD
:101CD000CDFA099B07461C90082B1F9A65D90C9BCF
:101CE000A3460E99824602FB031939F8020BA84756
:101CF000B047BBF1010B4AF8040BF6D1B8F11F0F46
:101D000004D838464246214600F02EFF0A990123A6
:101D10001F982246059112991C9F084400210193A7
:101D200000930391CDF808800D99049700F0F0FF1F
:101D30001198FBF7AFFA1F9B1E981C440B9A8368FF
:101D40000F991F945B69984704460028BED1159AE5
:101D500013990B9B0A44013315920D9A0B93013290
:101D60000D92169A9A4200F02D811E980F9996E7CF
:101D7000012A03D120AB0C920A9363E70C930A91DA
:101D800060E701250A9B139A099905930490584628
:101D9000039202915146169B149A0195009500F00A
:101DA000B7FF1098FEF75AF90DE70C9BA2460E9963
:101DB000814602FB031B1BF8010BA847B047BAF191
:101DC000010A49F8040BF6D198E700BF9000002003
:101DD000849E00200028BAD0CDF8608019960B9F11
:101DE0000A9EDDF83880DDF83490DDF848A0DDF893
:101DF0003CB017951192DDF87CE02246119D01233D
:101E00000EF0070049460395012506900AEB0E00E7
:101E1000BEF1000F05960295B8BF0EF1070E0195B1
:101E2000009508EBEE0ECDF810E001F0F7F81F9BDF
:101E30001E983A461C44594683681F945B6998472C
:101E400004460028D7D1179DDDF86080199E7EE7F3
:101E50000A9B03FB07F0FEF727F8109000283FF4D9
:101E6000B2AEFBF703FA20902046FBF7FFF900F132
:101E700018031E900E932B69002B00F0A681736946
:101E8000002B00F0A281B0F908008000FEF70CF8EA
:101E90001190002840F0BA811F900D98FBF7FAF9D5
:101EA00020A8FBF7F7F97CE71098FBF7DFF9099B0F
:101EB00081461C90082B149F0446DDF838A028D9D1
:101EC0003AF8020BA847B047013F44F8040BF7D19A
:101ED000B8F11F0F04D848464246149900F044FE5A
:101EE00022AB12980D991A460A9B0593002303937F
:101EF000012352F818EDCDF8088017460193149A83
:101F00000093CDF810E000F003FF3846FBF7C2F96C
:101F10001DE71AF8010BA847B047013F44F8040B2E
:101F2000F7D1D5E70A9B07FB03F0FDF7BDFF0E9045
:101F300000283FF448AEFBF799F920902046FBF7C4
:101F400095F91E902C6900F11808002C00F0EB8028
:101F50000A9A5C4601260A954FEA82099346CDF813
:101F60003090DDF8249017E0042F21D0012F15D0F8
:101F70000B9B0020209D51460293012305905A4659
:101F80000390204601969A440096049500F0C0FE06
:101F9000B9F1010900F0E880022FE5D10C9D40461F
:101FA0003B465A46A8440A9D20992D69A847DFE779
:101FB0000C9B40460A9D5A46984420993B462D6901
:101FC000A847D5E71EA8FBF765F9EAE6204600F02A
:101FD000B9FD8046B9F1000F00F0D4804846FBF708
:101FE00045F9169B1E90002B40F3C88000261FABBE
:101FF000CDF834A00125B146DA461F468368324643
:10200000CDF87C9039465B699847149B044683421F
:1020100031D0099B012B57D020B30D9B0B9603EBBE
:10202000060B1F9801230C990A9A01FB008E099E4A
:10203000139950440592224603915946CDF810E079
:1020400002960195009500F063FE1F9B1E9839468D
:102050001C440B9A83681F945B69984704460028C8
:10206000DFD10B9E139B01369844169BB34240F37D
:1020700085801E98C2E7CDF82C80B346984600E0D4
:10208000A3461E980BF101043946836822465B691A
:1020900098478045F4D00A9AC6EB0B03DDF82C80F4
:1020A0005046059201330D9ACDF810809119139E78
:1020B000099A039602920195149A06FB03880095EB
:1020C000264600F025FED0E70028CBD00D9B0B96CE
:1020D00003EB060BDDF87CE022460A9E01230EF09E
:1020E00007005946059606900AEB0E00BEF1000F58
:1020F000139E0295B8BF0EF1070E0396019508EBEB
:10210000EE0E0095CDF810E000F088FF1F9B1E98A2
:1021100039461C440B9A83681F945B6998470446B0
:102120000028D7D19DE7A1460125099E0123022F52
:1021300051460A9A58460AEB030E00F0A981042F73
:1021400000F07D819F4200F052810B9CF246CDF859
:1021500014900294209CCDF80C9001950095049465
:1021600000F0D6FD013EE1D10D98FBF793F820A8D1
:10217000FBF790F80E98FDF771FF24E51EA8FBF71A
:1021800089F820E501240A9B139A09990593049084
:102190005846039202915146169B149A019400945A
:1021A00000F0B6FD0FE50E9A0124183300250392C6
:1021B000514604935846099BCDF808900A9A059514
:1021C0000194009400F0A4FDFDE40125DDF82890C1
:1021D000099E0123022F51464A4658460AEB030E38
:1021E00000F0D480042F00F0A0809F426DD0002426
:1021F00001950095F246059403940B9C0294209C53
:10220000049400F085FD013EE3D146E6FBF72EF88D
:102210001F9000283FF441AE0A9A0124CDF828B05F
:102220004FEA420990460C95CDF83C90B146DDF856
:1022300038B017E0042F2ED0012F28D00B9B0020A0
:10224000209D5146029301230590424603909A44F3
:10225000019400940A98049500F05AFD099B013BF3
:1022600009932BD0022FE5D1209B1E463B464246C8
:102270001F995846D9F81450A8470F9D31463B4640
:10228000AB440C9D42461F982D69A847D6E7209B7A
:102290001E460223EBE7209B42460F9E58461D46F2
:1022A0001F990223B344D9F81460B04729460C9D06
:1022B0003B4642461F982D69A847BFE71FA8FAF77B
:1022C000E9FF1198FDF7CAFEE7E50A9B4446099627
:1022D0005D000C9E0C95209DDDF83880DDF828907F
:1022E00038F8020BA047B047B9F1010905F8010B16
:1022F000F6D10E9D01230B985146AE460C9D0290DF
:102300005846AE44209DCDF814909A440A9ACDF8D0
:102310000C90019700970495CDF838E000F0F8FC98
:10232000099B013B0993D6D1B7E50A9B0125099684
:1023300044465E000C9F0C96209EDDF83880DDF848
:10234000289038F8020BA047B847B9F1010946F8C0
:10235000040BF6D10E9E01230B985146B6460C9EF7
:1023600002905846B644209ECDF814909A440A9A9A
:10237000CDF80C90019500950496CDF838E000F06A
:10238000C7FC099B013B0993D6D186E50A9B012531
:10239000099644465E000C9F0C96209EDDF838801E
:1023A000DDF8289038F8020BA047B847B9F10109C9
:1023B00026F8020BF6D10E9E01230B985146B64625
:1023C0000C9E02905846B644209ECDF814909A4434
:1023D0000A9ACDF80C90019500950496CDF838E056
:1023E00000F096FC099B013B0993D6D155E5950079
:1023F0000C9C09960C95209D4646DDF8289056F8D1
:10240000040BA047B9F1010905F8010BF7D10B98AE
:102410000123209E514602905846CDF814909A44CC
:102420000A9ACDF80C900197009704960C9D00F045
:102430006FFC099BA844013B0993DCD194E6099603
:10244000012596000C9C0C96209E4746DDF82890AE
:1024500057F8040BA047B9F1010946F8040BF7D16E
:102460000B980123209F514602905846CDF81490B6
:102470009A440A9ACDF80C900195009504970C9E09
:1024800000F046FC099BB044013B0993DCD16BE6AC
:102490000996012596000C9C0C96209E4746DDF877
:1024A000289057F8040BA047B9F1010926F8020B50
:1024B000F7D10B980123209F514602905846CDF842
:1024C00014909A440A9ACDF80C90019500950497BF
:1024D0000C9E00F01DFC099BB044013B0993DCD12C
:1024E00042E600BF2DE9F043DFF8488287B0D8F814
:1024F000003093F8540030B18D4E336A012B05DD66
:10250000013B0020336207B0BDE8F083F36906F1B8
:10251000140702AD013397E80300F36185E8030077
:102520006BB9F268B6F90E300292B6F91220804CFF
:102530009A421ADA336A0020013B3362E3E7328BB6
:10254000B6F910100132B6F9163012B2ADF80A30F1
:102550009142ADF80820E8DA738BB2890133ADF807
:1025600008201BB2ADF80A30DFE7D8F80030DFF8FA
:10257000C491986CFAF77AFEBDF90830B4F90C10E2
:1025800002460090994200F0BB80D8F80020ADF8D8
:102590000C30906C10B90DE0A06958B1FAF7B2FE9A
:1025A00029460446006A00F047FE0028F4D0BDF931
:1025B0000830EAE7009B2946D86900F03DFE002874
:1025C000F5D1B6F91030BDF90820ADF80C309A42BB
:1025D00000F38E80D8F80030986C00282FD00DF1D1
:1025E0001008FAF78FFE046A81466CB923E0E10710
:1025F0004CD4BDF810300198013BADF80C30046AA2
:1026000001A8FAF747FEB4B12046FAF72FFE846A14
:102610000190A307F3D503C888E803004146284684
:10262000FEF772F90028E2D10198046A01A8FAF7CE
:1026300031FE002CE8D1D9F818000028D1D1009B38
:10264000DC69002C43D00DF110080DE0E3072ED417
:10265000BDF810300198013BADF80C30046A01A8B8
:10266000FAF718FE002C32D02046FAF7FFFD846AF4
:102670000190A207F2D503C888E803004146284626
:10268000FEF742F90028E1D10198E7E70198C46913
:10269000002CB4D020464246294600F013FE2046C6
:1026A000FAF730FE046A002CF4D10198BDE70198D6
:1026B000C469002CD2D020464246294600F002FED2
:1026C0002046FAF71FFE046A002CF4D1DCE76846C6
:1026D000FAF7E0FDF26944F620639A423FF72AAF29
:1026E00095E8030087E8030000F064F901200AE799
:1026F00095E8030087E803006846FAF7CBFD2BE76F
:10270000D9F800102369886C039350B1FAF7FAFDE9
:1027100004462946006A00F01DFEA0690028F5D194
:10272000009AD069294600F015FEBDF908302CE763
:10273000B09C00209000002028B1034AD36B0360B6
:1027400003B15860D0637047689200200F4A8169D6
:1027500052F8213098420AD042680AB103681360E7
:10276000036803B15A600023036043607047036845
:1027700042F821302BB100225A604268002AEED183
:10278000F0E74268002AEAD1EDE700BF849E00200E
:1027900060B159B10B46242200B585B06946039358
:1027A0000092FCF791F905B05DF804FB704700BF9B
:1027B00000B585B0142204AB039143F8102D1946DF
:1027C000FCF782F905B05DF804FB00BF024B4286BE
:1027D0001B680186C36270478401002030B585B054
:1027E0000023152205466946019302930393009244
:1027F000FCF76AF9039CFF2C11D0FE2C08BFFF24C4
:1028000015B9002005B030BD2846FAF77BFD806978
:102810000028F6D02146FBF799FC05B030BDFE2418
:10282000EEE700BFF8B5084E054604683368204659
:102830001B6898473368074620465B6898470444FE
:1028400038462C60F8BD00BF109F0020024B0021CD
:102850001B68DB695B68184790000020024B1B680F
:10286000DB695B68184700BF900000202DE9F04F3E
:10287000D0F81CB08BB0BBF1000F00F0868007933E
:102880009BB2019203938BB206910493BDF8503032
:10289000059335E00699771807995D183FB22DB278
:1028A00002F4A062B2F5807F48D0B2F5A06F5FD18C
:1028B000019A0AEB0208149A09EB02040FFA88F84D
:1028C00024B2B742CAEB0802A7EB060144D1002AA2
:1028D00042D1ED1B9E1BC8EB0404CAEB0909B542AB
:1028E000A5EB0601C9EB04024BD1002A49D1099B93
:1028F00009A8D3F820B0FAF7CDFCBBF1000F44D003
:102900005846FAF7B3FC826A099002F42071B0F9D4
:102910000060B0F902A08029B0F90430B0F9069047
:1029200020D0B1F5207FB5D0049902F4A0628F19B0
:10293000CD18B2F5807F3FB22DB2B6D10599B7421E
:1029400001EB0A0801EB0904A7EB06010FFA88F86E
:1029500024B2CAEB0802BAD05846029300F04EFDEA
:10296000029BB6E703998F19CD183FB22DB297E7B6
:10297000BDF8041001EB0A0849440FFA88F80CB2BC
:102980009FE7584600F090FDB1E70BB0BDE8F08F2F
:1029900000B585B004AB019043F8101D1946FCF753
:1029A000A9FF05B05DF804FB014B1B689B68184745
:1029B0007C0100202DE9F041454F86B03B6893F83B
:1029C0005420002A39D1986C02AEFAF74FFC0090DF
:1029D000DFF8008103C886E803006846FAF75AFC6E
:1029E000D8F80040002C50D13F687A6C002A67D09C
:1029F00004AD106851682B46D8F8004003C3D4B129
:102A0000204606ACFAF732FC0346B0F9022028460D
:102A1000B3F9001044F8143DFCF7D0FF2046FAF754
:102A200039FC28463146FAF74FFC284600F048FDAD
:102A300006B0BDE8F081BC6CE2E7596C002943D0D8
:102A400004AD244C08682A464968246803C2D4B1FE
:102A5000204606ACFAF70AFC0346B0F902202846E5
:102A6000B3F9001044F8103DFCF7A8FF2046FAF730
:102A700011FC19492846FAF727FC284600F020FDEA
:102A800006B0BDE8F0819C6CE2E704AD07E0FAF720
:102A90001BFC049B28469C697CB1FAF7FBFB204693
:102AA000FAF7E4FB034630469A6A19460493930703
:102AB000EDD42846FAF7EEFB96E7FAF7EBFB93E73F
:102AC000304600F0FDFCB3E7034800F0F9FCAFE747
:102AD00090000020409F0020C49C002030B583B0AF
:102AE00018B90446204603B030BDFAF7BFFB0368AF
:102AF00002AD1B6945F8040D9B689847FEF710FE70
:102B000004462846FAF7C6FB204603B030BD00BF96
:102B1000034B082153F82000C3689B6A184700BF85
:102B2000849E0020024B53F820301B695868704780
:102B3000849E0020024B53F820301B6918687047B0
:102B4000849E002070B110B582B0FAF78FFB00F1BF
:102B5000180402AB43F8040D1846FAF79BFB204615
:102B600002B010BD704700BF082A10B40EDD102A55
:102B70001CDC00EB4101034650F8042B23F8022B28
:102B80009942F9D101205DF8044B7047022A11D017
:102B9000042A00F09A80012A3FD00144034650F8ED
:102BA000042B03F8012B9942F9D1EBE700205DF8E3
:102BB000044B704700F1100252F8103C01294FEA13
:102BC0008313DBB226D052F80C4C02294FEA0414CE
:102BD00004F0300443EA04031CD052F8084C0329E3
:102BE0004FEA840404F00C0443EA040312D052F8C0
:102BF000044C043902F1100204F0030443EA040314
:102C000000F8013BBED052F8103C01294FEA831373
:102C1000DBB2D8D103700120B5E700F1200252F8F1
:102C2000203C01294FEAC313DBB2F3D052F81C4C0D
:102C300002294FEA841404F0400443EA0403E9D073
:102C400052F8184C03294FEA441404F0200443EAD4
:102C50000403DFD052F8144C04294FEA041404F0A2
:102C6000100443EA0403D5D052F8104C05294FEA6A
:102C7000C40404F0080443EA0403CBD052F80C4C1B
:102C800006294FEA840404F0040443EA0403C1D093
:102C900052F8084C073902F120024FEA440404F0CC
:102CA000020443EA0403B5D052F8244C012904F08D
:102CB000010443EA040300F8013B52F8203C4FEAC8
:102CC000C313DBB2B2D10370A5E700F1080454F8D6
:102CD000083C01294FEA0313DBB213D054F8042C4B
:102CE000023904F1080402F00F0243EA020300F87B
:102CF000013B3FF447AF54F8083C01294FEA031366
:102D0000DBB2EBD1037008465DF8044B704700BF9F
:102D10002DE9F04FB64C91B0D4F800E01B9D1D9EFC
:102D20001E9F1F9C0F9005920C93DDF868A00D95D7
:102D3000DDF870C00E9607970894BEF1000F06D01C
:102D4000DEF80040A44611B0BDE8F04F60474AEA03
:102D500005038946012B00F09380CCF10803029310
:102D60000C9B002B40F38980A24BF046E146CDF846
:102D700028E0186804910D9A049953181A460B9389
:102D8000B0F90A30013A9342099269DCB0F90E3089
:102D90008B4265DB059B002B62DD00260F9B079FA6
:102DA00003EB0A04354606974DE0C9EB0606029B85
:102DB00048FA03F208FA09F812F0FF025FFA88F8FD
:102DC00002D1037C9B0739D4D0F83CC0DCF800303A
:102DD0000393089B0BB153F82220B0F9083004F19B
:102DE000FF3EB0F90CB09942CCF80020B8BF1946AC
:102DF000DE457346A8BF5B468B421CDBB0F90A2058
:102E0000049FB0F90EE0BA42B8BF3A46099FBE45EA
:102E1000A8BFBE4672450EDC407C774F57F82000B5
:102E2000D0F80CC0CDF800E0DCF810B0D847714BFA
:102E30001868D0F83CC0039BCCF800300135059BE6
:102E40005444AB420CD0CAEB0401002EADD1069A1B
:102E5000029E134692F80080013306933346A7E79B
:102E6000079A0E990A9B0A44013307920B9A0A9318
:102E700004920C9A9A427FF47EAF11B0BDE8F08FB5
:102E80005C4B1968B1F90A20C9EB0203002B40F32F
:102E9000C1800C98C41A002CEFDD06FB0373079366
:102EA0000C9B4B44B1F90E00013B1B1A002B02DDB9
:102EB000E41A002CE1DD0F98059D4319B1F90C00CF
:102EC000013B1B1A002B01DDEB1A0593B1F9083009
:102ED0000F9D9D4215DB0025059B002BCDDD4E7C13
:102EE0004548089F50F826000F99C6681E95079D13
:102EF0001F971D950E9DCDF86CC01C951A94746893
:102F000020E7059E5D1B0CF1FF30761B05961F2800
:102F1000E2D801A656F820F0FD2F0108D92F0108AC
:102F2000D92E0108C12F0108D92E0108D92E010878
:102F3000D92E0108B52F0108D92E0108D92E010874
:102F4000D92E0108D92E0108D92E0108D92E010841
:102F5000D92E0108A72F0108D92E0108D92E010862
:102F6000D92E0108D92E0108D92E0108D92E010821
:102F7000D92E0108992F0108D92E0108D92E010850
:102F8000D92E0108D92E0108D92E0108D92E010801
:102F9000D92E0108992F010807980F9300EB85009F
:102FA0000025079098E707980F9300EB4500002550
:102FB000079091E707980F932844002507908BE727
:102FC000079825F0010300EB650005F00105079067
:102FD0000F9818440F907FE7079825F0030300EB44
:102FE000A50005F0030507900F9818440F9073E7AC
:102FF0002C9F002090000020849E0020079825F040
:10300000070300EBE50005F0070507900F9818444B
:103010000F9061E70C9C4A46234642E72DE9F04FAA
:1030200091B0824C1B9D24682E460E951D9D0F90DD
:103030000C951E9D059206951F9D0D930895DDF834
:1030400068A0DDF870E0209D2CB12468A44611B082
:10305000BDE8F04F60474AEA06038946012B00F0BD
:103060009280CEF1080302930D9B002B40F38880E1
:103070006F4BA046F1460A94186804910E9A049981
:1030800053181A460B93B0F90A30013A9342099249
:1030900069DCB0F90E308B4265DB059B002B62DDED
:1030A00000260F9B069F03EB0A04354607974DE069
:1030B000C9EB0606029B48FA03F208FA09F812F077
:1030C000FF025FFA88F802D1037C9B0739D4D0F85D
:1030D0003CC0DCF800300393089B0BB153F822206E
:1030E000B0F9083004F1FF3EB0F90CB09942CCF8C9
:1030F0000020B8BF1946DE457346A8BF5B468B4229
:103100001CDBB0F90A20049FB0F90EE0BA42B8BF48
:103110003A46099FBE45A8BFBE4672450EDC407CBC
:10312000444F57F82000D0F80CC0CDF800E0DCF890
:1031300010B0D8473E4B1868D0F83CC0039BCCF881
:1031400000300135059B5444AB420CD0CAEB04015E
:10315000002EADD1079A029E134692F800800133EB
:1031600007933346A7E7069A0C990A9B0A44013352
:1031700006920B9A0A9304920D9A9A427FF47EAFBC
:1031800011B0BDE8F08F2A4B1868B0F90A20531A25
:10319000002B46DD0D99CC1A002CF1DD069E0C9912
:1031A00001FB036306930D9B4B44B0F90E10013BEA
:1031B0005B1A002B02DDE41A002CE1DD0F99059E5D
:1031C0008B19B0F90C10013B5B1A002B01DDF31ACF
:1031D00005930F9B591BB0F9083099420DDA5B1A21
:1031E000059F1D4423F00706FB1A31440593069BF7
:1031F00003EBE50305F007050693059B002BBFDDF8
:10320000467C0C48089F50F82600C6681E95069D0F
:103210001F971D950C9DCDF86CE01C951A94746851
:1032200014E70D9C0A462346BEE700BF2C9F0020F2
:1032300090000020849E0020F0B5044685B0002850
:103240003ED00F46002602AD0CE0E30724D4BDF8C3
:103250000C300126019833443B80046A01A8FAF738
:1032600019F8B4B12046FAF701F8846A0190A20770
:10327000F3D503C885E8030029463846FDF744FB2B
:103280000028E2D10198046A01A8FAF703F8002C9B
:10329000E8D1304605B0F0BD0198C469002CDCD0FF
:1032A0002A463946204600F025F90028204618BF56
:1032B0000126FAF727F8046A002CF1D10198E2E719
:1032C0000646E6E7002843D0F0B50E4685B017461F
:1032D00004460BE0E3072AD4BDF808300198013B0F
:1032E000B380046A01A8F9F7D5FFD4B12046F9F7F5
:1032F000BDFF846A0190A207F3D502AD9FB10146DC
:103300003A462846FDF71EFB29463046FDF7FCFAF3
:103310000028DFD10198046A01A8F9F7BBFF002C4F
:10332000E4D105B0F0BD03C885E80300ECE70198DF
:10333000C469002CD5D020462A463146FFF7C2FF8B
:103340002046F9F7DFFF046A002CF4D10198E2E788
:10335000704700BF002850D070B584B00E460446B8
:1033600002AD2046F9F782FF846A0190A20718D5C2
:1033700003C885E8030029463046FDF7C5FA30B397
:10338000E307019815D4B6F90230B0F902209A4249
:1033900025DDBDF90A30B6F906209A4201DB013B72
:1033A000F380046A01A8F9F775FF002CD9D104B0A5
:1033B00070BDC469002CF4D020462A46314600F086
:1033C000EBF82046F9F79EFF046A002CF4D101982F
:1033D000046A01A8F9F75EFF002CC2D1E7E7BDF946
:1033E0000E30B6F906209A42DBDD046A01A8F380AC
:1033F000F9F750FF002CB4D1D9E770472DE9F0431D
:1034000000238BB0079306930893099308B119B969
:1034100012B90BB0BDE8F0830D46164604460DF117
:103420000808F9F723FF0346019032460AAF03C8A4
:1034300088E8030018462946FCF7C0FA019832468E
:1034400029460830FCF7BAFA57F8243DD3F81C9007
:103450003846F9F71FFF32462946484600F004F97E
:103460002046F9F703FF826A0190920701D581692E
:1034700079B93846F9F70EFF032204AB06A92046B6
:103480000495059606920993FCF734FA0BB0BDE853
:10349000F083026A00F014FA019B40461A6A9969A7
:1034A00000F00EFAE5E700BF00B551EA020E00D0C9
:1034B00008B95DF804FB5DF804EBFDF7BDBF00BF84
:1034C00030B50A4C05460A4B83B022686946527CE7
:1034D00053F82200C3681B6B984720686A46294648
:1034E0000830FDF72FFA03B030BD00BF9000002078
:1034F000849E00202DE9F041044684B0002849D084
:103500000F46904600260CE0E3072FD4BDF80C30A0
:103510000126019833443B80046A01A8F9F7BAFEFA
:10352000E4B12046F9F7A2FE846A0190A207F3D520
:1035300002ADB8F1000F15D0014642462846FDF70E
:1035400001FA29463846FDF7DFF90028DCD1019859
:10355000046A01A8F9F79EFE002CE2D1304604B0BF
:10356000BDE8F08103C885E80300EAE70198C46973
:10357000002CD1D02A4639462046FFF7BBFF002851
:10358000204618BF0126F9F7BDFE046A002CF1D1D0
:103590000198DDE70646E1E7002863D0F0B50E4666
:1035A00085B0174604462046F9F760FE846A01900C
:1035B000A20724D502AD002F3FD001463A46284647
:1035C000FDF7C0F929463046FDF79EF968B3E307D9
:1035D00001981CD4002F42D0B7F90220B0F9023074
:1035E0009342B8BF1346B6F90220934229DDBDF9D4
:1035F0000A30B6F906209A4201DB013BF380046AE7
:1036000001A8F9F747FE002CCDD105B0F0BDC46983
:10361000002CF4D020462A463146FFF7BDFF204655
:10362000F9F770FE046A002CF4D10198046A01A82D
:10363000F9F730FE002CB6D1E7E703C885E80300B0
:10364000C0E7BDF90E30B6F906209A42D7DD046A0C
:1036500001A8F380F9F71EFE002CA4D1D5E7B0F93C
:103660000230C0E7704700BF2DE9F04F0023B5B02E
:103670001D9306901C931E931F93002800F01C813D
:103680008A4691464FF0030B0698F9F7EFFD4A463C
:1036900051460A90FCF792F90A984A46514608307A
:1036A000FCF78CF90A9B0AA8DA691B6A1446059292
:1036B0000793F9F7EFFD002320932193229323939F
:1036C000002C00F0E7800598F9F7D0FD4A465146F6
:1036D0000B90FCF773F90B984A4651460830FCF7FB
:1036E0006DF90B9B0BA8DA691B6A144604920893C8
:1036F000F9F7D0FD00232493259326932793002CDC
:1037000000F0B6800498F9F7B1FD4A4651460C9096
:10371000FCF754F90C984A4651460830FCF74EF92C
:103720000C9B0CA8DA691B6A144602920993F9F7FC
:10373000B1FD0023289329932A932B93002C00F0AA
:10374000858054464D460298F9F790FD2A46214659
:103750000D90FCF733F90D982A4621460830FCF706
:103760002DF90D9B0DA8D3F81C901B6A0393F9F754
:1037700091FD00232C932D932E932F93B9F1000FDD
:1037800052D001934846F9F771FD2A4621460E9022
:10379000FCF714F90E982A4621460830FCF70EF97A
:1037A0000E9B0EA8DE691B6A0093F9F773FD019B5F
:1037B00030933193329333933EB31AAF3046F9F7D7
:1037C00055FD2A4621460F90FCF7F8F80F982A4637
:1037D00021460830FCF7F2F80F9B0FA8D3F81CA085
:1037E000D3F82080F9F756FD214650462A46FFF7C8
:1037F0003BFF3046464630A9CDF8C0B033971A9407
:103800001B95FCF777F8002ED8D1484618ABDDF8A9
:1038100000902CA9CDF8B0B02F9318941995FCF70F
:1038200069F8B9F1000FADD1039B28A902981E4693
:10383000029316ABCDF8A0B016942B931795FCF716
:1038400059F8002E7FF47FAFA246A946099B24A910
:1038500004981C46049314ABCDF890B0CDF850A05A
:103860002793CDF85490FCF745F8002C7FF44AAF2D
:10387000089B20A905981C46059312ABCDF880B093
:10388000CDF848A02393CDF84C90FCF733F8002CEA
:103890007FF419AF032306981CA9CDF840A01C9310
:1038A000079BCDF844901C46069310AB1F93FCF782
:1038B00021F8002C7FF4E8AE35B0BDE8F08F00BFF2
:1038C0002DE9F041054686B008460C461746F9F743
:1038D00019FD836A13F4803F14BF4FF480462026FD
:1038E00014B906B0BDE8F0812046F9F7BFFCD0F866
:1038F0002880009018F0020F43D00246294602A803
:10390000FDF720F800283CD040F6010308EA030345
:10391000012B40D02046324602A9FCF761F8009BFB
:10392000DC6974B3A7422CD02046F9F79FFC836A68
:1039300001909B072BD5024602A904A8FDF702F8C7
:1039400028B301A8F9F7A6FC324604A92046FCF7E3
:1039500047F82046FDF742F9054650B12846324661
:1039600004A9FDF745F92846F9F7CCFC056A002DB6
:10397000F4D12046F9F7C6FC046AA74201D0002C16
:10398000D2D16846F9F786FC06B0BDE8F08101A8FF
:10399000F9F780FCEDE70099334602A80A6A8969C5
:1039A000FCF7E2F9BBE700BF10B50400002C01D121
:1039B000012016E094F83400002804D1002020777C
:1039C0002000F1F7CAFB032084F83400200000F047
:1039D00009F80020A06300202063012084F834004F
:1039E000002010BD78B589B00400002500200390A8
:1039F00000200490002005900020069000200790F1
:103A00007620089003A983B068461822F8F766FC70
:103A10000EBC206800F02CFF2068416831F48071F2
:103A200020684160206800F044FF2068416851F43C
:103A30008071206841600220F1F706FB200000F051
:103A40003DFD0600002E07D0012084F83400A06B55
:103A50003043A06301200EE0200000F0AEFC010026
:103A6000002907D0012084F83400A06B0843A0632C
:103A7000012000E000200AB070BD2DE9F84386B0B7
:103A800006000C0090461F005FF00009002C05D1D5
:103A9000B06B50F00060B06301208BE096F834000A
:103AA000012840F086800020B063F16D17EB08001C
:103AB000814205D2B06B50F00070B063012079E014
:103AC000032086F8340000213068C1623068C16B81
:103AD00051F495713068C1630FF27171F06BC1637D
:103AE0000FF2B171F06BC1640021F06B01654FF40E
:103AF000007303FB07F39B082200306810F180017C
:103B0000F06BF1F769FE3068C16A51F00801306866
:103B1000C162706C012803D04FF4007000FB08F8FC
:103B20005FF0FF3000904FF4007000FB07F0019051
:103B30009020029002200390002004900120059024
:103B40006946306800F0E0FE4FF40071306800F024
:103B5000F0FE0500002D0BD040F2FF51306881636C
:103B6000B06B2843B063012086F83400012021E0C7
:103B7000022F07D3822030634146306800F00FFFE8
:103B8000010006E0812030634146306800F0ECFE21
:103B9000010000290BD040F2FF5230688263B06B05
:103BA0000843B063012086F83400012002E00020C1
:103BB00000E0022007B0BDE8F0832DE9F84386B0AD
:103BC00007000C00914698460025002C05D1B86BE3
:103BD00050F00060B86301208CE097F834000128B1
:103BE00040F087800020B863F96D18EB090081422E
:103BF00005D2B86B50F00070B86301207AE0032062
:103C000087F8340000213868C1623868C16B51F010
:103C10001A013868C1630FF22561386CC1630FF275
:103C20007561386CC1640021386C0165786C0128BD
:103C300003D04FF4007000FB09F94FF400713868AD
:103C400000F077FE0600002E0BD040F2FF513868DE
:103C50008163B86B3043B863012087F834000120DA
:103C600048E0B8F1020F07D3A0203863494638680E
:103C700000F0CBFE050006E0902038634946386826
:103C800000F0A8FE0500002D0BD040F2FF5138686F
:103C90008163B86B2843B863012087F834000120A2
:103CA00028E03868C16A51F008013868C1624FF4F1
:103CB000007303FB08F39B08386810F180022100B1
:103CC000386CF1F789FD5FF0FF3000904FF4007021
:103CD00000FB08F00190902002900020039000204B
:103CE0000490012005906946386800F00DFE002020
:103CF00000E0022007B0BDE8F08338B505000024DD
:103D00002868406BC0055BD54FF4807128688163DB
:103D10002868C16B31F49D712868C163286B000766
:103D200026D5286B800702D4286B80060BD528681F
:103D300000F086FE0400002C05D0A86B2043A86389
:103D4000280001F035F940F2FF5128688163012015
:103D500085F83400286BC00702D4286B800703D590
:103D6000280001F087F9A7E0280001F07EF9A3E020
:103D7000286B000640F1A080286B80060BD52868D0
:103D800000F05EFE0400002C05D0A86B2043A86361
:103D9000280001F00DF9286BC00700F18D80286B19
:103DA000800700F189802868C16A31F0080128681D
:103DB000C162012085F83400280001F056F97BE04B
:103DC0002868406B400407D54FF480412868816320
:103DD000280000F039FD6FE02868406B000407D52B
:103DE0004FF4004128688163280000F01AFD63E069
:103DF0002868406B10F03A0F5ED02868406B80074F
:103E000003D5A86B50F00200A8632868406B000738
:103E100003D5A86B50F00800A8632868406B8006A3
:103E200003D5A86B50F02000A8632868406BC0063B
:103E300003D5A86B50F01000A86340F2FF5128682A
:103E400081632868C06B30F49D702968C863286B53
:103E5000000628D5286C00280CD00FF2A941286C48
:103E60000165286CF1F75CFD002825D0286C00F076
:103E700049FA21E0E86B00280CD00FF2E541E86B2D
:103E80000165E86BF1F74CFD002815D0E86B00F0F8
:103E900067FA11E00020A863012085F834002800AB
:103EA00001F0DEF808E0286B000705D5012085F851
:103EB0003400280001F07CF831BD2DE9F04102000A
:103EC0000024556E2D0E2800C0F3811008702800C4
:103ED000C0F38300487015F003008870506EC0F383
:103EE0000746CE70506EC0F307270F7192F864C07A
:103EF0000CF0FF0C81F805C0D2F868E05FEA1E6E96
:103F00005FEA0E10C880906EC0F30748CB88404629
:103F1000C0F303100343CB8018F00F000872906EBB
:103F2000C0F307231800C0F3C01048721800C0F394
:103F3000801088721800C0F34010C8721800C0F3D7
:103F40000010087300204873506C002854D1980268
:103F500010F44060086192F86850086950EA8500E2
:103F60000861D66E360EF6B20C69C6F381100443B2
:103F70000C613000C0F3C200087516F007004875E8
:103F8000D76E3F0CFFB23800C0F34210887538007E
:103F9000C0F38200C875780010F006000876D46E71
:103FA000240AE4B291F818C02000C0F3C01050EA0F
:103FB0000C0C81F818C00869401C50655FF0010CBA
:103FC000D2F854E0087E801C1CFA00F000FB0EFEC4
:103FD000C2F854E091F908001CFA00FCC2F858C07D
:103FE000506DD2F858C05FEA5C2C0CFB00F0D06535
:103FF0004FF40070106637E0506C012827D192F81A
:104000006850280410F47C100861D66E360EF6B2A3
:10401000086950EA06200861D76E3F0CFFB20869B4
:1040200038430861D46E240AE4B2D1F810C01CF100
:10403000010C4FF4806000FB0CFCC2F854C0506DC2
:10404000D0654FF400709065906D10660CE040F202
:10405000FF5410688463906B50F08050906301208F
:1040600082F83400012065E02000C0F3801048761B
:10407000600010F07E00887692F86C308D7E18001B
:10408000C0F3C01005438D7613F07F00C876156F1E
:104090002D0EEDB22800C0F3C01008772800C0F341
:1040A000411048772800C0F382008877A80010F0FC
:1040B0000C00C877166F360CF6B2CF7F3000C0F315
:1040C00081100743CF773000C0F3401081F8200003
:1040D000002081F8210016F0010081F82200176FFE
:1040E0003F0AFFB23800C0F3C01081F82300380047
:1040F000C0F3801081F824003800C0F3401081F82C
:1041000025003800C0F3001081F826003800C0F305
:10411000810081F8270017F0030081F8280092F849
:1041200070C06046C0F3460081F82900012081F884
:104130002A000020BDE8F0810200506C0860906CFD
:104140004860D06C8860106DC860506D0861906DDB
:104150004861D06D8861106EC8610020704778B5E5
:1041600089B004000E000025032084F83400606C40
:10417000032821D0B6F5805F04D1A06B50F08050A9
:10418000A0631DE0B6F5006F07D1200000F035FAFE
:104190000500A06B2843A06312E0002E07D1200089
:1041A00000F060FA0500A06B2843A06308E0A06B54
:1041B00050F00060A06303E0A06B50F08050A0635B
:1041C000A06B002808D040F2FF51206881630120D5
:1041D00084F83400012018E060680390A06804901F
:1041E000E0680590069660690790A069089003A9A9
:1041F00083B068461822F8F771F80EBC206800F00A
:1042000037FB012084F8340000200AB070BD7CB573
:10421000040004250026002000906946200000F0DC
:10422000D2F90100002902D0A06B0843A0630098D6
:10423000400A10F00F00C0B276BD0000816B0A6822
:10424000D36B53F480730A68D363704770B505006D
:10425000AE6B0024306B82280BD1306800F0F0FB8D
:104260000400002C05D0B06B2043B063300000F098
:104270009FFE3068C16A31F008013068C16240F2C7
:10428000FF5130688163012086F83400300000F06F
:10429000F1FE70BD70B50500AE6B2800F1F758FC5B
:1042A00002282DD0F06B406D012803D0306C406D9A
:1042B000012822D140F2FF51306881633068C16B20
:1042C00031F49D713068C163B06B50F08040B063D1
:1042D0003000FFF79CFF04002000C0B2062803D086
:1042E0002000C0B2052805D1306800F0A9FBB16BF1
:1042F0000843B063012086F83400300000F058FE17
:1043000070BD000070B50500AE6B306C002801D0A8
:1043100000203064F06B002820D13000FFF777FFD9
:1043200004000020B063012086F834002000C0B2F1
:10433000062803D02000C0B205280FD1306800F055
:104340007FFBB16B0843B063B06B002803D0300033
:1043500000F086FE02E0300000F02AFE70BD000092
:1043600070B50500AE6BF06B002801D00020F06343
:10437000306C002820D13000FFF749FF04000020F6
:10438000B063012086F834002000C0B2062803D0B4
:104390002000C0B205280FD1306800F051FBB16B8E
:1043A0000843B063B06B002803D0300000F058FE23
:1043B00002E0300000F0FCFD70BD78B58FB0040065
:1043C00000260120ADF80C00206800F077FA0028E4
:1043D00002D15FF080606FE0606C03281CD0206821
:1043E00000F002FC0600002E01D0300064E0002145
:1043F000206800F07DFA60670421206800F078FAF8
:10440000A0670821206800F073FAE0670C2120689B
:1044100000F06EFAC4F88000606C032808D003A98D
:10442000206800F011FC0600002E01D0300043E0AF
:10443000606C032820D0BDF80C002065216D0904B4
:10444000206800F0E9FB0600002E01D0300033E0C8
:104450000021206800F04CFA60660421206800F01A
:1044600047FAA0660821206800F042FAE0660C21B5
:10447000206800F03DFA20670421206800F038FA37
:10448000000DE06404A92000FFF717FD226D12045F
:104490000023206800F0EFFA0500002D01D028006D
:1044A0000AE0211D83B068461822F7F717FF0EBCFB
:1044B000206800F0DDF9002010B070BD2DE9FC414E
:1044C000804600200090002700250024D8F8000036
:1044D00000F0EDFA0600002E01D0300071E0D8F8AF
:1044E000000000F0FCFA0400002C32D00020C8F8D4
:1044F0004800002D29D10098411C00914FF6FF7112
:10450000884202D15FF080705BE00021D8F80000A3
:1045100000F0FEFA0600002E02D05FF0805050E05E
:104520000021D8F8000000F00EFB0400002C02D09F
:104530005FF0805045E00021D8F8000000F0D8F985
:1045400007003800C00F0500D3E70020C8F844007A
:1045500036E00120C8F84800002D28D10098411C01
:1045600000914FF6FF71884202D15FF0807028E021
:104570000021D8F8000000F0CBFA0600002E01D090
:1045800030001EE05FF08041D8F8000000F0DBFA58
:104590000400002C01D0200013E00021D8F8000016
:1045A00000F0A6F907003800C00F0500D4E7780036
:1045B00003D50120C8F8440002E00020C8F84400F8
:1045C0000020BDE8F681F8B507000C000026002C9D
:1045D00002D15FF000600FE0396D0904386800F027
:1045E0004EFB0500002D01D0280005E000213868B1
:1045F00000F07EF920600020F2BD7CB506000821A5
:1046000000226846F1F700F800240021306800F02D
:104610006FF9800102D54FF4006022E06946300056
:1046200000F055F80500002D01D0280019E0019890
:10463000400314D5316D0904306800F069FA0400B4
:10464000002C01D020000CE00221306800F096FA26
:104650000100002901D0080003E0002001E05FF024
:10466000806076BD7CB50600082100226846F0F720
:10467000CBFF00240021306800F03AF9800102D518
:104680004FF4006022E06946300000F020F8050099
:10469000002D01D0280019E00198C00314D5316D18
:1046A0000904306800F034FA0400002C01D0200026
:1046B0000CE00021306800F061FA0100002901D00F
:1046C000080003E0002001E05FF0806076BD2DE986
:1046D000F84388B081460E000024F0F78FFF0700F2
:1046E0005FF00008082100226846F0F78DFF0821DE
:1046F000D9F8000000F01DF90500002D01D02800B8
:104700008CE0D9F850100904D9F8000000F000FA44
:104710000400002C01D0200080E05FF0FF30029008
:10472000082003903020049002200590002006907D
:104730000120079002A9D9F8000000F0E5F8D9F8A7
:10474000000000F036FA0500002D01D0280065E0D9
:10475000D9F80000416B40F22A40014216D1D9F845
:104760000000406B800208D5D9F8000000F098F8EE
:10477000694641F8280018F10108F0F73FFFC01B17
:1047800010F1010FE4D15FF0004047E0D9F80000DC
:10479000406B000705D50821D9F800008163082087
:1047A0003CE0D9F80000406B800705D50221D9F81C
:1047B00000008163022031E0D9F80000406B8006E0
:1047C00005D52021D9F800008163202026E040F2A1
:1047D000FF51D9F80000816300990098000210F49D
:1047E0007F0050EA01600099090A11F47F410843F3
:1047F000009950EA11607060684642684168090299
:1048000011F47F0151EA02614268120A12F47F42F8
:104810001143406851EA10613160002009B0BDE8E1
:10482000F08370B504000020A56A0026082E06D289
:10483000206800F035F845F82600761CF6E7A06AF7
:104840002030A062002070BD70B504000020256AF1
:104850000026082E06D205EB8601206800F023F81A
:10486000761CF6E7206A20302062002070BD000030
:104870000EB40100002200980243019802430298FE
:1048800002430398024304980243059802434B688D
:10489000DFF80807034013434B60002003B0704764
:1048A000D0F88000704702000868C2F8800000203D
:1048B000704701000320086000207047006810F076
:1048C00003007047020000230868906048680343B3
:1048D00088680343C868034308690343D068000B32
:1048E00000031843D060002070470069C0B27047D1
:1048F00081B002000020009012F11400081800900E
:104900000098006801B070470200002308685062F8
:104910004868906288680343C86803430869034392
:1049200048690343D06A30F0F7001843D062002092
:10493000704778B585B006000C0000250094102063
:10494000019040200290002003904FF4806004907A
:1049500069463000FFF7B6FF41F28832102130007F
:1049600000F0C4F906B070BD78B585B006000C0043
:104970000025009411200190402002900020039017
:104980004FF48060049069463000FFF79BFF41F2CE
:1049900088321121300000F0A9F906B070BD78B559
:1049A00085B006000C0000250094122001904020E4
:1049B0000290002003904FF480600490694630001C
:1049C000FFF780FF41F288321221300000F08EF9AB
:1049D00006B070BD78B585B006000C0000250094C7
:1049E0001820019040200290002003904FF4806036
:1049F000049069463000FFF765FF41F288321821C4
:104A0000300000F073F906B070BD78B585B00600CF
:104A10000C000025009419200190402002900020F5
:104A200003904FF48060049069463000FFF74AFF1E
:104A300041F288321921300000F058F906B070BDFB
:104A400030B585B005000024002000900C200190B6
:104A500040200290002003904FF48060049069464B
:104A60002800FFF72FFFDFF838250C21280000F081
:104A70003DF905B030BDF0B585B0060014001D004D
:104A8000002700940720019040200290002003900E
:104A90004FF48060049069463000FFF713FF41F245
:104AA00088320721300000F021F905B0F0BD30B5A3
:104AB00085B0050000240020009000200190002017
:104AC0000290002003904FF4806004906946280013
:104AD000FFF7F8FE280000F0EDF805B030BD30B566
:104AE00085B0050000244FF4D57000900820019097
:104AF00040200290002003904FF4806004906946AB
:104B00002800FFF7DFFE280000F022FA05B030BDD4
:104B100078B585B006000C00002500943720019080
:104B200040200290002003904FF48060049069467A
:104B30003000FFF7C7FE41F288323721300000F025
:104B4000D5F806B070BD78B585B006000C0000251C
:104B5000DFF850042043009029200190402002906B
:104B6000002003904FF48060049069463000FFF706
:104B7000A9FE300000F07BF906B070BD78B585B0B5
:104B800006000C00002500940620019040200290B1
:104B9000002003904FF48060049069463000FFF7D6
:104BA00091FE41F288320621300000F09FF806B0F5
:104BB00070BD30B585B00500002400200090332082
:104BC000019040200290002003904FF480600490F8
:104BD00069462800FFF776FE41F28832332128002B
:104BE00000F084F805B030BD30B585B00500002474
:104BF0000020009002200190C0200290002003902D
:104C00004FF48060049069462800FFF75BFE28009F
:104C100000F003F905B030BD78B585B006000C0092
:104C20000025009409200190C020029000200390EC
:104C30004FF48060049069463000FFF743FE300077
:104C400000F0EBF806B070BD78B585B006000C003A
:104C500000250020009003200190402002900020B9
:104C600003904FF48060049069463000FFF72AFEFD
:104C700022000321300000F01DF906B070BD78B5A8
:104C800085B006000C00002500940D200190402006
:104C90000290002003904FF4806004906946300039
:104CA000FFF710FE41F288320D21300000F01EF8AF
:104CB00006B070BD0100DFF8F0020268D2084FF4C0
:104CC0007A70B2FBF0F041F2883202FB00F2100081
:104CD000421E002802D15FF0004006E0486B00064B
:104CE000F5D540F2FF50886300207047F8B5040006
:104CF0000D001600AC480168C9084FF47A70B1FB8A
:104D0000F0F707FB06F73800471E002802D15FF0D6
:104D1000004081E0606B10F0450FF4D0606B4007FD
:104D200003D50420A063042076E0606BC00703D5A0
:104D30000120A06301206FE02000FFF7D6FD2900CD
:104D4000C9B2884201D0012066E040F2FF50A06362
:104D500000212000FFF7CCFD01009448014201D161
:104D6000002059E0002902D55FF0007054E04800AF
:104D700001D5402050E0880001D580204CE0C800DB
:104D800002D54FF4807047E0080102D54FF400705F
:104D900042E0480102D54FF480603DE0C80102D5F1
:104DA0004FF4006038E0080202D54FF4805033E041
:104DB000480202D54FF400502EE0880202D54FF48D
:104DC000804029E0C80202D54FF4004024E04803A7
:104DD00002D55FF400301FE0880302D55FF4802025
:104DE0001AE0C80302D55FF4002015E0080402D5DC
:104DF0005FF4801010E0480402D55FF400100BE06F
:104E0000880402D55FF4800006E0080702D55FF44D
:104E1000000001E05FF48030F2BD010062480268EA
:104E2000D2084FF47A70B2FBF0F041F2883202FB04
:104E300000F21000421E002802D15FF0004015E091
:104E4000486B10F0450FF4D0486B400703D50420A1
:104E5000886304200AE0486BC00703D501208863FB
:104E6000012003E040F2FF508863002070470100FA
:104E70004D480268D2084FF47A70B2FBF0F041F26C
:104E8000883202FB00F21000421E002802D15FF0BF
:104E900000400EE0486B10F0450FF4D0486B40071F
:104EA00003D504208863042003E040F2FF508863A8
:104EB00000207047F8B504000D0016003A4801685C
:104EC000C9084FF47A70B1FBF0F041F2883707FB64
:104ED00000F73800471E002802D15FF0004036E09E
:104EE000606B10F0450FF4D0606B400703D50420D1
:104EF000A06304202BE0606BC00703D50120A063F2
:104F0000012024E02000FFF7F0FC2900C9B288420C
:104F100001D001201BE040F2FF50A06300212000DF
:104F2000FFF7E6FC010011F4604F04D10800000C0B
:104F3000308000200BE0480402D54FF4005006E01A
:104F4000080402D54FF4805001E05FF48030F2BDD8
:104F5000010015480268D2084FF47A70B2FBF0F0F5
:104F600041F2883202FB00F21000421E002802D1FA
:104F70005FF0004010E0486B10F0450FF4D0486B34
:104F8000400703D540208863042005E0486B4006B5
:104F900001D5402088630020704700000081FFFF9A
:104FA00000E1F505000010804800002008E0FFFD4A
:104FB0007047000070B5002400F061F8012801D0AE
:104FC000022013E0254D2800FEF7EEFC060030001D
:104FD000C0B2002808D14FF400612800FFF7BFF8E5
:104FE000002801D0012006003000C0B270BDF8B525
:104FF00004000D001600002733002A002100174886
:10500000FEF73BFD002801D0012007003800C0B2A8
:10501000F2BDF8B504000D001600002733002A0089
:1050200021000E48FEF7C9FD002801D0012007002D
:105030003800C0B2F2BD80B50848FFF7E8F8042890
:1050400001D1002000E00120C0B202BD10B5040073
:1050500021000248FFF770F810BD00007C95002089
:1050600010B5040000F019F810BD10B5040000F0F0
:1050700089F910BD10B5040000F088F910BD80B5A5
:1050800001208DF8000000F08DF9002802D10020E9
:105090008DF800009DF8000002BD704738B505008E
:1050A000F0F7ACFA0400F0F7A9FA001BA84205D209
:1050B000FFF7C1FF0028F6D1002001E05FF0FF30CC
:1050C00032BD38B50400B34D01202870FFF7B3FF9F
:1050D000002803D1287810F0FE002870287832BD0F
:1050E00010B50400FFF766FF002805D12000C0B20C
:1050F000FFF7E7FFA7490870A648007810BD10B574
:1051000004002000C0B2FFF7DCFF10BD2DE9F94F0D
:1051100083B00C009146012547F230563000FFF76E
:10512000BDFF002802D52800C0B273E014F00300D0
:1051300000286DD1049A49462000FFF758FF002847
:1051400026D1954F00203860F0F758FA834638682A
:10515000002805D1F0F752FAB0EB0B00B042F6D3BD
:105160003868002802D10120050051E00020386095
:10517000F0F744FA8346F0F741FAB0EB0B00B04287
:1051800046D2FFF758FF0028F5D1002005003FE088
:1051900000270498874232D2DFF800820122494674
:1051A0004046FFF724FF8DF8000019F101099DF832
:1051B0000000002823D1DFF8E0A10020CAF8000099
:1051C000F0F71CFA8346DAF80000002805D1F0F762
:1051D00015FAB0EB0B00B042F5D3DAF80000002866
:1051E0000DD04FF4007ACDF80480A04652460199C4
:1051F0004046F7F763F814F500747F1CC9E704987C
:10520000874205D19DF80000002801D1002005004B
:105210002800C0B205B0BDE8F08F2DE9F94F83B08A
:105220000C00150001265E4F0020386047F2305810
:105230004046FFF733FF002802D53000C0B26CE0D3
:1052400014F00300002866D1049A29002000FFF71B
:10525000E0FE002823D1F0F7D1F90190386800284A
:1052600005D1F0F7CBF90199401A4045F6D33868DB
:10527000002802D1012006004DE000203860F0F740
:10528000BDF90190F0F7BAF90199401A404542D2B0
:10529000FFF7D1FE0028F5D1002006003BE00020FA
:1052A0008246049882452DD200203860DFF8EC90C9
:1052B000012229004846FFF7ACFE8DF800006D1C66
:1052C0009DF8000000281DD1F0F798F9019038688A
:1052D000002805D1F0F792F90199401A4045F6D31C
:1052E000386800280ED04FF4007BCDF80890A14616
:1052F0005A4602994846F6F7E1FF14F500741AF190
:10530000010ACEE70498824505D19DF800000028E7
:1053100001D1002006003000C0B205B0BDE8F08F1A
:10532000F8B588B004000D00160001271948007870
:10533000C00701D5032023E02800C0B2002805D013
:1053400002280CD004D3032810D017E0002016E068
:105350006846FFF77BFE0698306000200FE0684645
:10536000FFF774FE07983080002008E06846FFF7DA
:105370006DFE0798400A3060002000E00420C0B2B3
:1053800009B0F0BD012106480160704701210248C3
:105390000160704704040020F09E00206890002007
:1053A000EC9E002010B501244FF400510448EFF7A3
:1053B00020F9002801D0002004002000C0B210BD58
:1053C00000080240436801462DE9F04FB5B004469D
:1053D0001846059300F042FFF0B123680F2B64D00C
:1053E0001DDC0B2B2AD00E2B00F06481052B1FD166
:1053F0000598F7F73BFF0346199068B119A85D6B54
:10540000F7F748FFA3683BB19D4205D1A84B1B7835
:1054100013B90598F9F720F935B0BDE8F08F262BC0
:1054200000F00C81B3F5107F00F09281252BDFD0C6
:105430002046F7F703FE35B0BDE8F08F0598F7F783
:1054400015FF804619900028F2D0C06BF8F798FF3E
:105450008146D8F84000F8F793FFB9F1000F0646EF
:1054600040F315812BAB00279A463946D8F83C000B
:10547000F8F7F8FF002E2B9040F3FF80002506E0A0
:1054800020A8F7F707FFAE422B9800F0F6802946D8
:105490000068F8F7E7FF013520900028F3D0006896
:1054A0000028EDD0FAF7DAFDEAE7059F2BAB384686
:1054B0001D460393F7F7DAFEC36A8246406B1B680A
:1054C000CDF864A01E460D93F9F73CF82946334603
:1054D000DAF834B0034438460993DAF838300693E2
:1054E000DAF87C300A93DAF890301093DAF8643006
:1054F0001793F9F741F8DAF83400F9F723F8DAF8F6
:1055000084300646BDF9B2500C93BDF9AE70002B45
:1055100000F00E841A46EB1B01331B1AB3FBF2F3A7
:10552000002B08BF01231693DAF87830039A129300
:10553000059B9AF8B37022932A92002B40F08B853A
:105540001A4620ADFF23164630928DF8B030DAF8B7
:1055500040003196F8F714FF1590DAF83C00F8F7A0
:105560000FFFE26806461EAB1068516803C3BAF924
:1055700002201EA8BAF9001052424942FAF71EFA58
:1055800029460598F8F7F8FF29461EA8F7F79CFE6C
:10559000022000F045FFDAF86800FAF771FE002EED
:1055A00040F0E783DAF8A4301193069B002B59D022
:1055B0004FF0FF32DAF844000523002624920A9ABD
:1055C0002393D543F8F702FCBDF97E30A946DDF8F8
:1055D0002480069D984545DC0C9A1199CDF89C8055
:1055E00090440D9A2596541ABDF97C2009EB0801C8
:1055F00094422991EEDA0A9B00211F1C18BF012753
:105600005846FAF75FFD259B002B0CBF002307F0DF
:10561000010323440444269310B9BDF97C400134AE
:10562000631E22A82893A8472599BDF97C30013133
:105630009C422591E4DBBDF97E30CBE7E368023B79
:10564000052B3FF6E9AE01A252F823F0E559010817
:1056500019540108195401084B5901080D54010847
:10566000C75901080A9B002B40F03581504600F0D5
:10567000E1FE19A8F7F70EFECEE60068013700F04C
:1056800029FF5046F7F706FEB9457FF4EEAED8F88D
:10569000AC00002840F04C81D8F8400000F01AFF20
:1056A000D8F83C0000F016FF19A8F7F7F3FDBFE6A5
:1056B0008F9F0020E3685A68002A7FF7B9AE0598EB
:1056C000D3F80090F7F7D2FD2BAA03461C9016469C
:1056D000039200F1A002B0F86C70856F07CA86E8EB
:1056E0000700D86B93F8B360F8F74AFE80461CA811
:1056F000F7F7D0FDA9F11003122B3FF699AE01A2E6
:1057000052F823F0095C01084D5B0108375B010882
:105710007B5A010831540108315401083154010801
:10572000655A01086F5A01083154010831540108C3
:105730003154010831540108315401083154010831
:105740003154010831540108715C0108215C0108E1
:10575000E468002C00F0CD84237AA3B92BAB02249B
:105760001E460393059F002338462B937360B36056
:10577000F360FAF77BFD262331462E942D972B9369
:10578000FAF7B8F848E60598F7F770FD0346C06BDE
:105790002293F8F7F5FD229B8346586BF8F7D2FE6B
:1057A000229D0746D5F89830D5F884800193D5F826
:1057B000A4A0B8F1000F00F0A2842BAB0DF1D0092A
:1057C000286C0393F8F7DCFD59F8483D0546484638
:1057D0005E6BF7F75FFD03990598F8F7CDFEBDF90D
:1057E000ACE0BDF8B020BDF8B230BDF9AEC0CEEB34
:1057F00002022068CCEB030312B2B0EB0E0061682A
:105800001BB2ADF8B020ADF8B2300FD4CCEB010133
:10581000C91B0BD4904209DCDB1B994206DC019BBF
:1058200091FBF8F119448B4500F3EE84039908FBD2
:105830000B780598F8F7A0FE6368002D27680193A0
:1058400040F34C840024A34659460BF1010B30462B
:10585000FAF738FC5D450444F6D1BDF9ACB000213F
:105860003046FAF72FFC5844CAEB000A574540F37C
:10587000D084A74280F2CD84019B434580F2C98445
:105880004FF0000B01E05D4508DD0BF1010B3046E8
:105890005946FAF717FC82445745F4DC0598F7F7A8
:1058A000E5FC5D45229040F32184A74200F3328459
:1058B000019B434500F32E845D4685674846F7F714
:1058C000E9FC059C2046F8F705FD2046FAF7D8FDCF
:1058D0000124039E46E71798F8F77EFA5846F8F732
:1058E00031FE0D9B1844169B441E002B00F0EC81EA
:1058F0000C9EBDF97E303444A342C0F2E581002500
:10590000169F08E0BD42344400F0DE81BDF97E30D0
:105910009C4200F3D981BDF97A3001359C42F1DB1C
:10592000BDF97C202046BDF9781000F003FEE9E7C0
:10593000F7F79CFC034634A840F8483DDD68F7F7CC
:10594000A9FCD8F8AC00A847A6E6A568059800F021
:1059500017FE854200F0E283A568059800F038FE46
:1059600085427FF459AD0598F7F780FC03461990FE
:10597000B8B1D0F8A42022A9A0685C6B239200F0F3
:105980004FFE199B19A8239AC3F8A420F7F782FCAD
:10599000B64B1B78002B00F04E8420462399FBF772
:1059A0001DFC0023059C20462C932B932D932E93B6
:1059B000FAF75CFC26220A232BA92D942B922E9316
:1059C000F9F798FF28E50598F7F750FC199000289B
:1059D0003FF422ADA268436B9A427FF44AAE0023A3
:1059E000436346E60598F7F741FC199000283FF419
:1059F00013ADA268436B9A427FF43BAED0F8AC3053
:105A0000002B3FF436AE0598FAF73AFD199B586B18
:105A100000F012FE041EFFF62CAE199B2146186CF6
:105A2000F8F720FD2290C8B14368BBB1199BD3F8A9
:105A3000AC00F7F71BFC199B2B90D3F88020944205
:105A400000F0EF830022027483F8B120C3F8804095
:105A5000059800F005FE2BA8F7F71CFC22A8F7F725
:105A600019FC06E60598002100F018FED4E408F1C0
:105A7000FF31059800F012FECEE4DDF814A034AC3E
:105A80005046F7F7F3FB476F44F85C0D0137C06BE6
:105A9000F8F776FC814620464FEA4708F7F7FAFB0D
:105AA000002F3DDBB945CCBF00240124002C37D1A9
:105AB0005046F7F7DBFBD0F8AC302090002B00F01D
:105AC000FD80D0F88020002AC0F2F8801846F7F751
:105AD000CDFB03681E90002B00F0F9821846F7F703
:105AE000C5FB1E9B22909B889F42C0F2748322A814
:105AF000F7F7D0FB1EA8F7F7CDFB20A8F7F7CAFBF6
:105B00002294002C00F0D182247922A8F7F7C2FB5E
:105B1000002C00F0CA82013708F10208002FC1DA18
:105B200070077FF579AC002DFFF676AC0598132150
:105B300000F082FE70E4720740F14083002DC0F255
:105B40003D830598122100F077FE65E4DDF814A08E
:105B500034AC5046F7F78AFB476F44F85C0D013FC1
:105B6000C06BF8F70DFC814620464FEA4708F7F76F
:105B700091FB002F3DDBB945CCBF00240124002C54
:105B800037D15046F7F772FBD0F8AC302090002B9D
:105B900000F08E80D0F88020002AC0F2898018465C
:105BA000F7F764FB03681E90002B00F0898218460B
:105BB000F7F75CFB1E9B22909B889F42C0F20383F9
:105BC00022A8F7F767FB1EA8F7F764FB20A8F7F7F2
:105BD00061FB2294002C00F06382247922A8F7F75D
:105BE00059FB002C00F05C82013FA8F10208002F55
:105BF000C1DA71077FF510AC002DFFF60DAC0598EA
:105C0000112100F019FE07E4730740F1B682002D60
:105C1000C0F2B3820598102100F00EFEFFF7FCBB26
:105C2000DDF8149034AE4846F7F720FB0346C06B0E
:105C300046F8483DD3F89840D3F89C50D3F8748088
:105C4000F8F79EFB07463046F7F724FB6319591E09
:105C5000884540F0C8827B1B013B9845C0F2CE824C
:105C6000791E059800F01AFDFFF7D6BB8F9F002024
:105C7000DDF8148034AC4046F7F7F8FA0346466F77
:105C800044F8480DC06BD3F89870D3F89C50F8F7DF
:105C900077FB2046F7F7FEFABE4240F0A982AE42FB
:105CA000FFF6E0AE6942059800F012FFFFF7B4BBC3
:105CB000C06B3946F8F7D6FB044687E7C06B394618
:105CC000F8F7D0FB044618E70D9B119A9C1A159B18
:105CD000002B7FF7CBAC002599469046109F2E46AF
:105CE00009E0B742CCBF4346002301364E45A4EB42
:105CF00003043FF4BBAC31465846FAF7E3F9B74228
:105D0000044402DD08EB04052C46BDF97C30A342B7
:105D1000FFF6ACACBDF97830A342E2DCA5422046E8
:105D2000DFDCBDF97E20BDF97A1000F037FFD8E73F
:105D3000DAF86800F8F776FDDAF87C3003B1013064
:105D4000002840F07D82DAF8843016900C93002B06
:105D50007FF4EAABDAF86800F8F764FDDAF87C3033
:105D60000C90002B3FF4E0AB034601330C93FFF79C
:105D7000DBBBDDF814804046F7F778FAD0F8AC309A
:105D80001D90002B00F09681D0F88020002AC0F2F0
:105D9000918118461DAB1D461493F7F767FA034629
:105DA00034A840F8603D9C68F7F774FA4046A04775
:105DB00004462846F7F76EFA002C7FF45AACDAF85E
:105DC0009830DAF8A4101A460493169B11911146E4
:105DD0000133B34294BFD218921991420F92BFF48B
:105DE000E4AB07F004070023CDF808B0FAB2139330
:105DF0001F460B9208E00E9B0993049B0F9A0133F8
:105E00009A42049340F2FB8004990598F8F794FDB8
:105E100003461C900028F0D01A791CA81B68079232
:105E20000193F7F737FA0999BDF97E200BB29A4230
:105E3000ADF88230C0F2E3800B460C9ABDF97A10BF
:105E400013449AB20E93531E1BB29942ADF886309A
:105E5000D1DC0A9B13B1023AADF886200D9B119A52
:105E6000DDF840809E1A159B03F1FF39B9F1000F50
:105E70004FF000040BDA96E035442B9B13B10398E6
:105E8000F7F708FA01342E464C4500F38C80214682
:105E90000298FAF717F921460546DAF84000F8F7B4
:105EA000E1FA03461AA81A931B788DF8CC30F7F75D
:105EB000F1F92146019832972B97F8F7D3FA1B9006
:105EC00048B1D0F800B0021D1BA83292F7F7E2F9F2
:105ED000BBF1000F5DD1A045CEDC33B2BDF97C2013
:105EE0009A42ADF8803059DB3544BDF978206B1EFD
:105EF0001BB29A42ADF88430BFDC079B002B5DD00B
:105F000003232F930AEB8303586D2D905B6C2E9324
:105F1000F7F762FF2F9B0AEB8303586CF7F756FFE6
:105F2000069B002BA9D00A9A0498002C18BF002ABF
:105F3000BDF98410249014BF0123002309981E4446
:105F4000BDF9862022AB2790052026962891239024
:105F500018462992069E25940893B047089B012273
:105F600018462392B0470B9B002B86D0079B002B33
:105F700083D1129BA34280D12F9B0AEB8303586DE0
:105F8000F7F72AFF2F9B0AEB8303586CF7F71EFFE6
:105F900073E75846F7F76AF92B909CE72B9B13B1F0
:105FA0000398F7F777F9B8F1000F2CD0109B4FF05A
:105FB0000008139603F1FF390D9E57E7059B6BB15F
:105FC0001846F7F753F9034614985A6F1D93089231
:105FD000F7F760F9049B089A934202D02F970023A9
:105FE00090E70B9B13B1129BA342F7D1059800F0E9
:105FF000F9FD00280CBF012302232F9382E7DDF86F
:1060000008B0FFF7D2BA139B109A002A18BF1E4699
:10601000BDF97C30B342FFF6EEAE069D002D3FF495
:10602000EAAE0A9A22A80499002C18BF002A4FF061
:10603000FF32249114BF01240024BDF9821034449E
:10604000289325920523BDF986202694279129922D
:106050002393A847CFE634AD98461846F7F706F9DC
:1060600090F86E6045F8500D2846F7F713F9404652
:106070008DF8B060F7F7FAF803462846D3F8886041
:106080002093F7F707F940463096F7F7EFF8034605
:1060900028462093D3F88C60F7F7FCF8FFF757BA3F
:1060A0003946059800F0FAFAA3E53946059800F05C
:1060B000F5FA35E51DAB18461493F7F7EBF87EE6D5
:1060C000209B3946D86BF8F7CDF904467BE5209B39
:1060D0003946D86BF8F7C6F904460BE5002130467F
:1060E000F9F7F0FF0598F7F7C1F82290013DFFF7A7
:1060F000E4BB2BAB032403931E46FFF733BBA86E10
:10610000F8F790FBEB6F80460BB100F10108229D80
:10611000FFF753BB4FF0FF35FFF7CFBBA06822A9B5
:1061200000F07EFA0598F7F7A1F80346199028B118
:10613000239A19A8C3F89820F7F7ACF8059E34AC59
:106140003046F7F793F80346406B44F8503DF8F7B4
:10615000F9F905462046F7F79DF82BA93046344655
:10616000F8F70AFABDF8AE302BA930462B44ADF84B
:10617000AE30F8F76DFA002315E42C99039EC91B85
:10618000304600F03DFD05460598F7F76FF80446E8
:1061900096E8070004F1A0031C9483E807001CA8FC
:1061A000F7F778F8002D3FF437A9059C2046F9F75A
:1061B000AFFF204600F054FAFFF72EB92C99039E4A
:1061C00039443046DDE7209B30F80810D86BF8F7EB
:1061D00049F90446F4E4209B30F80810D86BF8F72E
:1061E00041F9044683E4484600F058FAFFF714B931
:1061F0003946404600F052FAFFF70EB92946059895
:1062000000F066FCFFF708B9059800F047FAFFF7C1
:106210000DBB05984FF0000BF7F728F82290FFF719
:1062200044BB027C012400216240027483F8B24026
:1062300083F8B0100CE40598F8F70EFAFFF7ADBB41
:10624000EB1BDAF8842001330C929B1BB3FBF0F3B9
:1062500016930BB901231693134678E52DE9F04107
:1062600084B020B90125284604B0BDE8F0810C4671
:106270000746F6F7FBFF064622680290162A00F052
:106280008E8026DD1F2A7AD04FDD312A33D0B2F539
:10629000407F45D1E26802A8F36A002514681B68B4
:1062A000F26204AE1C1BF6F7F5FF3846F6F7DEFF88
:1062B000624223460094114646F8040DFCF7D6FAD4
:1062C0003046F6F7E7FF3846F8F704F8029B5BB96B
:1062D000C9E7112A59D03EDD142A12D0152A1FD140
:1062E000B0F930300025E36002A8F6F7D3FF284666
:1062F00004B0BDE8F08100250346E560002BF3D132
:10630000B1E7E46800252146F9F7FAFFF36A214670
:1063100020461A6800F094FC029B002BE4D1A2E70F
:1063200033460125002BDFD19DE71E2AF8D1D4F892
:106330000C80B8F1010F36D1438E03F01005ADB2D9
:10634000002D4FD102A8F6F7A5FF029BC4F80C80E0
:10635000002BC9D187E70D2AE2D1E368DB68002B67
:10636000DED01B7A002BDBD002A80025F6F792FFC7
:10637000384600F075FC029B002BB5D173E7438EC5
:106380000025C3F30013E360AEE7438EDB0604D5BC
:10639000E36813B11B7A002B36D10125A4E7E3682B
:1063A00000250386A0E7458E3846F6F75FFF438E4B
:1063B00025F0010503909D4203D045863846F7F746
:1063C00089FF03A80925F6F765FF02A8F6F762FF23
:1063D000294638460025F8F77BFB029BE560002B39
:1063E00082D140E7384643F00105F6F73FFF438E80
:1063F0000390AB4203D045863846F7F76BFF03A8FE
:106400000825F6F747FFE0E702A80125F6F742FF67
:106410003846FAF735F8029B002B7FF465AF22E788
:10642000034B1B68B3F92A2058851046704700BFFC
:106430009000002070B584B00446684600F04EFC21
:10644000638E1B0717D5B4F90430B4F90020BDF8EA
:1064500006109A1ABDF80250BDF9006093B2BDF95A
:106460000400ADF802605A1A5B1BADF80600ADF8E7
:106470000020ADF8043004F10803E16A02AA0D68B7
:1064800093E8030082E803001146204600F034FC44
:10649000BDF90030BDF908202B44934214DCBDF94E
:1064A0000430BDF90C205B1B93420DDBBDF90230BB
:1064B000BDF90A202B44934206DCBDF90630BDF934
:1064C0000E205D1B954203DAE36A68461B69984714
:1064D00004B070BD00B9704730B583B00546F6F71B
:1064E000C5FE436800903BB96846F6F7D3FE2846E0
:1064F000F9F7B4FD03B030BD1846F6F7B7FE009BC0
:1065000001901B885BB1002400E0019800EB84003F
:106510000134F9F7CDFC009B1B88A342F5DC01A8F0
:10652000F6F7B8FE00980430F9F7C2FC009B002291
:106530001A80D9E7F0B5114F83B03B681D6DDC6C54
:1065400005446846661814442BB2ADF80060ADF8F7
:106550000440ADF80230ADF80630FBF717FA50B141
:106560003B682246294630465B6E1B689847FBF71E
:10657000B9FF0028F4D103B0F0BD00BF90000020A7
:10658000F0B5044685B010B9204605B0F0BD074609
:10659000F6F7B8FEC46994B1002515262046694671
:1065A0000195029503950096F8F78EFA039B204615
:1065B000FE2BE9D0F6F7A6FE046A002CEED1384691
:1065C000FE21FAF7C7FC0446204605B0F0BD00BF27
:1065D000F0B5044685B010B9204605B0F0BD0746B9
:1065E000F6F790FEC46994B1002515262046694649
:1065F0000195029503950096F8F766FA039B2046ED
:10660000FF2BE9D0F6F77EFE046A002CEED1384667
:10661000FF21FAF79FFC0446204605B0F0BD00BFFD
:1066200000B585B02323039169460093F8F74CFA2F
:1066300005B05DF804FB00BF10B582B018B9044680
:10664000204602B010BDF6F711FE02ABC46D43F850
:10665000040D1846F6F71EFE204602B010BD00BF1E
:1066600070B584B00546F6F701FE04AC44F80C0D95
:10667000406BF7F767FF06462046F6F70BFE284605
:1066800002A9F7F779FFBDF80A3002A9284633447A
:10669000ADF80A30F7F7DCFF04B070BD2DE9F04724
:1066A00084B00C460646F6F7E1FD04AD0346C06B28
:1066B0000093F7F765FE55F8103D804628465F6F5A
:1066C000F6F7E8FDA045D8BF08F1FF3444EAE474CA
:1066D000BC420DD021463046F8F72EF9029050B159
:1066E00090F8048002A8F6F7D5FDB8F1000F02D0AB
:1066F00004B0BDE8F0873046F6F7B8FD03462846FB
:106700005C670093F6F7C6FD3046F9F701FD0028F7
:1067100061D1002F2BDB3046F6F7A8FD0346406B16
:106720000193F7F70FFFDDF804A08046DAF88450F4
:10673000DAF89890002D6AD001A8ADB2F6F7AAFD5C
:10674000304602A9F7F718FFBDF80A20C9EB070386
:1067500002A908EB02076A1E304613FB0577BFB299
:10676000BB18ADF80A70ADF80E30F7F771FF002CCA
:106770002ADB3046F6F77AFD0346406B0193F7F7C4
:10678000E1FE019F8046D7F88450D7F89890002DFD
:1067900048D001A8ADB2F6F77DFD304602A9F7F763
:1067A000EBFEBDF80A20C9EB040302A908EB0204C2
:1067B0006A1E304613FB0544A4B2A318ADF80A4084
:1067C000ADF80E30F7F744FF30460421F8F780F9B2
:1067D00004B0BDE8F087304604ACF6F747FD034649
:1067E000406B44F80C3DF7F7ADFE05462046F6F742
:1067F00051FD02A93046F7F7BFFEBDF80A3002A9E5
:1068000030462B44ADF80A30F7F722FFDCE7DAF820
:106810006800F8F707F8DAF87C300546002B8BD0D3
:10682000013589E7B86EF7F7FDFFFB6F0546002BD2
:10683000AFD00135ADE700BF2DE9F04F8BB08B46EF
:106840008146F6F713FD00F1A003866F476B0DF14B
:106850001C08019093E8070088E8070001A8F6F7F4
:1068600019FD484603A9F7F787FE31463846F9F780
:1068700029FC002E8246C0F22781002425462146AD
:1068800001343846F9F71EFCA6420544F7DAABF1AD
:106890001001032962D8DFE801F087640264711CEB
:1068A0003846F9F70FFC0899BDF9103028440B441D
:1068B000984200F3DF808D42C0F2FF8000250AACD1
:1068C0004846F6F7D3FC866F44F8140D006CF7F7D2
:1068D00057FD07462046F6F7DDFC721C11D0013645
:1068E00026EAE676BE4200DB7E1E4846F6F7BEFC90
:1068F0000346204605939E67F6F7CCFC4846F7F71B
:10690000E9FC4846F6F7B2FC064698E8070006F1AF
:10691000A003019683E8070001A8F6F7BBFCEDB1E0
:1069200048460AADF9F7F4FB4846F6F79FFC0346E4
:10693000406B45F8203DF7F705FE06462846F6F77A
:10694000A9FC21464846F7F717FEBDF81630214648
:1069500048463344ADF81630F7F77AFE0BB0BDE881
:10696000F08F089BCAEB0502BDF910109A4242DA7B
:10697000EA1A6D1AAB4280F29680521ABDF90C10D9
:106980001144002940D14846F6F770FC044698E8C7
:10699000070004F1A003019483E8070001A8F6F7BB
:1069A00079FC0BB0BDE8F08F711E3846F9F78AFB11
:1069B0000899CAEB0502BDF9103008440B44904217
:1069C00061DC9D4261DC00250AAC4846F6F74EFCCE
:1069D000866F44F8140D006CF7F7D2FC074620468A
:1069E000F6F758FC731C8CD0013E26EAE676B742D7
:1069F0003FF77BAF78E76A1A9342C4DAEA1A521A71
:106A0000BDF90C101144BCE71944404600F0F8F8F9
:106A100005464846F6F72AFC044698E8070004F1C4
:106A2000A003019483E8070001A8F6F733FC002DCA
:106A300094D048460AACF9F76BFB4846F6F716FCCB
:106A40000346406B44F8203DF7F77CFD05462046A1
:106A5000F6F720FC05A94846F7F78EFDBDF816307D
:106A600005A948462B44ADF81630F7F7F1FD0BB0F9
:106A7000BDE8F08F8D4220DBC31ABDF90C505D19C3
:106A80003FF41DAF1AE09D4220DDEB1ABDF90C501A
:106A9000C3EB0A0ABAEB050596D0491B404600F045
:106AA000AFF8054690E7CAEB020282EAE271C1EB59
:106AB000E27100293FF467AFA6E76D1A294440460A
:106AC00000F09EF80546FAE60025E0E6851AE4E7C0
:106AD0002DE9F04F85B00F468046F6F7C7FB04ACB2
:106AE000456F4FEA470B44F8100D3D44C06BF7F774
:106AF00047FC824620466E00F6F7CCFB002DA946E7
:106B000048DBAA45CCBF00240124002C42D14046DA
:106B1000F6F7ACFB0346D0F8AC00029320B3D3F8F1
:106B20008020002A20DBF6F7A1FB036801908BB1DF
:106B30001846F6F79BFB019B03909B889D4205DA64
:106B4000029B815BD86BF7F78DFC044603A8F6F730
:106B5000A1FB05E0029B2946D86BF7F783FC0446AE
:106B600001A8F6F797FB04E0D86B2946F7F77AFC03
:106B7000044602A8F6F78EFB03941CB103A82479FF
:106B8000F6F788FB3D445E44002CB7D149464046A9
:106B9000FFF784FD05B0BDE8F08F00BF104B1B6808
:106BA00070B5DD6C82B01C6D0544684666181444EF
:106BB0002BB2ADF80260ADF80640ADF80030ADF88C
:106BC0000430FAF7E3FE40B122463146284600F091
:106BD0009DF8FBF787FC0028F6D102B070BD00BF1E
:106BE00090000020044A054B126853F82230181A0E
:106BF000B0FA80F0400970475C9F00209C9E002006
:106C000002680029836810B4A2EB03024468416063
:106C100009DB22EAE27399420CDD43601846001B4F
:106C20005DF8044B7047002343601846001B5DF875
:106C3000044B70470846001B5DF8044B704700BFCB
:106C4000CB8892B270B40E888D884C881644AD1AE9
:106C500011199A1A068085804180C28070BC7047E5
:106C600000B9704730B583B00446F6F7FFFA036AFF
:106C7000009033B3826A120715D503469D696846B2
:106C8000F6F708FB204600F069F829462046F8F799
:106C9000C7FD2046F7F71EFB204600220E4900F0F4
:106CA0007FF803B030BD1846F6F7E0FA836A01902A
:106CB0001B070BD56846F6F7EDFA01A8F6F7EAFAD6
:106CC000EFE76846F6F7E6FA03B030BD01A8F6F73D
:106CD000E1FA009BD2E700BF25780208044B014689
:106CE000186810B9034B1B68986CF7F705BF00BF15
:106CF000409F0020900000200346B0F90220084683
:106D0000B3F9001052424942F8F758BE114B30B463
:106D10001C68B4F9083083420FDCB4F90C30984297
:106D20000BDCB4F90A50B4F90E30A942B8BF2946B9
:106D30009342A8BF1346994201DD30BC7047657C81
:106D40000A46054C014654F82500C468E468A44688
:106D500030BC604790000020849E002070B504463F
:106D6000F6F7D0FA0546806900B970BDF6F7CAFAA1
:106D7000C36906469C420CD013B910E0002BF4D036
:106D80001846F6F7BFFA036A9C42F7D12B6A0362F2
:106D900070BD2046F6F7B6FA036AF36170BD70BDA8
:106DA00000F000B82DE9F04F85B00D461446F6F717
:106DB000A9FAC3690293002B00F09E80029E21462F
:106DC0003046A8473046F6F79DFAC3690393002B77
:106DD00000F08A80039E21463046A8473046F6F7E9
:106DE00091FAD0F81C80B8F1000F75D021464046CA
:106DF000A8474046F6F786FAD0F81C90B9F1000F84
:106E000062D021464846A8474846F6F77BFAD0F8B4
:106E10001CA0BAF1000F4FD021465046A84750465B
:106E2000F6F770FAD0F81CB0BBF1000F3CD0214649
:106E30005846A8475846F6F765FAC36901935BB30D
:106E4000019E21463046A8473046F6F75BFAC669F0
:106E5000DEB121463046A8473046F6F753FAC769F7
:106E60006FB138462146A847384622462946FFF7E3
:106E700099FF3846F6F746FA076A002FF1D13046F7
:106E8000F6F740FA066A002EE3D10198F6F73AFACF
:106E9000036A0193002BD3D15846F6F733FAD0F8A2
:106EA00020B0BBF1000FC2D15046F6F72BFAD0F854
:106EB00020A0BAF1000FAFD14846F6F723FAD0F878
:106EC0002090B9F1000F9CD14046F6F71BFAD0F89C
:106ED0002080B8F1000F89D10398F6F713FA036AFE
:106EE0000393002B7FF476AF0298F6F70BFA036A50
:106EF0000293002B7FF462AF05B0BDE8F08F00BFB6
:106F00002DE9F04F95B00C460B92AA4A0D901268ED
:106F10000993106E1F9DDDF88C90F6F7A7F9426972
:106F20001190002A40F0B38003461046DB681290AF
:106F300011A80793229BE3180893F6F7ABF99D4B32
:106F400012981B6820B11A7C9A4C910700F0D480EB
:106F5000186EF6F78BF904460B9914A8B4F90620BD
:106F6000E3688A1AB4F904B040F8044D03FB02F355
:106F7000089A1833CBEB020B03EB4B03E318029395
:106F8000F6F788F9102D00F08780172D45DD1E9B40
:106F9000002B40F3B984219BDDF82C90A3F1040A67
:106FA0001E9B129E03EB090BCDF80CB0DDF834B03C
:106FB0001AF1040F1FD0029FEFB1002E59D0B06814
:106FC0004A46099DD046446830462B460899A0475A
:106FD000089CDBF8103058F8040F1B689847B3681A
:106FE000214627F8020B4A461B6830460134984771
:106FF000013DEED1129E029B09F10109079A13444B
:107000000293209B9A44039B9945D1D116B112A8B3
:10701000F6F740F915B0BDE8F08F082D75D0664B36
:10702000B9F1000F08BF99461E9B002B40F32F813A
:107030001C46229A229B520007989B00209E069293
:1070400003930023029A2199022D00F02781042D39
:1070500000F0FD81012D00F03783013331440244FB
:107060009C42F1DCDDF848B0DE46BEF1000FCED127
:10707000D0E73D465646099CDBF8103056F8040F21
:107080001B689847013C25F8020BF5D1B2E7104682
:10709000F6F7ECF8119B49E7129D002D00F02684CD
:1070A0001E9B002BB3DD099B0024444F5E00A046CD
:1070B000DDF81CB00396DDF87890029EDDF880A024
:1070C000219C84B12146039A304666B13B689847BB
:1070D0000B9B2846089903EB0802099B15B1AD6884
:1070E0006D68A847129D08F1010854445E44C145EB
:1070F000E7DC002D8BD18DE71E9B0B9A009308993E
:10710000099B00F019FC236822E71E9B002B40F32B
:107110000484219B099A013B0B9DDDF848B0039341
:10712000029B5846CDF88C90A94603EB42061E9B65
:107130002B44239D0493039B591C1E4B1B681B7CF3
:10714000002D48D013F003033AD0022B1ED1BBF11F
:10715000000F63D0DDF80CA0DDF80880099F089CC3
:107160001AF8013F21464A46013458463BB155F8CA
:1071700023E0DBF80830A8F800E01B689847013FDF
:1071800008F10208ECD1DDF848B05846029B09F13D
:107190000109079A1946039B16441144029120994C
:1071A0000B440393049B4B45C5D100287FF42FAFBC
:1071B00030E700BF900000207060020874010020DA
:1071C000039A029B12F8011F55F8211023F8021BA5
:1071D000B342F7D1DAE713F0030300F06583022B23
:1071E000D4D1BBF1000F00F07783DDF80CA0DDF8FF
:1071F0000880099F089C1AF8013F21464A4601343D
:10720000584633B1DBF808E0A8F80030DEF800306B
:107210009847013F08F10208EDD1B4E70399029BBA
:1072200011F8012F12B155F822201A8002339E4224
:10723000F6D1AAE74246039B14F0010F4FEA54042B
:1072400003D019888AEA01011980013A03F1020387
:10725000F2D1039B03EB48030393B9F1000F40F015
:10726000C482DDF88CA00A9B11A8079A01331C4642
:107270000A93029B1344209A02930C9B13440C9391
:10728000F6F708F81E9B1A46A24200F32882DDF8A2
:1072900048E0BEF1000F7FF4BAAEBBE60A93229B32
:1072A000DDF848B0C3F104030292DA46CB46DBB204
:1072B00021910C93D6465746A34B219A1B6814780C
:1072C0001B7C069A03F003039440012BE4B200F008
:1072D0009E807CD3022B67D1099B0A9A0393219B42
:1072E000DDF830900593089B029D04930B9B03EB04
:1072F000020A039A039B9145C8BF5FFA82F9C9EB62
:10730000030309F1FF3903934FB35FFA89F9049E30
:1073100009F1010805EB480814F0C00F31464FEAA7
:10732000941306F101065246384606D05BF823E076
:10733000BB68A5F800E01B6898470235A4004545E6
:10734000E4B2E9D1049B01334B440493039BD3B1D2
:10735000059B4FF0040913F8014F0593C9E75FFA45
:1073600089F909F1010105EB4101A30014F0C00FF7
:107370004FEA9412DCB202D05BF822302B80023547
:10738000A942F2D1DEE7129FBE46219A20990A9BBC
:107390000A44079901332192029A0A930A440292FD
:1073A0001E9A9A4288DC60E6219ABA4620990A9B86
:1073B0000A44079901332192029A0A930A440292DD
:1073C0001E9A9A423FF776AFBB46DE464DE60C9BCF
:1073D000029E099DDDF884C0AB42C8BFEBB2581EC7
:1073E000ED1AB31EC0B206EB4001A209A4005BF87F
:1073F0002220E4B223F8022F9942F6D1013006EBA5
:107400004006002DC1D01CF8014F0423E4E70C997D
:10741000029B09980A46219D8242C8BFC2B2511EF2
:10742000801AC9B2013103EB4101A20014F0C00F70
:10743000D4B203D01A8882F0FF021A8002338B4242
:10744000F3D10028A1D015F8014F0422E4E72191DF
:10745000CA4622990A93DDF848B0C1F10203DDF86B
:107460008490D9B25F46134606910233BE46CB469E
:107470000293354B029A1B68A2F1020803991B7C08
:107480009BF8002003F003038A40012BD4B200F0E4
:10749000CB80C0F09680022B40F083800B990A9B32
:1074A0000B4419460593229B002B00F0E18012F05B
:1074B000F00F40F00282089B0BF10106DDF8088016
:1074C000591C099B9BF80140013B012B4CDD023B01
:1074D000002F00F0D18004935B088A1C08F1040996
:1074E0000C935B00CDF83C800D460D93D318CDF87E
:1074F00084B00E929B46DDF814801AE05AF823E01F
:10750000BB6829F804EC1B68984714F00F0409D0F5
:107510005AF824304246691C384629F8023CBB68B8
:107520001B689847023509F1040916F8014F5D45BB
:107530000CD014F0F00F4FEA141329464246384697
:10754000DCD1002CEED0E3E7900000200C9B0E98DD
:107550000D995A1CDDF83C8001440498DDF884B094
:1075600008EB8208A0EB43035BB1240909D05AF869
:107570002430A8F8003027B1BB683846059A1B684C
:107580009847129FBE46209A07999344029A0A9BF5
:107590000A44013302921E9A0A939342FFF669AF9E
:1075A00063E50A9BD9461E9901331A460A93209B2C
:1075B0008A429944079B4344FFF657AFBB46DE46D9
:1075C00053E5229B002B50D02409099B0BF10102AB
:1075D0005D1E5AF82430A8F80030DDF808809BF8CA
:1075E0000140012D18DD6E1008F1040305F00105BE
:1075F00090198446210904F00F0404335AF821003D
:107600005AF8241023F8080C23F8061C12F8014F2E
:107610006245EFD108EB8608002DB4D024095AF852
:107620002430A8F80030AEE7069B584609998B42F3
:10763000C8BFCBB25A1EC91AD2B2013208EB4202FD
:10764000230114F0C00FDCB205D0B8F8003083F08D
:10765000FF03A8F8003008F102089045F0D1002996
:1076600091D010F8014F0223E1E7099D5A46B8E78F
:10767000099B5E46089928E71A46049308F104031B
:107680004FEA520E0EF1010C06EB0C0014F0F00F55
:107690004FEA141203D05AF8222023F8042C14F0D5
:1076A0000F0403D05AF8242023F8022C16F8014FB7
:1076B0000433B042EAD10231049B08EB8C08A3EBFF
:1076C0004E0301EB4E014FE70A930B46CA46029266
:1076D000013321910C93229BC3F108030E93924B2B
:1076E0000B990A9A1B680A440C9C186E0492F5F7D1
:1076F000BDFD8D4B04F1FF3814F8012C1B688B493C
:107700001B7C8C5C03F00303229A1190022B44FA39
:1077100002F4DDF848B072D0032B1FD0012B1DD02E
:107720000E98029E099DA842314628BF28462D1A70
:10773000024604F00103013A4FEA54045AF8233098
:1077400021F8023BF5D106EB4006002D3FF48BAD4E
:1077500018F8013F0820754AD45CE4E70C9A0D9BA9
:107760000592029A1B690392089A9B68DDF824909F
:107770000692984783B2CDF88CA0DDF838809A46FF
:10778000C84528BFC846C8EB0909BBF1000F3FF444
:1077900051AD4546039E069F05E0013D06F10206F8
:1077A00007F1010716D014F0010F4FEA5404F4D08A
:1077B000DBF808303946049A58461B680236984769
:1077C00036F8023C013D07F101078AEA030326F877
:1077D000023CE8D1039B03EB48030393069B43441D
:1077E0000693B9F1000F3FF43CAD059B4FF008083C
:1077F0004E4A1B78D45C059B01330593C0E70E9D70
:10780000099FBAF80430BD42CDF80C80CDF88CA0A9
:10781000984628BF3D46029EDDF82090DDF810A076
:107820007F1BBBF1000F2BD044B936E0013D09F1BD
:10783000010906F1020612D064082ED0E207F5D540
:10784000DBF808304946524658461B6809F10109E1
:107850009847013DA6F8008006F10206ECD1002F02
:107860003FF4FFAC039A082512F8013FBD42039292
:1078700028BF3D462D4A7F1BD45CBBF1000FD3D1FE
:1078800014B90EE064080CD0E30706F1020648BF05
:1078900026F8028C013DF5D1E1E706EB4506A94447
:1078A000DDE706EB4506DAE7214B099A1B680298EB
:1078B0009847DDF848B0584668E424095AF824305F
:1078C000A8F80030002F3FF4F6ADBB680A463846F2
:1078D00008991B689847EEE50399029B11F8012F60
:1078E00002B11A800233B342F8D14EE4114B1C6846
:1078F0006CB1209B079A019300921E9B099A2199D3
:107900000298A047FFF786BB129EFFF77FBB1E9B26
:10791000002B7FF77FABFFF7C6BB129800287FF4E0
:1079200076ABFFF777BB00BF90000020B04802089D
:1079300074010020649F00202DE9F843089C05464F
:1079400089469846A96843462846561C4F684946CA
:10795000B847013C3246F5D1BDE8F8832DE9F04F38
:10796000A94C93B02568DDF884A02E6E1D9D16B934
:1079700013B0BDE8F08F0746304608920C460393DB
:10798000F5F774FC42690F90002A40F0D680034658
:107990001046DB6810900FA80493209BE318059312
:1079A000F5F778FC984B10981B6820B11A7C964C20
:1079B000960740F19980186EF5F758FC044608992F
:1079C00012A8B4F90620E3688A1A059940F8044D14
:1079D00003FB02F3B4F9042018338A1A03EB820381
:1079E000E3180293F5F756FC172D4EDD1C9B002B78
:1079F00041DD039BDDF820809B000797DFF81492A0
:107A000008931C9B1F9F43440693109828B18168DC
:107A10004246039B4C680599A047079B1B69DA689F
:107A2000002A40F083805B684FF07F4098473E46D5
:107A3000DDF808A0040E039D1F973346002753F876
:107A4000042BB4EB126F58D0002F59D13068020EBE
:107A500064D1013D0AF1040A0436002DEDD11F9FC7
:107A60001E9B08F10108049A1F44029B13440293D1
:107A7000069B9845C9D1109B002B3FF479AF10A805
:107A8000F5F708FC13B0BDE8F08F102D5AD0082D83
:107A900000F0C2805D4BBAF1000F08BF9A461C9BF4
:107AA000002B40F3A980209B209A9B001F99520035
:107AB0000A9300230C92029A022D00F03983042DC0
:107AC00000F0F081012D00F02C811E98013301445B
:107AD000049802441C989842EEDCDDF840B0DE4683
:107AE000BEF1000FCBD143E71C9B089A0093059988
:107AF000039BFFF721FF23685DE70137AF429ED16B
:107B00004FEA870BED1B31465046D9F800305A46F4
:107B10005E449847DA44002D8FD1A0E73C4BDAF859
:107B200000101B689847CAF8000092E7D9F80030A7
:107B30003946089A0298984792E71046F5F796FB5F
:107B40000F9B26E71C9B002B95DD1F9BDDF820A0DB
:107B5000A3F1020B1C9B109E5344069356B3B068CE
:107B60005246039DD946446830462B460599A047A6
:107B7000DDF80880059C3B6939F8020F5B6898477F
:107B8000B368214648F8040B52461B68304601345E
:107B90009847013DEFD1029B0AF1010A049A134470
:107BA00002931E9B9B44069B9A453FF464AF109E34
:107BB000002ED4D15E46029D039C3B6936F8020F2D
:107BC0005B689847013C45F8040BF6D1E3E7DDF824
:107BD00084A0069B0FA81E9A01331C4606931F9B88
:107BE0001344049A1F93029B13440293F5F752FB2C
:107BF0001C9A9442C0F29E80DDF840E0BEF1000F76
:107C00007FF43DAFB4E600BF90000020E4600208BE
:107C1000EC020020740100201C9B002B40F36983C0
:107C20001F9B039ADDF840B0DDF820909C181C9B48
:107C300058465D464B440693984B1B681B7CBAF133
:107C4000000F3FD013F0030331D0022B1CD11F9B38
:107C5000002D5AD003F1FF3BDDF80880039F059EFD
:107C60001BF8013F31464A460136284633B15AF8DF
:107C70002330C8F80030AB681B689847013F08F113
:107C80000408EDD1109D28461F9B09F101091E9A99
:107C90001344049A1F93029B134402931E9B1C449B
:107CA000069B4B45C8D100287FF4E9AE60E61F9BD8
:107CB000029A13F8011B5AF821109C4242F8041B47
:107CC000F7D1E1E713F0030300F00A83022BDBD1C5
:107CD000002D00F014831F9B029F03F1FF38DDF895
:107CE0000CB0059E18F8013F31464A460136284639
:107CF0002BB1D5F808E03B60DEF800309847BBF1C7
:107D0000010B07F10407EDD1BCE7029A13F8011B40
:107D100011B15AF821101160A34202F10402F5D109
:107D2000B1E70693209BDFF87891C3F10803029234
:107D30001F910A93594B1B68186EF5F797FA574B2A
:107D40001F9A1B6812781B7C19F8024003F003038A
:107D5000209A0F90022B44FA02F448D0032B20D033
:107D6000012B1ED00A98029E039D1F9FA8423146F8
:107D700028BF28462D1A024604F00103013A4FEAB3
:107D800054045AF8233041F8043BF5D106EB800641
:107D9000002D3FF41EAF17F8013F082019F80340EB
:107DA000E4E703681B699B6898470A9D029F039E4E
:107DB000DDF87CE0B5423A4628BF3546761B2B46B7
:107DC00014F0010F4FEA540402D0116841401160D1
:107DD000013B02F10402F3D107EB8507002E3FF4CB
:107DE000F8AE1EF8013F082519F80340E2E71F9A94
:107DF000DAF8043009920899069ACDF884A09A46D8
:107E00000A44DDF840B00A9D029EDDF80C80059F13
:107E10000792454528BF4546C5EB0808BBF1000F52
:107E200029D044B923E0013D07F1010706F104061A
:107E300011D064081BD0E107F5D5DBF808303946CE
:107E4000079A58461B6801379847013DC6F800A0BD
:107E500006F10406EDD1B8F1000F3FF4B8AE099A6F
:107E6000082512F8013F099219F80340D1E706EB03
:107E700085062F44EFE774B1534601E0640809D04A
:107E8000E20706F1040648BF46F8043C013DF5D17F
:107E90009A46E0E79A4606EB8506DCE7900000206C
:107EA000B04802081F912099DDF840B00693C1F157
:107EB0000203D846DDF87CB0D9B213460B910433E7
:107EC000C64645460793994B0A991A68079B127C48
:107ED000A3F104099BF8003002F003028B40012A51
:107EE000DCB200F0D480C0F0A080022A5CD10899F6
:107EF000069A0A4420990992002900F0128113F091
:107F0000F00F0AD024095AF82430C9F8003025B1FE
:107F1000AB68284605991B689847059B0BF101073C
:107F2000DDF81C9001339BF801400293039B5E1E19
:107F3000012E58DD002D00F0CE803246029B09F163
:107F40000808CDF830900D9691461E461DE05AF86F
:107F5000233048F8083CAB681B68984714F00F04BE
:107F600009D05AF82430099A48F8043CAB68711CCF
:107F700028461B689847A9F10209023608F108084B
:107F800017F8014FB9F1010F1EDD14F0F00F4FEAA1
:107F90001413099A31462846D9D1002CEBD05AF84F
:107FA000243048F8043CE1E7069BA8461C990133BD
:107FB0001A4606931E9B8A429B44049B4B44FFF641
:107FC0007EAFAB46DE468BE50D9E0299023EDDF8A4
:107FD0003090023173085A1C01EB4301A6EB4306B3
:107FE00009EBC209029166B124090AD05AF824307B
:107FF000C9F800302DB1AB682846099A02991B6870
:108000009847109DAE461E9A04999344079A069B82
:108010000A44013307921C9A06939342FFF653AF2A
:10802000BEF1000F7FF42BADA2E4209B002B4FD0BC
:108030002409039B0BF10102591E5AF82430C9F898
:108040000030DDF81C909BF80140012917DD4F102E
:1080500009F1080301F00101D619200904F00F0409
:1080600008335AF8200043F8100C5AF8240043F85B
:108070000C0C12F8014FB242EFD109EBC7090029ED
:10808000C1D024095AF82430C9F80030BBE70B9B53
:10809000584603998B42C8BFCBB25A1EC91AD2B2F6
:1080A000013209EB8202230114F0C00FDCB205D0CB
:1080B000D9F8003083F0FF03C9F8003009F1040952
:1080C0009145F0D100299ED010F8014F0223E1E73D
:1080D00003995A46B9E7023E09F108037208511C98
:1080E0009446781814F0F00F4FEA141E03D05AF893
:1080F0002E2043F8082C14F00F0403D05AF8244023
:1081000043F8044C17F8014F0833B842EAD1029BF8
:1081100009EBC109A6EB4C06023303EB4C030293B7
:1081200061E7059B5F46039E029301E790000020F4
:108130000693D046209BDDF840B0C3F104030292C1
:108140001F91DBB20B93DE465F46724B1F9A1B6892
:1081500014781B7C0C9A03F003039440012BE4B2C7
:1081600000F09F807DD3022B69D11F9A0699099256
:10817000059A0B9B0792089A029DDDF80CA002EB72
:10818000010B5345C8BF5FFA8AF3C3EB0A0A013BF0
:108190004FB3DBB2079E03F101090A9305EB89098E
:1081A00014F0C00F31464FEA941306F101065A4607
:1081B000384605D058F823302B60BB681B689847B9
:1081C0000435A4004D45E4B2EAD1079B0A9A013375
:1081D0001A440792BAF1000F1BD0099B13F8014F04
:1081E00009930423CDE7DAB2501C05EB8000A3000D
:1081F00014F0C00F4FEA9411DCB202D058F82130CD
:108200002B600435A842F2D1079B0133D3180793A2
:10821000E0E7109FBE461F9A1E99069B0A440499E8
:1082200001331F92029A06930A4402921C9A9A42C0
:108230008BDCBEF1000F7FF422ACFFF799BB1F9AD5
:10824000BB461E99069B0A44049901331F92029A69
:1082500006930A4402921C9A9A423FF774AFDE4694
:108260003EE40B9B029E039DDDF87CC0AB42C8BF81
:10827000EBB2581EED1A331FC0B206EB8001A20903
:10828000A40058F82220E4B243F8042F8B42F6D120
:10829000013006EB8006002DBDD01CF8014F0423F1
:1082A000E4E70B9A029B03981F9D8242C8BFC2B2AB
:1082B000511E801AC9B2013103EB8101A20014F0F2
:1082C000C00FD4B203D01A6882F0FF021A600433E0
:1082D0008B42F3D100289ED015F8014F0422E4E729
:1082E0000D4B039A1B681F9902989847109D2846CA
:1082F000CAE4109800287FF4C2ABFFF739BB1F9A7D
:10830000029B12F8011B01B11960A24203F10403A0
:10831000F7D1B8E49000002074010020A94A0208B7
:108320001568020869760208C172020800000000A0
:10833000000000000D0D0101408301080B0608003C
:10834000A000FF004C830108C48C01080303010056
:10835000908C010804040100808C010806060100CD
:10836000708C010806060100608C010806060100F9
:10837000508C010806060100408C0108040401002D
:10838000308C010806060100208C01080606010059
:10839000108C01080A0A0200F48B0108050501008F
:1083A000E48B010806060100D48B010808080100CF
:1083B000C48B010804040100B48B01080A0A0200FE
:1083C000988B010806060100888B0108050501004D
:1083D000788B010808080100688B01080505010079
:1083E000588B010805050100488B010806060100AD
:1083F000388B010806060100288B010806060100DB
:10840000188B010803030100088B01080606010010
:10841000F88A010805050100E88A01080505010040
:10842000D88A010806060100C88A01080B0B020061
:10843000AC8A01080B0B0200908A01080B0B0200AA
:10844000748A010805050100648A01080707010014
:10845000548A010807070100448A01080707010040
:10846000348A010807070100248A01080707010070
:10847000148A010807070100048A01080A0A020099
:10848000E889010807070100D889010806060100EC
:10849000C889010806060100B8890108060601001E
:1084A000A889010806060100988901080404010052
:1084B0008889010804040100788901080404010086
:1084C00068890108040401005889010808080100AE
:1084D00048890108070701003889010808080100D8
:1084E0002889010808080100188901080808010006
:1084F0000889010808080100F88801080808010037
:10850000E888010808080100D88801080808010067
:10851000C888010807070100B8880108070701009B
:10852000A8880108070701009888010807070100CB
:1085300088880108060601007888010806060100FF
:10854000688801080606010058880108060601002F
:10855000488801080606010038880108060601005F
:10856000288801080606010018880108060601008F
:108570000888010806060100F88701080A0A0200B7
:10858000DC87010805050100CC870108060601000B
:10859000BC87010806060100AC8701080606010039
:1085A0009C870108060601008C870108030301006F
:1085B0007C870108030301006C87010803030100A5
:1085C0005C870108030301004C87010806060100CF
:1085D0003C870108060601002C87010806060100F9
:1085E0001C870108060601000C8701080606010029
:1085F000FC86010806060100EC860108060601005B
:10860000DC86010808080100CC8601080606010086
:10861000BC86010806060100AC86010806060100BA
:108620009C860108060601008C86010806060100EA
:108630007C860108060601006C860108060601001A
:108640005C860108060601004C8601080000005007
:1086500000888850502020404000000000008080AA
:1086600080F088888888F08080000000000010205A
:10867000008888505020204040000000000000503A
:108680000088888888887800000000000000304852
:10869000008888888888780000000000000010208A
:1086A000008888888888780000000000000040204A
:1086B000008888888888780000000000000000009A
:1086C000087098A8A8C87080000000000000000092
:1086D000101000FE0010100000000000000000500C
:1086E00000708888888870000000000000006858CA
:1086F0000070888888887000000000000000304802
:108700000070888888887000000000000000102039
:1087100000708888888870000000000000004020F9
:108720000070888888887000000000000000685889
:1087300000F0888888888800000000000000003071
:10874000500878888888700000000000000000A0B1
:10875000004040404040400000000000000040A0B9
:108760000040404040404000000000000000204029
:1087700000404040404040000000000000008040B9
:108780000040404040404000000000000000005019
:10879000007088F8808870000000000000003048F9
:1087A000007088F880887000000000000000102031
:1087B000007088F8808870000000000000004020F1
:1087C000007088F880887000000000000000000041
:1087D0000070808080807020C000000000000000D9
:1087E000000000000000770008807F8088008C80F7
:1087F0007300000000000000003048483070087826
:1088000088887800000000000000005000700878A0
:108810008888780000000000000068580070087820
:108820008888780000000000000030480070087858
:108830008888780000000000000010200070087890
:108840008888780000000000000020100070087880
:1088500088887800000000000000708888B0888850
:108860008888B000000000000000008080F0888848
:10887000F080800000000000102000888850502008
:1088800020202000000000000048008484848484AC
:10889000848478000000000030480084848484844C
:1088A0008484780000000000102000848484848484
:1088B0008484780000000000201000848484848474
:1088C00084847800000000000000003A448A9292FC
:1088D000A244B800000000000000000000221408BC
:1088E0001422000000000000002800384482828228
:1088F0008244380000000000342C00384482828218
:10890000824438000000000018240038448282822B
:10891000824438000000000008100038448282823F
:108920008244380000000000201000384482828217
:108930008244380000000000685800C4C4A4A49415
:10894000948C8C0000000000000000784442F24249
:10895000424478000000000000A000E04040404099
:108960004040E00000000000609000E040404040D7
:108970004040E00000000000204000E04040404057
:108980004040E00000000000804000E040404040E7
:108990004040E00000000000005000F88080F080BF
:1089A0008080F80000000000304800F88080F080EF
:1089B0008080F80000000000102000F88080F08027
:1089C0008080F80000000000201000F88080F08017
:1089D0008080F800000000000000003C40808080A3
:1089E00080403C08300000000000000000003F8094
:1089F000280048004F007800880088008F80000021
:108A0000000000003048483030484848FC8484006A
:108A1000000000000048003030484848FC848400D2
:108A2000000000006858003030484848FC8484004A
:108A3000000000003048003030484848FC84840082
:108A4000000000001020003030484848FC848400BA
:108A5000000000002010003030484848FC848400AA
:108A600000000000000000200020204080807000F6
:108A70000000000000000000000071000A00320049
:108A80000C8075800A800BC0108000000000000080
:108A90000000000000002100620022002580244028
:108AA0000840088011C00000000000000000000025
:108AB0000000210062002200248025800A800BC073
:108AC00010800000000000000000000000A05028FE
:108AD00050A0000000000000000000609090906036
:108AE0000000000000000000000000206020207056
:108AF0000000000000000000000000000000000076
:108B000000000008300000000000000000004040AD
:108B1000000000000000000000000078E8E8E868BD
:108B200028282828280000000000000000888888E5
:108B30008898E880800000000000102000000000FD
:108B40000000000000000000000000601020106025
:108B50000000000000000000000000601010207005
:108B60000000000000000000000000101010FE10C7
:108B700010FE000000000000000000609090600007
:108B8000000000000000000000FC000000000000E9
:108B900000000000000000000000000000003E0097
:108BA00041009C8092809C809480928041003E0095
:108BB0000000000000000000000000E000000000D5
:108BC00000000000000000000000007E0202020021
:108BD0000000000000000000002850A05028000005
:108BE00000000000000000E0107090700000000025
:108BF000000000000000000000003E0041009C80DA
:108C0000A080A080A0809C8041003E000000000069
:108C10000000005000000000000000000000000004
:108C2000000000788080708888700808F0000000DC
:108C300000004040404000004040404040000000F4
:108C40000000008850502020F82020000000000084
:108C500000000000008870507088000000000000D4
:108C600000000038404040F04040F80000000000A4
:108C7000000000202078A0A0A0A078202000000004
:108C80000000004000404040404040000000000024
:108C900000000000000000000000000000000000D4
:108CA000A94A02081568020869760208C17202081A
:108CB00000000000000000000D0D0101C48C01083F
:108CC0000B06080020007E00D08C01080000000088
:108CD00003030100CC95010804040100BC950108C0
:108CE00004040100AC950108080801009C950108E6
:108CF000060601008C9501080B0B02007095010817
:108D00000707010060950108020201005095010863
:108D10000404010040950108040401003095010895
:108D200006060100209501080808010010950108B9
:108D3000040401000095010804040100F0940108F6
:108D400004040100E094010804040100D094010827
:108D500006060100C094010806060100B09401084F
:108D600006060100A094010806060100909401087F
:108D700006060100809401080606010070940108AF
:108D800006060100609401080606010050940108DF
:108D9000060601004094010806060100309401080F
:108DA0000404010020940108040401001094010847
:108DB000080801000094010808080100F093010868
:108DC00008080100E093010805050100D09301089F
:108DD0000A0A0200B493010807070100A4930108DE
:108DE0000606010094930108070701008493010817
:108DF0000707010074930108060601006493010847
:108E00000606010054930108070701004493010876
:108E100007070100349301080404010024930108AA
:108E200005050100149301080606010004930108DA
:108E300005050100F492010808080100E492010808
:108E400007070100D492010808080100C492010834
:108E500006060100B492010808080100A492010866
:108E60000707010094920108060601008492010898
:108E700006060100749201080707010064920108C8
:108E800006060100549201080A0A020038920108FD
:108E90000606010028920108060601001892010842
:108EA000060601000892010804040100F891010877
:108EB00004040100E891010804040100D8910108AC
:108EC00008080100C891010806060100B8910108D0
:108ED00006060100A8910108060601009891010804
:108EE0000606010088910108050501007891010836
:108EF0000606010068910108060601005891010864
:108F00000404010048910108060601003891010897
:108F100006060100289101080202010018910108CB
:108F2000030301000891010805050100F8900108FC
:108F300002020100E890010808080100D890010829
:108F400006060100C890010806060100B890010855
:108F500006060100A8900108060601009890010885
:108F600004040100889001080505010078900108BB
:108F700004040100689001080606010058900108E9
:108F80000606010048900108080801003890010811
:108F90000606010028900108060601001890010845
:108FA000050501000890010805050100F88F01087A
:108FB00004040100E88F010805050100D88F0108AD
:108FC00008080100C88F010800000000000062923C
:108FD0008C00000000000000000080404040403055
:108FE0004040404080000000000040404040404081
:108FF000404040404000000000001020202020C0E1
:1090000020202020100000000000000000F01020B0
:109010004080F00000000000000000000088885040
:109020005020204040000000000000000088502038
:10903000205088000000000000000000009292AA6A
:10904000AA4444000000000000000000008888508E
:1090500050202000000000000000000000888888E8
:1090600088887800000000000000008080E0808098
:10907000808060000000000000000000007080C0E0
:109080003010E000000000000000000000A0C080E0
:1090900080808000000000000000000000788888C8
:1090A00088887808080000000000000000F0888828
:1090B0008888F08080000000000000000070888830
:1090C00088887000000000000000000000F0888820
:1090D00088888800000000000000000000EC9292E8
:1090E00092929200000000000000808080808080CA
:1090F0008080800000000000000080808090A0C080
:10910000A0908800000000000000004000C0404027
:1091100040404040800000000000008000808080CF
:1091200080808000000000000000808080F088883F
:10913000888888000000000000000000007888880F
:1091400088887808700000000000608080E08080DF
:10915000808080000000000000000000007088F89F
:1091600080887000000000000000080808788888E7
:1091700088887800000000000000000000708080F7
:1091800080807000000000000000808080F08888EF
:109190008888F000000000000000000000700878DF
:1091A00088887800000000000000402000000000D7
:1091B00000000000000000000000000000000000AF
:1091C00000000000FC0000000000001028448200A5
:1091D00000000000000000000000E020202020200F
:1091E00020202020E00000000000808080404040DF
:1091F00040402020200000000000E080808080802F
:1092000080808080E0000000000000F8081020202E
:109210004080F800000000000000008888505020C6
:10922000202020000000000000000088885020203E
:1092300050888800000000000000000000008880C6
:1092400088808880550055005500220022000000CB
:109250000000000000000088888850505020200046
:1092600000000000000000848484848484847800EA
:1092700000000000000000F8202020202020200016
:109280000000000000000078808070080808F000EE
:1092900000000000000000F0888888F090888400BA
:1092A00000000000000000384482828282443808B6
:1092B00006000000000000F0888888F080808000B0
:1092C000000000000000003844828282824438009E
:1092D00000000000000000C4C4A4A494948C8C007E
:1092E00000000000000000C6C6AAAA929282820076
:1092F0000000000000000080808080808080F000FE
:10930000000000000000008890A0C0C0A09088006D
:109310000000000000000070101010101010E0009D
:1093200000000000000000E0404040404040E000FD
:1093300000000000000000848484FC848484840095
:10934000000000000000003C4080809C84443C0001
:1093500000000000000000F88080F880808080001D
:1093600000000000000000F88080F0808080F8009D
:1093700000000000000000F0888484848488F000ED
:10938000000000000000003C4080808080403C00E5
:1093900000000000000000F08888F0888888F00055
:1093A000000000000000003030484848FC84840081
:1093B000000000000000000000003E0041009C8012
:1093C000A480A480A4809F0040003C000000000016
:1093D000000000E0101020404000400000000000AD
:1093E0000000000040300C020C3040000000000083
:1093F000000000000000FE00FE0000000000000071
:1094000000000000020C3040300C020000000000A0
:10941000000000000040400000404040800000008C
:10942000000000000040400000404000000000003C
:109430000000007088888878081060000000000034
:109440000000007088887088888870000000000024
:10945000000000F80810102020404000000000002C
:10946000000000304080F088888870000000000014
:10947000000000F88080F0080888700000000000FC
:1094800000000010305090F8101010000000000094
:109490000000007088083008088870000000000094
:1094A00000000070880810204080F80000000000D4
:1094B000000000206020202020207000000000001C
:1094C000000000708888888888887000000000008C
:1094D000000020202040404040408080800000006C
:1094E00000000000000000000040400000000000FC
:1094F00000000000000000E000000000000000008C
:10950000000000000000000000404040800000001B
:1095100000000000101010FE1010100000000000ED
:10952000000020A870A8200000000000000000003B
:10953000000080404020202020204040800000008B
:10954000000020404080808080804040200000005B
:10955000000080808000000000000000000000008B
:109560000000006090906494888C720000000000FD
:109570000000000000006200920094006400098076
:109580000A4012401180000000000000000020206E
:1095900078A0A0702828F02020000000000000140F
:1095A000147E2828FC505000000000000000A0A0FD
:1095B000A0000000000000000000000000000040CB
:1095C000404040404000400000000000000000001B
:1095D0000000000000000000000000002DE9F04F36
:1095E0009DB08B46002104462A9D914680681F4607
:1095F0005D44079317910F95AEB216917D1E189199
:10960000199135441A911B91F3F730FE269A0346BF
:10961000D4F800A019A8B3F90840013A191D139312
:109620004A441094B3F904405B6911941691ADF863
:109630006850ADF86460ADF86690ADF86A200C93A0
:10964000F7F762F9002800F04681269B4B44013B66
:109650000B93079A1B9B5A44DDF858801F46013A2A
:109660000992BDF964200D92BDF966200E92BDF9F4
:1096700068200A92BDF96A200892002F6FD1B8F9CC
:1096800002200899914270DBB8F900100A988842CC
:109690006BDBB8F906000E9C844266DCB8F9040066
:1096A0000D9C844261DC0E9B9342C0F2F0800D9AC7
:1096B000914240F39D80ADF85C20B8F800000E9C0C
:1096C000013800B2ADF86000B8F902309C421A4689
:1096D00080F2D780089C0227ADF85E30B8F90630DA
:1096E0000D99A342A8BF2346ADF86230C9EB02052D
:1096F000002D77DD269C661B002E53DD289CA64698
:10970000299C0EFB05450B9CE31A002B02DDF61A83
:10971000002E47DD099B1B1A002B67DD079CE31A0F
:109720008B4541DA2A9CCBEB010E2344279C013C5C
:10973000CEEB03031F2C00F2BD80DFE804F09A9209
:10974000BB8ABBBBBB86BBBBBBBBBBBBBB81BBBB09
:10975000BBBBBBBBBB7CBBBBBBBBBBBBBB7C012F1D
:1097600066D0022F44D0032F13D01B93D8F80000EB
:1097700014ABD8F8041003C314A819A9F7F7C4F858
:10978000002840F0C28013A8F3F784FD1DB0BDE8A7
:10979000F08FB8F90630089A9A4200F38D800423BE
:1097A0001B93E3E73B4668E75946DDF8A8E001EB89
:1097B0000E0404EB030C604501DA031B0133002B9C
:1097C000F0DDDAF80C400395289D2B980295279D33
:1097D00005905046CDF810E0019500961B976468FF
:1097E000A04736E7299D4A46269E8CE7079B97E7C8
:1097F000B8F904300A999942CBDDADF86010B8F899
:1098000004100E9C013109B2ADF85C10B8F90230B9
:109810009C421A4638DA089C0327ADF85E30B8F946
:1098200006300A98A342A8BF2346ADF862305DE730
:10983000B8F900103BE705EB8E054FF0000EB6E7D8
:1098400005EB4E054FF0000EB1E775444FF0000EEA
:10985000ADE72EF0010105EB5E050EF0010E594457
:10986000A5E72EF0030105EB9E050EF0030E59440B
:109870009DE72EF0070105EBDE050EF0070E5944BB
:1098800095E72246234625E722462346C3E71A46A4
:10989000ADF85E30B8F80230254621460A9C013BFF
:1098A000ADF85C502046ADF860401BB20127ADF822
:1098B00062301BE759467AE75A1C0D99089B04272A
:1098C00012B20A98ADF86230ADF85C10ADF86000E5
:1098D000ADF85E200AE72A9D4A46DAF80C40594660
:1098E0000495299D2B980395289D05905046029537
:1098F000279D079B0195269D00956468A04713A8A6
:10990000F3F7C8FC1DB0BDE8F08F19A914A8F3F750
:10991000DBFCBDF952301A460B93269BC9EB0202C1
:109920004B44002A03F1FF3340F3F0802699891A53
:10993000002926917FF727AF2998289901FB020279
:109940002992BDF956209B1A002B04DD269AD31AC2
:10995000002B7FF718AF0799BDF954200BEB0103DB
:10996000013B9B1A002B01DDCB1A0793BDF9503048
:109970009B453BDA07992A98014427980C46CBEB84
:1099800003010138641A07941F2800F28681DFE87A
:1099900010F073016A0184012000840184018401B4
:1099A00063018401840184018401840184018401B0
:1099B0005B018401840184018401840184018401A8
:1099C0007C01840184018401840184018401840177
:1099D0007C0101F0010021F001032A90299800EB9D
:1099E00051019B442A9B29915B440F930F9907983F
:1099F0000B4603449A4202DA521A531C0793079B00
:109A0000002B7FF7C0AE109A1199DAF81030521A75
:109A10009B68013208929847139B0A90DB68002BE1
:109A200077D0BDF95260BDF9562096423FF7ABAEF4
:109A3000BDF95430DFF89083DDF830902B9DBDF9EF
:109A400050409C425EDC0B9BF31A079324E0139971
:109A5000B1F90630B1F90400F21A231A089800FB94
:109A60000233D8F800209B00127C203302F003025E
:109A7000002D00F04F81022A00F04881032A00F0F7
:109A80003F81012A00F03C8155F82720CA5001345B
:109A9000BDF95430A34233DB079B27A80093CBEBDF
:109AA000040307C800F092F9139B07464846B3F930
:109AB0000620B3F90410B21A611A00F0E3F9002885
:109AC000C5D1D8F800301B7C03F00303002D00F053
:109AD0003C81022B00F00781032B00F0EE80012B6C
:109AE00000F0EB80DAF80C00214655F827303246BA
:109AF00087695046B8470134BDF95430A342CBDAE8
:109B0000BDF956200136B24299DA3CE6CDF82C90E8
:109B100017E7BDF95260BDF9562096423FF733AEC4
:109B20000993DFF8A482BDF954302B9DBDF9504054
:109B30009C4200F384800B9BF31A07934AE013982E
:109B4000089BB0F90620B0F904C0B11ACCEB0402AE
:109B500003FB0122D8F800109200097C203201F0AA
:109B60000301002D00F00381022900F0C0800329C9
:109B700055F8293000F0B280012900F0AF80099338
:109B80008350BEF1FF0F20D003688D4A9B6909986E
:109B900052F823301B691B6898478A4B40F07F417D
:109BA000FF221B6838469847139B854A1B689B69B0
:109BB00052F823301B691B689847DAF80C100346EB
:109BC00032468F6950462146B8470134BDF95430BA
:109BD000A34232DB079B27A80093CBEB040307C803
:109BE00000F0F4F8139981460C98B1F90620B1F908
:109BF0000410B21A611A00F045F907465FEA106EC8
:109C00009DD1D8F80020127C02F00302002D00F054
:109C10008980022A5DD0032A43D0012A41D0DAF894
:109C20000C00214655F82930324687695046B8471E
:109C30000134BDF95430A342CCDABDF956200136C7
:109C4000B242BFF673AF9EE59B46299B03EB4103EF
:109C5000CDF83CB02993C9E69B46299B0B44CDF82F
:109C60003CB02993C2E601F0030021F003032A90DF
:109C7000299800EB9101B4E601F0070021F00703F9
:109C80002A90299800EBD101ABE69B46299B03EB78
:109C90008103CDF83CB02993A8E60BEB01030F93A9
:109CA000A4E60A98324655F829302146DAF80C70B5
:109CB00043405046BF69B84787E755F827303246DA
:109CC0000A982146DAF80C7043405046BF69B847FD
:109CD000DDE6B9F1000F3FF478AFA0E70A994B40F9
:109CE000099383504DE7002F3FF4D1AEFAE6B9F166
:109CF000000F3FF446AF55F829300993835040E7F1
:109D000055F827200A984240CA50C0E6002F3FF479
:109D1000BEAEB9E6022A45D0032A40D0012A3ED081
:109D2000CF50B4E6022A33D0032ADAF80C0008D068
:109D3000012A06D04B468769324621465046B8472D
:109D400043E70A9B83EA0903F5E7022B1AD0032BAA
:109D5000DAF80C0008D0012B06D03B468769324662
:109D600021465046B84792E60A9B7B40F6E7022917
:109D700020D003291AD0012918D040F80290CDF83C
:109D80002490FEE6002F3FF482AEDAF80C00E4E700
:109D9000B9F1000F3FF419AFDAF80C00CAE70A9ADC
:109DA0005740BDE7002F3FF472AEB9E70A9B83EA44
:109DB0000903E4E6B9F1000F3FF4E3AEDDE700BFCD
:109DC000849E0020EC02002090000020013800B5A5
:109DD0001F2853D8DFE800F0182752375252524458
:109DE000525252525252524A52525252525252525B
:109DF00052525252525252100198891000FB0133B4
:109E000052F823005DF804FB019802EBD302DB4318
:109E100000FB01F003F00703105C20FA03F303F0EA
:109E200001005DF804FB019802EB93026FEA430323
:109E300000FB01F003F00603105C20FA03F303F0CB
:109E400003005DF804FB019802EB5302DB0700FB03
:109E500001F0105C4CBF00F00F0000095DF804FB3E
:109E6000019800FB0122D05C5DF804FB01984910C9
:109E700000FB013332F813005DF804FB00205DF8AD
:109E800004FB00BF002850D0C388013B10B5848874
:109E900080681F2B47D8DFE803F01623463146467B
:109EA000463C464646464646464046464646464662
:109EB00046464646464646464610A31002FB031158
:109EC00050F8210010BD02FB04F200EBD104C8439E
:109ED000A35C00F0070023FA00F000F0010010BDC1
:109EE00002FB04F200EB91046FEA4100A35C00F076
:109EF000060023FA00F000F0030010BD02FB04F29C
:109F000000EB5104CB07A05C4CBF00F00F00000930
:109F100010BD02FB0404605C10BD631002FB031162
:109F200030F8110010BD002010BD70476D350208DB
:109F30005973020861760208256C020800000000CF
:109F40000000000008090101749F010807050700CF
:109F50006D3502085973020861760208256C020803
:109F6000000000000000000008080101749F0108C3
:109F70000705070050A1010850A10108889F0108AA
:109F800020007E00060601009000FF00909F01085F
:109F90009D00FFFF9E00FFFF9F00FFFFA000FFFF4F
:109FA000A100FFFFA200FFFFFFFFFFFFFFFFFFFF7A
:109FB000FFFFFFFFFFFFFFFFFFFFFFFFFFFFFFFFB1
:109FC000FFFFFFFFFFFFFFFFFFFFFFFFFFFFFFFFA1
:109FD0007E00FFFF7600FFFF7F00FFFF8000FFFF96
:109FE0008100FFFF8200FFFF8300FFFF8400FFFF6F
:109FF0008500FFFF8600FFFF8700FFFF8800FFFF4F
:10A000008900FFFF8A00FFFF8B00FFFF8C00FFFF2E
:10A010008D00FFFF8E00FFFF8F00FFFF9000FFFF0E
:10A020009100FFFF9200FFFF9300FFFF9400FFFFEE
:10A030007D00FFFF9500FFFF9600FFFF9700FFFFE9
:10A040009800FFFF9900FFFF9A00FFFF7700FFFFD6
:10A05000700079007000780070007A0070007C0059
:10A0600070007B006600FFFF6800FFFF23007D009B
:10A07000710079007100780071007A0071007B0036
:10A08000720079007200780072007A0072007B0022
:10A090006900FFFF75007C00730079007300780091
:10A0A00073007A0073007C0073007B009B00FFFF4D
:10A0B0006E00FFFF740079007400780074007A006D
:10A0C00074007B00390078006A00FFFF6500FFFF25
:10A0D0004100600041005F004100610041006300F9
:10A0E000410062006700FFFF6B00FFFF43007D003F
:10A0F0004500600045005F004500610045006200CA
:10A100006400600064005F0064006100640062003D
:10A110006C00FFFF4E0063004F0060004F005F00C7
:10A120004F0061004F0063004F0062009C00FFFF82
:10A130006F00FFFF5500600055005F005500610093
:10A140005500620059005F006D00FFFF590062007A
:10A15000000000000000000020202020200020003F
:10A1600048484800000000005050F850F850500097
:10A170002078A07028F02000C0C810204098180057
:10A180006090A040A890680060204000000000009F
:10A1900010204040402010004020101010204000AF
:10A1A000005020F820500000002020F8202000005F
:10A1B0000000000000602040000000F800000000E7
:10A1C00000000000006060000008102040800000D7
:10A1D000708898A8C8887000206020202020700017
:10A1E000708808304080F800708808300888700057
:10A1F00010305090F8101000F880F00808887000B7
:10A20000304080F088887000F808102040404000FE
:10A21000708888708888700070888878081060005E
:10A22000006060006060000000006060006020402E
:10A2300010204080402010000000F800F8000000CE
:10A2400080402010204080007088081020002000EE
:10A2500070880868A8A87000708888F888888800C6
:10A26000F08888F08888F00070888080808870008E
:10A27000E09088888890E000F88080F08080F80086
:10A28000F88080F0808080007088808098887800D6
:10A29000888888F888888800702020202020700016
:10A2A00038101010109060008890A0C0A090880016
:10A2B000808080808080F80088D8A8A8888888005E
:10A2C0008888C8A8988888007088888888887000DE
:10A2D000F08888F08080800070888888A890680066
:10A2E000F08888F0A09088007088807008887000DE
:10A2F000F820202020202000888888888888700006
:10A300008888888888502000888888A8A8A8500055
:10A310008888502050888800888888502020200015
:10A32000F80810204080F800704040404040700025
:10A3300000804020100800007010101010107000F5
:10A34000205088000000000000000000000000F81D
:10A35000402010000000000000007008788878009D
:10A360008080B0C88888F00000007080808870000D
:10A37000080868988888780000007088F880700065
:10A38000304840E0404040000000788888780870FD
:10A390008080B0C88888880020006020202070005D
:10A3A0001000301010109060808090A0C0A090002D
:10A3B00060202020202070000000D0A8888888001D
:10A3C0000000B0C888888800000070888888700005
:10A3D0000000F08888F0808000007888887808087D
:10A3E0000000B0C880808000000078807008F00015
:10A3F0004040E0404048300000008888889868006D
:10A40000000088888850200000008888A8A8500094
:10A4100000008850205088000000888888780870E4
:10A420000000F8102040F8001020204020201000EC
:10A43000202020202020200040202010202040002C
:10A4400068900000000000001820000000000000DC
:10A45000C020000000000000708800000000000024
:10A4600050000000000000006890000000000000A4
:10A470000000006020207000006090F08888B080AC
:10A4800020007088F888880020007008788878009C
:10A490003860A0B8E0A0B800704848E848487000AC
:10A4A000E0407048487040E00000D02878A0580094
:10A4B000A040A01078887000602030283020700004
:10A4C000708898A8C888700000007098A8C87000AC
:10A4D00000007088F88888000000F880E080F800AC
:10A4E00000007020202070000000708888887000B4
:10A4F0000000888888887000000088C8A8988800B4
:10A500002000202020202000200020408088700093
:10A510001820000000000000C02000000000000023
:10A52000205000000000000050000000000000006B
:10A530006890000000000000000000000000002003
:10A540000000000000000000002070A0A0A8702003
:10A55000304040E04048B0000000887050708800F3
:10A560008850F820F8202000202020002020200003
:10A57000304820502090600088000000000000005B
:10A58000F888A8B8A888F8007008788870000000DB
:10A59000002850A050280000000000F80808000023
:10A5A0000000007000000000F888A88898A8F80053
:10A5B000F800000000000000205020000000000013
:10A5C000002070200070000060902040F00000002B
:10A5D000E0106010E0000000182000000000000003
:10A5E0000000888888C8B080789898781818180073
:10A5F000000000303000000040C04040E00000009B
:10A60000708888887000000000A0502850A00000CA
:10A610008890A050B05078108890A040B8081038AA
:10A62000C040C048D8283808008850205088000012
:10A63000002000F800200000103070FC7030100086
:10A64000203038FC38302000002070F82020000036
:10A65000002020F87020000000082868F860200022
:10A6600000040408089050202DE9F04F8BB00C46F0
:10A67000159D02900393691E83681698149E00909E
:10A680001898DDF85C800190199D0F2937D8DFE814
:10A6900011F03900AB003600F70036003600360006
:10A6A00044013600360036003600360036003600EB
:10A6B0001000DD6C2DB1BE490968097CC90740F165
:10A6C0005483002E1BDD1546039ADFF8E8A25700DD
:10A6D0002E44DDF808B0DDF8009001E0DBF808302A
:10A6E000186A41461B683A4600FB05400135C844DC
:10A6F00003EB4000DAF800309847B542EED10BB0DA
:10A70000BDE8F08FDF6B2FB1A9490968097CC90743
:10A7100040F11A83002EF2DD019999461346B218D2
:10A720006018C1F1080104929A46A14A4E46089168
:10A730002946DFF884B213460590069207951B68F8
:10A7400098F800201B7C1BF8024003F00303019AD9
:10A75000356A1441022B059A486805FB0A2500F06A
:10A76000B481032B00F09181012B00F08E813368BE
:10A770002A46DDF80CC0C146CDF824A09A466546AD
:10A78000DDF820E00E68944675452F460AEB4C0232
:10A7900028BF77463B4614F0010F4FEA54040CBF24
:10A7A00031460146013B22F8021BF4D1BEEB070EF5
:10A7B000BC44A5EB070507D199F801304FF0080E0E
:10A7C00009F101091BF80340002DDDD1DDF824A0BB
:10A7D000009B0AF1010A9844049B9A458FD0029B82
:10A7E00007999E68069BAAE7002E88DD019906EB73
:10A7F000020B6F486118039F00680C460491C0214A
:10A80000029027440298047C98F8000014F0030496
:10A8100000F09F80022C2DD1002D00F06E81DDF81C
:10A8200004E0C246DDF810C0914601E0674520D043
:10A83000CEF103060EF1010E7600C6F1060441FAD0
:10A8400004F40440F44007D01E6A55F8244006FB87
:10A8500009C61A6822F81640BEF1040F0CF1010C6B
:10A86000E4D167459AF801004FF0000E0AF1010AA1
:10A87000DED14A46013200985A458044C2D13EE7B3
:10A88000002E7FF73CAF019906EB020B4848611898
:10A89000039F00680C460491F0210290274402981F
:10A8A000047C98F8000014F0030400F0A380022C4C
:10A8B0002DD1002D00F04A81DDF804E0C246DDF81C
:10A8C00010C0914601E0674520D0CEF101060EF19F
:10A8D000010EB600C6F1040441FA04F40440F44049
:10A8E00007D01E6A55F8244006FB09C61A6822F8EC
:10A8F0001640BEF1020F0CF1010CE4D167459AF845
:10A9000001004FF0000E0AF1010ADED14A46013281
:10A9100000985A458044C2D1F1E61F6C002F00F028
:10A920003E8123490968097C880700F13881002DA0
:10A9300000F03581029BBC46009998694346169108
:10A940002146039C1795159614940BB0BDE8F04F63
:10A9500060471C6AC1461E6804FB02FA049CDDF8CD
:10A9600004E004EB0A0CBA4406EB4C0C06EB4A0A72
:10A970001DB92CE0D4453FF47DAFCEF103040EF1B8
:10A98000010E6600BEF1040FC6F1060441FA04F49C
:10A9900004EA000424FA06F455F824402CF8024B8B
:10A9A000E8D199F801004FF0000E09F10109E1E743
:10A9B0009000002074010020B048020899F80100BE
:10A9C0004FF0000E09F10109D4453FF453AFCEF129
:10A9D00003040EF1010E6600BEF1040FC6F1060479
:10A9E00041FA04F404EA000424FA06F42CF8024BB9
:10A9F000EAD1E3E71C6AC1461E6804FB02FA049C24
:10AA0000DDF804E004EB0A0CBA4406EB4C0C06EB50
:10AA10004A0A1DB926E0D4453FF479AFCEF10104CE
:10AA20000EF1010EA600BEF1020FC6F1040441FAB8
:10AA300004F404EA000424FA06F455F824402CF83F
:10AA4000024BE8D199F801004FF0000E09F101091D
:10AA5000E1E799F801004FF0000E09F10109D44532
:10AA60003FF455AFCEF101040EF1010EA600BEF188
:10AA7000020FC6F1040441FA04F404EA000424FAC3
:10AA800006F42CF8024BEAD1E3E7029B1B699B68B2
:10AA90009847039B414603EB050E6D00089B4FEA68
:10AAA0004E0E14F0010F4FEA540403D03768EA5BEE
:10AAB0004240EA53013B04D14A78082301311BF894
:10AAC000024002357545ECD182E6039B4146089A67
:10AAD0005F196D007F0014F0010F4FEA540401D09C
:10AAE00033685853013A04D14B78082201311BF8DE
:10AAF00003400235AF42EED16AE6DDF804C0C2463B
:10AB0000DDF81090AE4601E04F451DD0CCF10306B4
:10AB10000CF1010C7600C6F1060441FA04F404407D
:10AB2000F44005D01E6A1D6806FB029625F8164003
:10AB3000BCF1040F09F10109E6D19AF801004FF0C8
:10AB4000000C0AF1010ADFE7754693E6DDF804C060
:10AB5000C246DDF81090AE4601E04F451DD0CCF165
:10AB600001060CF1010CB600C6F1040441FA04F42C
:10AB70000440F44005D01E6A1D6806FB029625F8C5
:10AB80001640BCF1020F09F10109E6D19AF8010063
:10AB90004FF0000C0AF1010ADFE77546B7E6002E18
:10ABA0007FF7ADAD03981644774FA0F108014FEA47
:10ABB000400AD7F800E0C808DDF80C90CDF814A0E2
:10ABC0004FEA001C471CA1EBC00B0CF12000DDF884
:10ABD00000C0CDF818B00490F80001903801029040
:10ABE000F5B1186A9EF810A01F6800FB02411AF028
:10ABF000030A07EB41011AD0BAF1020F10D1B9F1E3
:10AC0000000F0DDD059808F1FF3701EB000A17F87A
:10AC1000010F10B155F82000088002315145F6D1DE
:10AC20000132E044B242DBD10BB0BDE8F08FB9F1A4
:10AC3000070F40F3868001F1100008F108079A46DB
:10AC40000090049800EB010B009817F8083C1030B6
:10AC5000083755F8233020F8203C17F80F3C55F8FA
:10AC6000233020F81E3C17F80E3C55F8233020F80E
:10AC70001C3C17F80D3C55F8233020F81A3C17F807
:10AC80000C3C55F8233020F8183C17F80B3C55F8CD
:10AC9000233020F8163C17F80A3C55F8233020F8EA
:10ACA000143C17F8093C55F8233020F8123C834532
:10ACB000CBD102985346DDF818A0014401984044D6
:10ACC000BAF1030F21DD0778AAF1040A55F827B07D
:10ACD0004FEA9A07A1F800B0AAEB870A90F801B0F2
:10ACE000013755F82BB0A1F802B090F802B055F832
:10ACF0002BB0A1F804B090F803B000EB870055F832
:10AD00002BB0A1F806B001EBC701BAF1000F87D054
:10AD10000778BAF1010F55F827700F8080D0477877
:10AD2000BAF1020F55F827704F803FF479AF807861
:10AD30000132E04455F82000B24288807FF450AFE1
:10AD400072E7CA464046BBE7029BBC460099986939
:10AD5000434617912146039C18951594019C16961D
:10AD600014940BB0BDE8F04F6047029BAC460099CD
:10AD700098694346169103991596149121460BB094
:10AD8000BDE8F04F604700BF900000202DE9F04F74
:10AD900045688FB0044601462846FBF75FFA28B3A2
:10ADA0002368232B00F0A88012DC0E2B21D00F2B60
:10ADB00000F0B5800B2B16D12846F7F70FFDF3F7FF
:10ADC00089FA2846F5F752FA2521F3F7FDFE0AE045
:10ADD00040F21312934247D0B3F5107F00F0CD80BC
:10ADE000242B00F0AB802046F2F728F90FB0BDE825
:10ADF000F08F2846F2F73AFA0EAB466D43F82C0D69
:10AE00001846F2F747FAE3685A68002AEBDD1B6838
:10AE1000103B122BE7D801A252F823F04BB10108E6
:10AE20004BB101082BB101082BB10108E7AD0108B6
:10AE3000E7AD0108E7AD0108E7AD0108E7AD01089E
:10AE4000E7AD0108E7AD0108E7AD0108E7AD01088E
:10AE5000E7AD0108E7AD0108E7AD0108E7AD01087E
:10AE60000BB10108C5B001082846F2F7FFF90390BD
:10AE7000C66D5DB356B32846F2F7F8F90EAB076D11
:10AE800043F8280D18463E44F2F704FA2846F2F734
:10AE9000EDF9002E0590C36C426DC0F276829B1ACC
:10AEA00023EAE373B342A8BF3346026D9A4200F02F
:10AEB000928203652846F3F70DFA05A8F2F7EAF93E
:10AEC00005212846F3F704FE0398C66D002E036D96
:10AED000026E40F3F0809342ACBF0123002300DDFB
:10AEE0000265002B40F04F81406E322100F07EFA67
:10AEF00003A8F2F7CFF976E72846F2F7B7F9034649
:10AF0000059000283FF46FAFDD6C05A8596DE2682D
:10AF10001B6D156091605360F2F7BCF963E728463A
:10AF2000F2F7A4F9059000283FF460AF436C05A840
:10AF30001C68F2F7AFF92846A04757E7E6682846AD
:10AF4000F2F794F9C26C316803460590914240F0E3
:10AF5000AF80B268406D7668904200F02581284647
:10AF6000D9645A651E65F3F7B5F905A8F2F792F9A9
:10AF700028460521F3F7ACFD35E7E668002E3FF4DF
:10AF800032AF377A2846002F6AD0F2F76FF90346BE
:10AF900005A9284603939A6CD3F850B09047039ABA
:10AFA0003168B2F832A09146D2F85480D36C1AF0CE
:10AFB000080F7768C8EB030300F0FB80376071600F
:10AFC000906D032800F06E81069EBE42C0F2F380B1
:10AFD000022800F0A681526E002A40F0C1810222B0
:10AFE0000BF1FF3B4FF0FF380C99C9F85820D9F806
:10AFF0005C600A46002940F01C81D9F85830012BCA
:10B0000000F04981C9F8602003A8F2F743F9B8F1CC
:10B01000000F00F0D980002E00F06D81012128463C
:10B0200000F0FCF9002D40F0E4801AF4807F7FF4FA
:10B03000DAAE2846F2F71AF90EAB866A43F8280D05
:10B040001846F2F727F94FF480712846F3F788FD88
:10B05000B1077FF5C8AE28460121F3F739FDC2E6F6
:10B06000F2F704F90EAB468E43F82C0D1846F2F7B2
:10B0700011F9F2057FF5B7AE4FF48071284600F064
:10B08000EFF92846F2F7F2F8C36D0490002B40F078
:10B090004C81034600229E6A04A89A65F2F7FAF8EA
:10B0A000B3077FF5A0AE28460221F3F711FD9AE61B
:10B0B000B268766853E79342D4BF01230023BFF6FA
:10B0C00010AF0DE7002D3FF48EAE2846F2F7CEF814
:10B0D0000EAB076D43F8280D1846F2F7DBF8BE1BE0
:10B0E0002846F2F7C3F8002E0590C36C426DC0F2FB
:10B0F000D6809B1A23EAE3739E4242DD026D9A4298
:10B1000000F0C580036528462DE7002D3FF46BAEA7
:10B110002846F2F7ABF80EAB076D43F8280D18463A
:10B12000F2F7B8F83E442846DBE7002D3FF45BAE6B
:10B130002846F2F79BF80EAB066D43F8280D18462B
:10B14000F2F7A8F801362846CBE7002D3FF44BAEC6
:10B150002846F2F78BF80EAB066D43F8280D18461B
:10B16000013EF2F797F82846F2F780F8002E059096
:10B17000C36C426DC0F293809B1A23EAE373B3421F
:10B18000BCDB3346BAE72846F2F770F80346406E58
:10B19000059300F07DF90EA8002250F8243D5A6670
:10B1A000DA65F2F777F8A3E61A6DB2426FD002467D
:10B1B000D5E60F4604E70799B9424ADDC8EB0B0B09
:10B1C0000C99C8F1000812E7002E3FF427AF28467B
:10B1D000F2F74CF80346406E049300F059F90EA8BC
:10B1E00050F8283DC3F86480C3F85C80F2F752F849
:10B1F00014E72846F2F73AF8BBF1000F0490C36C4D
:10B20000426DC0F2C4809B1A23EAE3735B45A8BF7A
:10B210005B46026D9A4200F0998003652846F3F779
:10B2200059F804A8F2F736F805212846F3F750FC40
:10B23000FBE60D98069A0028B8BF0130A7EB600026
:10B24000801A013803FB00F000F038F9C9F86000FB
:10B25000DAE60899B9427DDB0C99002911DD0D9AD7
:10B260000193002AB8BF0132A7EB6207BE1B771E0D
:10B2700007FB03F000F022F9DDF80C9083460C99EF
:10B28000019B03224FF00008C9F85820AFE605A83B
:10B29000F2F700F8A7E5D9F84C20013AB2E600260B
:10B2A00033462BE728460193F1F7E0FF0246406E54
:10B2B000049200F0EDF80EA8002150F8282D5166F8
:10B2C000D165F1F7E7FF0D9A0698002A019B0C99CA
:10B2D000B8BF0132A7EB6202101A013803FB00F07D
:10B2E00000F0ECF883460EA850F82C3DC3F860B08F
:10B2F000F1F7D0FF92E633464FF4C87240F2D241E4
:10B30000284600F0E7F806462846F1F7AFFF034667
:10B310000EA840F8283D5E66C3F85C80F1F7BAFFDE
:10B320007CE64FF0FF380C9961E62846F1F79EFF66
:10B330000346406E059300F0ABF80EA850F8243D8C
:10B340005F66DF65F1F7A6FF049BA3E604A8F1F7AB
:10B35000A1FF6AE60999B9421BDDC3440C9946E690
:10B3600028460193F1F782FF0246406E049200F0F6
:10B370008FF80EA8002150F8282D5166D165F1F7FD
:10B3800089FFDDF80C90019B29E600238DE5002361
:10B390003FE70A99B94222DB012824D0516E91B1CE
:10B3A00028460193F1F762FF0246406E049200F0D6
:10B3B0006FF80EA8002150F8282D5166D165F1F7DD
:10B3C00069FF039A019B914601220C999344C9F8A5
:10B3D000582090460BE605A8F1F75CFF74E54FF0A6
:10B3E00000080C9903E680460C9900E600B9704706
:10B3F00010B50C4682B0F1F739FF01903CB90068F6
:10B4000000F0A0F801A8F1F745FF02B010BD0068F8
:10B41000214600F0D5F80198F1E700BFF0B50D4ED8
:10B4200005460D4C85B033680F4654F8230058B1DB
:10B43000A84209D0182304A941F8103DF4F75AFA9C
:10B440003368002244F82320044A44F8235017703C
:10B4500005B0F0BD5C9F0020A49E0020919F0020BD
:10B4600000B9704730B583B00C460546F1F7FEFED3
:10B47000438E019023EA04018B4203D04186284683
:10B48000F2F728FF01A8F1F705FF03B030BD00BFB8
:10B4900000B9704730B583B00446F1F7E7FE0346C4
:10B4A00002AD006845F8043DF6F7A8F82846F1F724
:10B4B000F1FE2046F4F7D2FD03B030BD41B10028C3
:10B4C000B4BFA0EB610000EB610090FBF1F07047AE
:10B4D000084670472DE9F041804682B00C200F46A7
:10B4E0001546F4F765F9044618B9204602B0BDE8E0
:10B4F000F08100F075F8012341192246104800F050
:10B5000071F80646204636B93446F4F7A7FD2046C2
:10B5100002B0BDE8F081F1F7A9FE034602A8C3F826
:10B52000048040F8043D9F601E60F1F7B3FE304692
:10B53000294600F045F8204602B0BDE8F08100BF82
:10B54000E96F020800B9704730B585B00546F1F7DC
:10B550008DFE019000F044F804AA52F80C1D8B698E
:10B56000034410464B61F1F795FE2846F1F77EFE45
:10B57000124B02905C68A54219D084B12046F1F7C5
:10B5800075FE034603A85C680393A54202D0F1F759
:10B5900081FEF2E7029A52685A60F1F77BFE02A838
:10B5A000F1F778FE284600F069F805B030BD426832
:10B5B00002A85A60F1F76EFEF4E700BFE89D002094
:10B5C00000B9704710B582B00C46F1F74FFE02ABE0
:10B5D000846143F8040D1846F1F75CFE02B010BD1B
:10B5E000EEF7F8BC2DE9F041804682B01C200D46F4
:10B5F00017461E46F4F7DCF8044618B9204602B098
:10B60000BDE8F081194B1A4A1A60F1F72FFE00903D
:10B6100035B303465D616846C3F800801F619E81B3
:10B62000144DF1F737FE204600F028F8AB683BB91F
:10B63000114A2846012340F80C2FAB60F1F7A4FD16
:10B640002046F1F713FE2A68034602A82C6040F852
:10B65000043D9A60F1F71EFE204602B0BDE8F0817D
:10B66000FFF7BEFF009B0546D4E700BF149F0020F4
:10B67000D55E0208E89D00208D75020870B5254C46
:10B6800084B00546F1F7F2FD6368019033B9656057
:10B69000436001A8F1F7FEFD04B070BD1846F1F754
:10B6A000E5FD04AA466942F8100D1046F1F7F2FDD7
:10B6B000019A53699B1B002B27DD646811E0F1F7A9
:10B6C000D5FD034603A85E690393F1F7E3FD019AF4
:10B6D00002A853699B1B002B029B0DDD5C68F1F7F0
:10B6E000D9FD2046F1F7C2FD44680346029020468A
:10B6F000002CE4D1019A02A854605D60F1F7CAFD04
:10B7000001A8F1F7C7FD04B070BD636865605360C0
:10B71000BFE700BFE89D002000B970472DE9F04F5A
:10B72000ABB00D4616461C921B91F1F79FFDB0F988
:10B73000043004689D422790119400F05881002045
:10B74000F3F754FCAD4B119A1B689269597C1F901A
:10B750000846279D19928242209118BF5A74B5F964
:10B760000430B5F9062019460793B5F9083010469C
:10B7700012925B1AB5F90A201C46121A0893164653
:10B78000139222462B8A01329B071A92324602F10B
:10B7900001021D9240F10E811B9B6A695B1A0392A4
:10B7A000002B1C9A1493A2EB000440F3A48109938C
:10B7B0004FF0010B0023DDF868901093002C40F34C
:10B7C000A5811D9B4FF0000A179416930123159332
:10B7D000119E8B4BB0691B56012B40F386810023D1
:10B7E000ADF8A230ADF8A030F3F774FB431EB0699A
:10B7F000ADF8A430F3F77EFB0138ADF8A60027982A
:10B800005A4600F1140100F09FFA2190002800F040
:10B81000D08027985A4600F1140100F095FA239041
:10B82000002800F0C180279BD868002840F07E8166
:10B83000169A524500F0B4801A9B10999A00CDF8E0
:10B8400010900AFB0313C4EB0A01D946229005EBC2
:10B8500083030D9115990E93129B01FB02F2234471
:10B860001E9218934FEA8B03D3460593179B139AA6
:10B870005B45109CCCBF002301235A45B8BF002371
:10B880000B93129B5B440F93189B5B440A93049B9E
:10B890001A46A24275D01498079BC0EB040A0E9D6D
:10B8A00003440C935A4621460398FEF7EBFA030E25
:10B8B00006465FD0099B089AA3420799CCBF002394
:10B8C0000123A2420C9A214402EB0407BDF9A020F7
:10B8D000B8BF00230691BA420B9903EA01030DDCBD
:10B8E000BDF9A2200A98824208DCBDF9A420BA4220
:10B8F00004DBBDF9A620824280F2A6804FF000084A
:10B90000002B00F08380BAF1000F09DB0D9B002BA8
:10B9100006DB1A4651460398FEF7B4FA030E75D0BB
:10B92000BDF9A0309F4223DBBDF9A2300A988342C3
:10B930001EDCBDF9A430BB421ADBBDF9A630834240
:10B9400016DB30462F4B229EFF221B6846F07F41BC
:10B950009847199A2C4B53F822301B691B6898475B
:10B96000219B02460A9900933846119B00F046FA43
:10B97000C5F82080059B4C44CA441D44049BA34247
:10B9800090D10E9B1E99159A0B4493440E930D9BD8
:10B990001946169B11445B450D917FF467AF279BB9
:10B9A0002399186800F092FA279B2199186800F0F3
:10B9B0008DFA279D1B991A9B1C980B44A980421E47
:10B9C0001D99013BE8800A442B81199B6A81194625
:10B9D000209A914202D0094B1B685A741F98F3F7C2
:10B9E00005FB27A8F1F756FC2BB0BDE8F08FB0F9A6
:10B9F00006309E427FF4A3AEF3E700BF9000002024
:10BA0000809F0020EC020020849E0020BDF9A03021
:10BA1000069A934286DCBDF9A2200F98824281DC0F
:10BA2000BDF9A42006998A42FFF67CAFBDF9A62095
:10BA300001468242FFF676AF239B2A6A069800935E
:10BA4000119B00F0DBF96BE7DDF89C80B8F904206E
:10BA5000BA422FDCB8F90810B9422BDBB8F906E07E
:10BA60000146864526DCB8F90A00884222DBD8F870
:10BA70001400F8B12593BB1A194622930A9BCEEB0A
:10BA800003031A462493FEF7FDF9030E259B11D0FC
:10BA9000B8F90410B8F90820521A249902FB0112CF
:10BAA00022990A4408EB8208D8F8202042F07F400F
:10BAB00090460FE0119A1068002833D0D0F80CE0BF
:10BAC00039460A9ADEF814802293C047229B8046AA
:10BAD00040F07F402493199A9A4B53F82220126920
:10BAE00052689047249B22900AE7F368304628A9C1
:10BAF0001B6B984783E60022089B4FF0FF390992A1
:10BB0000149ACB4610931344089357E613990022D6
:10BB10004FF0FF3317920A4616938A462244159334
:10BB2000139255E680464FF07F40D3E7F1F79EFB36
:10BB3000169B2690534500F099801A9B10999A0005
:10BB4000CDF810900AFB0313C4EB0A01D9460D91FE
:10BB500005EB830312990F934FEA8B032144D346DD
:10BB6000059318911599079B01FB02F22292149AF2
:10BB700013440C93179B139A5B45CCBF00230123FE
:10BB80005A45109AB8BF00230B93129B5B441E9337
:10BB9000189B5B440A93049B93425AD01446149A10
:10BBA0000F9DC2EB040A5A4621460398FEF76AF934
:10BBB0000646002846D0099B089AA3420B99CCBFA1
:10BBC00000230123A242BDF9A020B8BF00231F46D5
:10BBD0000C9B03EB0408079B0F40424523440CDCFD
:10BBE000BDF9A2200A98824207DCBDF9A420424593
:10BBF00003DBBDF9A620824257DA00220692002F0D
:10BC000039D0BAF1000F0E9309DB0D9B002B06DB38
:10BC10001A4651460398FEF735F90E9B58B3BDF905
:10BC2000A02090450CDBBDF9A2300A998B4207DCBD
:10BC3000BDF9A430434503DBBDF9A6308B4257DA8A
:10BC4000069B2B62059B4C44CA441D44049B9C42AA
:10BC5000A9D10F9B2299159A0B4493440F930D9BE6
:10BC60001946169B11449B450D9183D126A8F1F7E7
:10BC700011FB279B94E6BDF9A0209A42D1DCBDF9C7
:10BC8000A2101E9FB942CCDCBDF9A4109942C8DBBA
:10BC9000BDF9A610B942C4DB1846239B2A6A39466F
:10BCA0000093119B00F0AAF8B9E7279A0692B2F91F
:10BCB000042042450DDC0698B0F90810414508DB28
:10BCC000B0F906E00A998E4503DCB0F90A00884213
:10BCD00018DA119A106800288FD0D0F80CE041468D
:10BCE0000E930A9ADEF8143098470E9B069086E76A
:10BCF000269A4046119B52F82620219E009600F07D
:10BD00007DF89DE72593C2EB0803CEEB010206996F
:10BD10000E93486919462492FEF7B4F8259B002833
:10BD2000D7D00698B0F90410B0F90820521A249917
:10BD300002FB01120E990A4400EB8202126A06927B
:10BD40005DE700BF849E00200B682DE9F04180462E
:10BD500018880E4615460D308000F4F7A5F8002827
:10BD60003DD00746F1F782FAD8F8003004469869CA
:10BD7000F0F78EFA002832D0C36808219B6A9847F2
:10BD8000022822DC0123A06132682361128802FBB1
:10BD900003F3E261636100F0DFF863690022A760EA
:10BDA000984204F1340384F83050B8BF6061012D2B
:10BDB0002360E26018D0E1696FF0404220460A44F7
:10BDC00003EB82036360BDE8F08104280ADD0828E4
:10BDD0000EDD10280EDD20220423A261D4E700200E
:10BDE000BDE8F0810420CDE763602046BDE8F08126
:10BDF0000820C7E710220223A261C5E72DE9F04F12
:10BE000087B017460D460646109C626A8A4245D0A6
:10BE1000E16899B394F93020012A51D0E0696FF0BC
:10BE2000404E226886446068D4F8208002EB8E027F
:10BE300000F1040A6260D3F80090B9F1000F1ED03F
:10BE4000A2695046F6F790FED4F814B00023D9F852
:10BE50000CE0A2694FF0010CCDF80CA0414605930F
:10BE600048460493E368CDF808B0D4F82C800192DA
:10BE7000CDF800C04246DEF80480C0476268176013
:10BE8000012394F9301002EB81026260A662E56240
:10BE9000E3602662656207B0BDE8F08F94F9301068
:10BEA000226A0A448242B3D16268E168176094F959
:10BEB00030004B1C02EB800262600029E8D1E5E70C
:10BEC000D4F800A0D4F828805246B3E7F0B589B082
:10BED0000C460791C96800292CD094F93030012B09
:10BEE00031D0E5696FF0404223682A446568276ACB
:10BEF00003EB8203043563600668002E2AD0A26932
:10BF00002846F6F731FE0020E3683946E26A4FF032
:10BF1000010EF76805900490304603956569029517
:10BF2000A569CDF800E001957D68A847079B002230
:10BF3000E2601C46A46807A8F1F7ACF92046F4F7C4
:10BF40008DF809B0F0BD2568A76A2B4663600668C6
:10BF5000002ED4D12346EAE7F8B54A4C94F82830AD
:10BF6000002B3DD0D4F8BC30464A3BBBD2F8B430AD
:10BF700023BBD2F8AC300BBBD2F8A430F3B9D2F863
:10BF80009C30DBB9D2F89430C3B9D2F88C30ABB95D
:10BF9000D2F8843093B9D36F83B9536F73B9E36E1A
:10BFA00063B9536E53B9D36D43B9536D33B9D36C81
:10BFB00023B9536C13B96FF00B00F8BD9B68002BCD
:10BFC000F9D0002201E09B6843B1596810469142C4
:10BFD00001D90A4608469B68002BF4D10C38F8BDFD
:10BFE000294B01219A6884F8281058680AB98208F8
:10BFF0009A605A2610222025402726628026226435
:10C000004FF48072A5644FF40075196827654FF4EA
:10C010008067A6654FF4006622664FF48052A566DD
:10C020004FF40055A1F114032767A6674FF480472A
:10C03000C4F880204FF40046C4F888504FF4803292
:10C040004FF400350344C4F890704FF48027C4F8CF
:10C0500098604FF40026C4F8A0200222C4F8A8502B
:10C060000125A16363632261E060C4F8B070C4F885
:10C07000B8605D6065626560F1F7F8FAF1F7A4FCFD
:10C0800025636FE768920020589E002000292DE963
:10C09000F04F87B040F3E4821E4C054600EB810E62
:10C0A000274643F6FF74B5F902600435B442A8BFD1
:10C0B0003446B742B8BF3746AE45F4D10497164D63
:10C0C0002D686D6975B1B5F90660049FF61AB5F96A
:10C0D0000250B742A5EB0305A8BF3746AC42B8BF34
:10C0E0002C460497049DAC4200F3698293460646B1
:10C0F0004D1EDFF828908A4605930022074B924593
:10C100001A6040F35782059BCDF80CB0234402938C
:10C11000EBE000BF01C0FFFF90000020889D0020E1
:10C12000A64500F0DE8001DBA04205DDA042C0F2A2
:10C13000D880A64500F3D580704500F34382A6451C
:10C14000C0F2CF80A04200F3CC8036F922B0BCF917
:10C150000030CBEB0302C8EB0403C8EB0E0E03FB6D
:10C1600002F3002B40F3588203EB6E01DF4B1B6898
:10C170000B2B00F3B680002B91FBFEF101EB0B02C1
:10C18000019240F33682581E1146420009EB020E1E
:10C19000BEF904C0614500F34F8209EB4308A8F8DB
:10C1A00004C0002800F02582981E4FEA400B09EBDE
:10C1B0000B0CBCF90480414500F38C80AEF8048080
:10C1C000002800F01682D81E420009EB0208B8F9D8
:10C1D00004E0714500F32E82ACF804E0002800F082
:10C1E0000882A3F1040C4FEA4C0E09EB0E00B0F9E3
:10C1F000040081426EDCA8F80400BCF1000F00F0DE
:10C20000F881581FB949420001EB02080199B8F9B9
:10C2100004B0594500F31882CE44AEF804B00028AB
:10C2200000F0E781981F4FEA400B09EB0B0EBEF9B7
:10C2300004C061454EDCA8F804C0002800F0D98194
:10C24000D81F420009EB020CBCF90480414500F301
:10C25000F181AEF80480002800F0CB81A3F1080042
:10C260004FEA400809EB080EBEF904B0594531DC2D
:10C27000ACF804B0002800F0BC81A3F10900420032
:10C2800009EB020CBCF904C0614500F3DB81AEF898
:10C2900004C0002800F0AD81A3F10A0093494FEAE1
:10C2A000400C01EB0C0E0199BEF90480414511DCF4
:10C2B0004A44A2F80480002800F09B81A3F10B00FF
:10C2C000420009EB0200B0F90400814200F3B8819A
:10C2D000AEF8040085480133BDF804100244036041
:10C2E0009180BA453A4640F3EF80AA4202F1010735
:10C2F00006EB82011346ACBF4FF0000C4FEA870CEF
:10C30000B1F90200B444A0428046BCF902E07FF4D7
:10C3100007AFA64500F06F81002DE2DD00215BB183
:10C32000013B013106EB8300B0F90200A0420BD1C2
:10C33000A942D6D0002BF3D12B46013106EB830066
:10C34000B0F90200A042F3D0001BC4EB0E0E36F988
:10C35000222090EA0E0F40F14281644B1B680B2BA8
:10C36000BFDC002B40F35D81581E410009EB010C3E
:10C37000BCF904E0724500F36A8109EB4308A8F8B0
:10C3800004E0002800F04D81981E4FEA400809EBB8
:10C39000080EBEF904B05A4500F38D80ACF804B025
:10C3A000002800F03E81D81E410009EB010CBCF9C9
:10C3B00004C0624500F35281AEF804C0002800F0CA
:10C3C0003081A3F1040849484FEA480B00EB0B0EFB
:10C3D000BEF904C062456EDC4944A1F804C0B8F15E
:10C3E000000F00F01E81581F410009EB010CBCF941
:10C3F0000480424500F32281AEF80480002800F05A
:10C400001081981F4FEA400B09EB0B0EBEF9048018
:10C41000424550DCACF80480002800F00281D81FAF
:10C42000410009EB0108B8F904C0624500F3068138
:10C43000AEF804C0002800F0F480A3F1080C4FEA25
:10C440004C0E09EB0E00B0F90400824233DCA8F870
:10C450000400BCF1000F00F0E480A3F109004100EA
:10C460000190224800EB0108B8F904B05A4500F3E6
:10C47000F080CE440198AEF804B0002800F0D180DE
:10C48000A3F10A004FEA400C09EB0C0EBEF904B010
:10C490005A4510DCA8F804B0002800F0C280A3F1CF
:10C4A0000B01490009EB0100B0F90400824200F3DE
:10C4B000D380AEF804000D480133BA45014403604F
:10C4C0008A803A463FF711AF084BDDF80CB01B6885
:10C4D000002B6FDD012BB9F904006BD0044B5844DD
:10C4E000B9F906201B68029F04E000BF889D002068
:10C4F000900000205A445B6E39461B689847D9F873
:10C500000030022B56DD032BB9F9080052D0574BEF
:10C510005844B9F90A2039461B685A445B6E1B68B7
:10C520009847D9F80030042B44DD052BB9F90C00ED
:10C5300040D04E4B5844B9F90E2039461B685A4436
:10C540005B6E1B689847D9F80030062B32DD072B4D
:10C55000B9F910002ED0454B5844B9F9122039468C
:10C560001B685A445B6E1B689847D9F80030082B4B
:10C5700020DD3F4A092BB2F914001BD03B4B584435
:10C58000B9F9162039461B685A445B6E1B689847F8
:10C59000D9F800300A2B0DDD0B2BB9F9180009D0A2
:10C5A000324B3946B9F91A2058441B685A445B6E1D
:10C5B0001B6898470134049BA342BFF69EAD07B0A9
:10C5C000BDE8F08FA042FFF68CAEA6453FF789AEDE
:10C5D000F046BCF900B036F922308646B9E5234B67
:10C5E00003991B680A4402995B6E10461B689847C2
:10C5F00077E600226EE6BCF90030039836F9221087
:10C6000001441818194B81421B680CDB5B6E0A460B
:10C6100002991B68984764E64FEA6E010139591A7E
:10C62000A4E5002147E75B6E0246084602991B68B5
:10C63000984756E65A464DE65A004BE659463AE7C1
:10C64000624647E6424645E64FEA4C0242E659005A
:10C6500031E74FEA4C012EE761462CE741462AE7D5
:10C66000044C049443F6FF7429E500BF90000020B9
:10C67000889D002001C0FFFF2DE9F04F04460068AF
:10C6800093B008BB8146A14E6568192D00F23C812C
:10C69000DFE815F029003A013A013A013A013A017E
:10C6A000400075003A013A01AB003A013A013A0103
:10C6B0003A013A013A013A0101013A013A013A01DB
:10C6C0003A013A013A01240000F094FAB0FA80F9F4
:10C6D0008F4B4FEA591953F82960D5E7B5692846B9
:10C6E00013B0BDE8F08F206800F08EFA2068F0F7F4
:10C6F000BDFD024612A8B2F90630B2F9021040F8A8
:10C70000082D5B1A0133D367F0F7C4FD284613B038
:10C71000BDE8F08FA36820681C460493F0F7A6FDDF
:10C72000034612A8621EDFF8EC8140F8083D174668
:10C730000292DD6FF0F7AEFD58F82940002C00F0B2
:10C74000EB80B900CA19920003E0E46C002C00F001
:10C75000E380B4F848309D42F7D1A31808469B689F
:10C76000002BF2D0029B18440322002504EB80002A
:10C77000114600F06FFA284613B0BDE8F08F20682C
:10C78000F0F774FD12ABC76F43F8080D1846F0F7C9
:10C7900081FD206800F0DEFA002800F01A82A6F180
:10C7A0000408002558F8040FF0F752FD206961696C
:10C7B0003B1828442944013B5B1B01351A4600F015
:10C7C000D3FA032DEED12069002532693B18616947
:10C7D00001920330043BF46803311A46009400F0E0
:10C7E00005FB284613B0BDE8F08F206812AEF0F7C5
:10C7F0003DFD034612A8B3F9547040F80C3D9D6C02
:10C80000D3F8349093F85680F0F744FD2068F0F7A1
:10C810002DFDD0F87CA046F8080D3046F0F73AFD23
:10C820003046FAF75BFABDF84030206A534498442A
:10C83000ADF84080F3F72EFD0446484600F0A6FB15
:10C8400027F00303042B00F0BC810C2B00F0938134
:10C8500080B2BDF9423027F00C02012A00F0A98114
:10C86000022A00F09781A4B2BDF94020411E013C8C
:10C87000284600250B442244ADF84630ADF844204C
:10C88000F0F7E6FC30464FF0FF3100F085FB28461C
:10C8900013B0BDE8F08F206812AEF0F7E7FC034656
:10C8A00012A80025B3F9548040F80C3DD3F8449009
:10C8B000D3F834B093F85670F0F7ECFC2068F0F73A
:10C8C000D5FCD0F87CA046F8080D3046F0F7E2FC25
:10C8D0003046FAF703FABDF840305846246A53440C
:10C8E0001F44ADF84070F3F7CBFC0220F9F798FD38
:10C8F0004846F0F7ADFC20464246314600F0A4FB26
:10C90000284613B0BDE8F08F0025E8E62802002095
:10C9100058760208BC9E00205020EFF79DFB04468D
:10C92000002800F05E81029B50220021A5F1060A3A
:10C930005B001F460A93AD4B1B689847029AAC4BAD
:10C94000BAF1000F07EB0200716983FB0A2358F864
:10C9500029205646B8BF6E1FE264BAF1000F04F1F9
:10C9600040024FEAEA7E4FEA660648F829400892FC
:10C970005246B8BF0AF10302CEEB630304EB80001A
:10C980006164A6EBA202F61A00F12801A4F848504F
:10C99000D7186B1C099148BF05F10803DB1003FB96
:10C9A0000AF807934046EFF757FB8346002800F04C
:10C9B000EE808E4B424600211B689847012E40F3C3
:10C9C0001281079907F1020E029AB1464B003E46CA
:10C9D00012F1FF320D97C3F1000301FB0EFE18BFE9
:10C9E00001220B9505930123069207EB030C0F46DA
:10C9F0000C94059A03F00705B2450EEBE30802EB31
:10CA00000E01C7EB0E026646BE4402EBE30201EBE9
:10CA1000E30103F1010303924FF0800242FA05F5AE
:10CA20002C46284604DD1BF8012015430BF8015065
:10CA3000E2450CF1010C07DD069929B1039A1BF8B8
:10CA400002100C430BF80240E24504DD1BF80820FD
:10CA500010430BF808009945CBD10D9F09F1FF3326
:10CA60000B9D4E460C9C1F44A5F1070CB44558DDA8
:10CA70000799BB1C4FF0800E05941D464FEA4109F3
:10CA8000029BC9F1000913F1FF3801FB05F3CDF852
:10CA90000C90894618BF4FF0010800E0BD1CBA4554
:10CAA00011DD039A002E06F0070002EB0301324667
:10CAB000B8BFF21D4EFA00F001EBE2021BF80210C3
:10CAC00001430BF802107A1CC9EB0301924511DDFA
:10CAD000B8F1000F0ED0002E324606F00704B8BFA2
:10CAE000F21D4EFA04F401EBE2021BF802002043AF
:10CAF0000BF80200AA450EDD002E3246B8BFF21D2B
:10CB000003EBE20306F007021BF803004EFA02F201
:10CB100002430BF803200136013F0B46B445BDD15B
:10CB2000059C0A9A0226029D1146049BA800089FB4
:10CB3000294403EB830342191FFA8AF504EB8101B0
:10CB400004EB83038E6201260F6304EB820281F8FB
:10CB50002C600027BDF81C1023F80E6C23F8101C65
:10CB60000999C2F808B0D160176123F8145C23F862
:10CB7000125C029BF7E5BDF946301B1A80B2013307
:10CB800048BF013343F34F03ADF8423063E6029BE5
:10CB90009800E8E5BDF94020BDF94410891A091B49
:10CBA000A4B248BF013102EB610212B2ADF84020DD
:10CBB0005CE6A4B2BDF84410091B0AB2ADF84020EF
:10CBC00054E680B2BDF846301B1A1BB2ADF84230B5
:10CBD00041E6206800F05CFAF0F73CFB00F070FAE8
:10CBE000DDE525467BE501263EE700BF7801002014
:10CBF0006766666608B5F0F785FB806A80F010000E
:10CC0000C0F3001008BD00BF00B9704730B583B055
:10CC10000446F0F72BFB836A0190DB0704D501A8DB
:10CC2000F0F738FB03B030BD204600F081FA019DDB
:10CC300007492046AA6A0B6842F001020133AA6242
:10CC40000B60F1F747FB01A8F0F724FB03B030BD00
:10CC50003C9F00202DE9F04FDFF8F090044689B0AA
:10CC6000D9F80030258806A8DF6C1E6D013D638869
:10CC70000F4402EB0608013B3D44ADF818704344F5
:10CC8000ADF81A80ADF81C50ADF81E30F4F77EFEFA
:10CC9000002851D0CB46DFF8B8A01BE040F00200DE
:10CCA000F4F772FE26692EB3E0680122D4F808E09A
:10CCB0004146638803920292228801903846CDF85B
:10CCC00000E03668B0472846F4F75EFEF5F70AFC48
:10CCD000002831D0E6680020F4F756FE054616B16C
:10CCE0003379002BDAD125F00200F4F74DFE2669E6
:10CCF000002ED9D1D9F800202146DAF80030527C34
:10CD0000E0689847E188D0B16388012622880590C1
:10CD1000A0680291414604903846B4F804E00196B8
:10CD2000CDF80CE00096F5F7F3FF2846F4F72CFE5B
:10CD3000F5F7D8FB0028CDD109B0BDE8F08F012967
:10CD4000E2D1DBF80030986BDEE700BF90000020F6
:10CD50008000002008B500B908BDF0F7D3FA806A5A
:10CD600000F0010008BD00BF2DE9F0431E4C83B068
:10CD700025682E7E2F6DEC6C013E07EB010907EB59
:10CD8000030825181444B2B26846AE1A1119C2EB52
:10CD900009034244ADF80060ADF80410ADF802306C
:10CDA000ADF80620F4F7F2FDD8B109F1010708F15A
:10CDB000FF3622464946284600F0D4F9224641462D
:10CDC000284600F0CFF9324639462846F9F79EFF4B
:10CDD000324639462046F9F799FFF5F783FB0028DC
:10CDE000E7D103B0BDE8F083900000202DE9F04FBB
:10CDF000654C91B02468E56C246D2818AA18611858
:10CE0000E318064607900EA808920D46029101937A
:10CE10001C46ADF83860ADF83C20ADF83A10ADF8DE
:10CE20003E30F4F7B3FD002800F09580C5EB040B0D
:10CE30001A999DF86820C1F30724BBF1000F1B99D4
:10CE40005B46B8BF0BF101030BFB02FEC1F30727E2
:10CE50001A995B109DF86CC0C1F307401B9903EB56
:10CE60000E05C1F307461A990A95090E0BFB043506
:10CE70003C1B0B9503940BFB0034301A0BFB013366
:10CE80005E460C940D931B9B0490C1EB13630593BA
:10CE9000C2EB0C03069300F08DF91A9B1B9A0990C4
:10CEA000934267D0002E52D0029D019A954259DCE0
:10CEB0000AAF86464FF0010B97E8800706E00BF1BA
:10CEC000010B0135019BA646AB422FDB70469AFB56
:10CED000F6F499FBF6F197FBF6F398FBF6FC2206C5
:10CEE000059C43EA0C23A24442EA0144049A1C43F1
:10CEF000029B9144069AAB421744039A9044E0DAAD
:10CF00007445DCD0F0F768FFBBF1010FCBEB0501F6
:10CF100005F1FF33089A079820D000F053F9013546
:10CF2000019B4FF0010BA646AB42CFDA2046F0F74B
:10CF300053FFBBF1010F17D0019B089ACBEB030104
:10CF40000798013100F03EF90998F0F745FFF5F731
:10CF5000C9FA00289FD111B0BDE8F08F691E00F01A
:10CF600001F9AEE7F0F738FF089A0199079800F049
:10CF7000F9F8E9E71846F0F72FFF019B089A0299A4
:10CF8000079800F01FF9DFE790000020027EC07EC6
:10CF900002FB00F0704700BF70B582B00A46014640
:10CFA0006846F9F74DFE274BBDF8004068461B6800
:10CFB000BDF80410B3F84C60B3F85050BDF802202F
:10CFC0003444BDF8063031442A44ADF800402B44C7
:10CFD000ADF80410ADF80220ADF80630F4F7D6FC39
:10CFE00068B3BDF90040BDF904309C420EDC204618
:10CFF000BDF9021000F016F92046BDF90610023402
:10D0000000F010F9BDF904309C42F0DDBDF902409A
:10D01000BDF906309C420EDC2146BDF9000000F04F
:10D0200001F92146BDF90400023400F0FBF8BDF916
:10D0300006309C42F0DDF5F755FA0028D1D102B058
:10D0400070BD00BF9000002000B3F0B5054683B06E
:10D0500016460C46C1B1084600F016F9074638B12D
:10D06000024621466846F3F76DFC684600F00CF96D
:10D0700032462146284647F6FF7300F011F938463C
:10D0800000F002F903B0F0BD0F46F1E7704700BFB2
:10D0900010B5044682B010B9204602B010BDF0F7BA
:10D0A000E5F80346019048B120461C6CF1F712F9EF
:10D0B00001A8F0F7EFF8204602B010BD0446F7E7EC
:10D0C00000212DE9F041084682B000F0AFF90420BC
:10D0D000F5F76AFC144B154F43F6FF761B69804643
:10D0E0003D463446DA6C68461B6D174416441D44B1
:10D0F0001C44ADF80070ADF80460ADF80250ADF816
:10D100000640F4F743FC48B12346324629463846E8
:10D1100000F058F8F5F7E6F90028F5D14046F5F7A4
:10D1200043FC02B0BDE8F0818000002001C0FFFF99
:10D1300000B9704700B583B0F0F798F8836A0190A2
:10D140009A0606D5064923F020030A888362531EF7
:10D150000B8001A8F0F79EF803B05DF804FB00BF58
:10D16000849F0020114B30B41C68B4F90A308B4204
:10D170000FDCB4F90E3099420BDCB4F90850B4F965
:10D180000C30A842B8BF28469342A8BF1346984225
:10D1900001DD30BC7047657C0A46054C014654F8F9
:10D1A0002500C468A468A44630BC604790000020F5
:10D1B000849E002008B500F041F9BDE80840F2F770
:10D1C000CFBA00BF70B5154C82B02468B4F90850CE
:10D1D000B4F90C60A842B8BF2846B242A8BF324694
:10D1E00082420BDBB4F90A60B4F90E50B142B8BF09
:10D1F00031469D42A8BF1D46A94201DD02B070BD67
:10D20000667C1346064C0A46014654F82600C4685C
:10D2100000952469A04702B070BD00BF90000020B7
:10D22000849E0020164B1B68B3F90A208A421CDC3E
:10D23000B3F90E20914218DCB3F90820824214DCC5
:10D24000B3F90C20904210DC30B41A7CD2070DD414
:10D250005D7C0A460B4C0146DB6B54F825001B68CD
:10D26000C468A469A44630BC604770475C7C0A4629
:10D27000044B014653F82400C36830BCDB691847EF
:10D2800090000020849E0020044B1B6810B55C6C4D
:10D290005864F5F78FFB204610BD00BF90000020BA
:10D2A0002DE9F04F0C4687B017461D46019000F05F
:10D2B000CDF8DDF804A08146002C00F0A48004AB7A
:10D2C0002068616803C317F00C0B5FD1BDF91260D1
:10D2D000CDF804A0002D56D00DF1040809F1FF3956
:10D2E000504607F0030700241FFA89F9DFF838A138
:10D2F0002DE0022F3CD00FB9BDF91040013833B2F8
:10D300000FFA84FCDAF80020204409EB060EA2F89C
:10D3100022C05946938402AAADF80C000198ADF8DA
:10D3200008C0ADF80A30ADF80EE000F097F85946A5
:10D33000019800F0F5F8019B1844019000F086F880
:10D340000644404600F000F9E8B9E5B101982946E5
:10D3500000F012F9834601985946CBEB0505F4F726
:10D360002BF8012FC5D1BDF91440241A0134C5E7AB
:10D37000BDF91040BDF914301B1B1B1A48BF013307
:10D3800004EB6304BAE707B0BDE8F08F002D3ED090
:10D390002C4600260DF1040800E094B121460198C6
:10D3A00000F0EAF80346019801361946E41A00F045
:10D3B000B7F8019B03444046019300F0C5F80028EC
:10D3C000EBD0BBF1080F09D0BBF10C0F0DD0BBF1B6
:10D3D000040F03D0CDF804A000267FE706FB09F672
:10D3E000BDF916309E1B013672E706FB09F6BDF942
:10D3F0001210BDF91620521A531C9B1B48BF013353
:10D4000001EB630664E704A800F0DEF85BE7BBF11C
:10D41000080F05D0BBF10C0F04D0BBF1040FB2D143
:10D420000026DDE72E46E2E790000020024B1B6855
:10D43000588400209984704790000020024B1B689C
:10D44000DB6B1868704700BF90000020024B1B6820
:10D45000DB69587E704700BF900000202E4B1B6890
:10D460002DE9F041044682B00D4683B10020F4F767
:10D470008DFA48B16E4632462946204600F0A8F89B
:10D48000F5F730F80028F6D102B0BDE8F081DFF8FA
:10D490008C806B4610686E46D8F800705168B7F8FB
:10D4A0004CC0B7F850E003C3BDF800706846BDF843
:10D4B0000410BDF802206744BDF806306144724490
:10D4C000ADF800707344ADF80410ADF80220ADF86B
:10D4D0000630F4F75BFA60B9D8F80030598C9A8CB2
:10D4E000DC6C186D091B121A59849A8402B0BDE8CD
:10D4F000F081D8F800303246BDF802002946BDF868
:10D500000070988420465F8400F062F8F4F7EAFF28
:10D510000028EED1E0E700BF2C9F00209000002003
:10D52000F8B569B105460C460026064F3B6828460B
:10D530005B689847013C05440644F7D13046F8BD86
:10D540000E46FBE7109F002010B5044682B023680A
:10D5500002A840F8043DF5F765F948B10A2802D061
:10D56000002002B010BD019B0020236002B010BD5E
:10D57000012002B010BD00BF30B583B00190E0B112
:10D58000104B0D461B68DB695B6923B15B6813B107
:10D59000984703B030BD002D11DD002401A8F5F738
:10D5A00041F938B10A2805D00134A542F6D1284600
:10D5B00003B030BD204603B030BD03B030BD002005
:10D5C000E7E700BF9000002008B1F9F787BB70477C
:10D5D00070B582B0214D224C164602AB019043F843
:10D5E000081D19462B68984723680190586918B19F
:10D5F0003146F3F789F9A8B10120EFF7BDFF2268A2
:10D60000D3695B69ABB1174C216869B1B2F922509B
:10D610009B680198009998472846236898470020FE
:10D62000EFF7AAFF02B070BD9B6800990198984778
:10D63000F5E70D4D009B01A8013B002B0093EEDBAD
:10D64000F5F7F0F823680646DB691B6898472B68F6
:10D65000002BEFD030469847ECE700BFE8020020EF
:10D6600090000020209F00201C9F00202DE9F04FFB
:10D6700093B0064614460493031C039118BF01237C
:10D6800006901D460793EFF7F1FD83463046CDF82F
:10D6900020B000F065FA2B46002CB4BF002303F045
:10D6A0000103002B00F00281844280F2FF80DBF84E
:10D6B0004C00F0F765FEDBF868600746002E40F08E
:10D6C000B180002F00F0B9804FF0FF33039A01259D
:10D6D0004FF000090293131F0DF138080093134611
:10D6E000043301937B1E059305F1FF3ADBF84C00F0
:10D6F0005146F0F7B7FE014640460C680E91EFF731
:10D70000C9FDDBF868303444534510D80BB153459C
:10D7100009D026464E4580F21C82AF4205F1010138
:10D7200019D90D46E0E7DBF85830E61AF2E726464D
:10D73000009BB3420ADC019BB34207DB059BCDF89B
:10D7400008A0534502D9039BB34235DBA146AF4243
:10D7500005F10101E5D8049B029A002AA8BF012B1C
:10D760000CBF0127002738D1089B1C6D611C5CD0C1
:10D770005E6DE743039BFF0FA34208BF002708AD80
:10D780002846EFF787FDDFF83C8301210698FDF777
:10D7900045FED8F80030002B00F09780002F6CD1A8
:10D7A0000698EFF763FD034628461C650893EFF7DC
:10D7B00071FD13B0BDE8F08F2946DBF84C00F0F79F
:10D7C00051FE01464046D1F800900E91EFF762FD00
:10D7D000B9F1000FBFD0A146B9E7002B33DC12AD81
:10D7E0004FF0FF3455F8283D1C6528465E6DEFF775
:10D7F00051FD029B002BC6DA049B002BD0DC029B60
:10D800000133CDD1AF4C23683BB1AF4E306800F04F
:10D81000BDF900286BD1002323604FF0FF3400F0E6
:10D82000BFF9BDE7DBF858604BE71146039A0027C4
:10D830001A650E4659651446A1E7049B002B38DD96
:10D840004FF0FF33029312AD55F8283D1C6D28466A
:10D850005E6D049B002CA8BF012B039B0CBF01270E
:10D860000027A3420CBF002707F00107EFF712FDC6
:10D87000029B002B87DA002FBED0069B002B51D1D4
:10D88000039B1B1B002B8BDB0698EFF7EFFC03467B
:10D8900012A893F86C6040F8243DD3F85490EFF749
:10D8A000F9FC002E40F08680039CA5E7049B002B2A
:10D8B00022DC12AD4FF0FF3355F8282D1C460293A1
:10D8C00028461365EFF7E6FC96E7DFF8FC91D9F8F8
:10D8D000000000F05BF900283FF460AF7B4BD9F803
:10D8E0000010186800F074F9C8F8000056E73168B5
:10D8F000206800F06DF98EE712AD55F8283D2846F6
:10D900001C6D5E6DEFF7C6FC049B002CA8BF012BBD
:10D910007FF446AF039BA3423FF442AF4FF0FF3387
:10D920000293AAE71846EFF7A1FC0346C06C0E93DA
:10D93000F0F726FD8642C0F0838000270DF13808FD
:10D940004046EFF7A7FC039B1F44B7EB04093FF5E4
:10D9500027AF0698EFF78AFC12ABC76C43F81C0D93
:10D960001846EFF797FC3846F0F70AFD86428BD24F
:10D9700031463846F0F776FD0C90002800F0E5803F
:10D98000C0F800900CA8EFF785FC069E3046F2F731
:10D990006DFC25230F9030460E931096F0F79AFCFD
:10D9A00041460F98F1F7A6FF3046F2F75FFCF0F71B
:10D9B00091FC69E7069E0CA93046F2F769FB3046F8
:10D9C000BDF934B0F2F752FC00286FD1B9F1000F65
:10D9D000C0F2B780069B002B3FD11F46BB45BFF668
:10D9E00063AFB9F1000F40F3AE80069B002B3FF40C
:10D9F00003AF2B46002625460DF1380834461F4656
:10DA000006E001344046EFF745FC5644A1455FD09F
:10DA100006984FF0000AEFF729FC0E90C06CF0F763
:10DA2000AFFC8442EDD20E9A2146D06CF0F71AFD7D
:10DA300002460BA80B92D2F800A0EFF72BFCE0E710
:10DA40000E9B3146D86CF0F70DFD12AB076843F81A
:10DA5000180D1846EFF71EFC70E7002700941C46CF
:10DA60002B460DF138083D469A4606E00135404602
:10DA7000EFF710FC3744A94515DB20460026EFF7E9
:10DA8000F5FB0E90C06CF0F77BFC8542EED20E9A4F
:10DA90002946D06CF0F7E6FC02460BA80B921668FC
:10DAA000EFF7F8FBE2E7009C554697E70698F2F798
:10DAB000DDFBF8F765FD002888D000F019F9C0EB10
:10DAC0000B0B83E7CC9E00205C9F002060020020AF
:10DAD0002C463D46BBEB06063FF58EAE079B002B62
:10DAE0003FF48AAE0698EFF7C1FB12ABC76C43F860
:10DAF000200D1846EFF7CEFB3846F0F741FC814584
:10DB0000BFF47AAE49463846F0F7ACFC0B9010B340
:10DB100006600BA8EFF7BEFB069E3046F2F7A6FBA9
:10DB200025230F9030460E931096F0F7D3FB0EA9E5
:10DB30000F98F1F7DFFE3046F2F798FBF0F7CAFBDB
:10DB40005AE600274AE70026C4E70CA8EFF7A2FB35
:10DB50009AE64C46ECE50BA8EFF79CFB4CE600BFC1
:10DB600010B582B008B900F0D9F8EFF77FFBB0F933
:10DB70000630B0F9024002AA1C1B42F8040D104600
:10DB80000134EFF787FB204602B010BD034B00EBDA
:10DB9000800003EB8000007A704700BFB89A002035
:10DBA00030B5094D85B0094C2B6854F8230048B1B5
:10DBB000182304A941F8103DF1F79CFE2B680022C0
:10DBC00044F8232005B030BD5C9F0020A49E0020B7
:10DBD0002DE9F04F0E468C0083B080460846DFF8F2
:10DBE0000C9100F0A1F8A319D9F80020824609EBA6
:10DBF00083035F687AB3BAF1000F38D1A519012306
:10DC000009EB85056869C5F804802B7200285ED190
:10DC1000B8F1000F1BD034444FF0010AD8F80820A7
:10DC2000334609EB8404D8F80410D8F80000CDF886
:10DC300000A02569AA1AE568691A00F07FF86061FA
:10DC4000304600F071F8002846D1237AC3BB38462D
:10DC500003B0BDE8F08F244A4846012340F82C2F3A
:10DC6000C9F80030EFF790FABAF1000FC6D050466D
:10DC70003444EFF767FC8346002009EB8404EFF798
:10DC8000E9FA0125FFF71CFA0022D8F80000114636
:10DC9000FEF7E0FFD8F8003050465A88198800F0A7
:10DCA000BDF85846C4F804802572EFF74BFC3046A7
:10DCB00000F03AF80028C8D0294600F0B1F8C6E7CD
:10DCC000606900F0AFF8384603B0BDE8F08F00F0AF
:10DCD000DBF8C5F814A09BE7514600F0A1F83846E0
:10DCE00003B0BDE8F08F00BFB9730208B89A0020F6
:10DCF00010B582B008B900F011F8EFF7B7FAB0F933
:10DD00000430B0F9004002AA1C1B42F8040D104672
:10DD10000134EFF7BFFA204602B010BD014B1B687B
:10DD2000986C704790000020012801D900207047AE
:10DD3000014B53F8200070477C9E00202DE9F043F2
:10DD4000048883B0BDF82860002C5BD04488002C88
:10DD500051D0C468002C52D0A468002C52D0174671
:10DD60008846054606F0010200212B48F3F7AAFC7D
:10DD7000814600283FD028886B8803FB00F0800094
:10DD80002030F1F715FD044600283FD0C9F80800FF
:10DD9000EFF76CFA29886A880346013902A8013A2C
:10DDA0001E82414440F8083D3A445D61A3F8048076
:10DDB000DF8019815A81C3F80090EFF76BFAEB68A6
:10DDC0002BB105F10C01204600F088F898B9B30793
:10DDD000204611D5EFF74AFA02AD0346006845F830
:10DDE000043DF2F79BFC2846EFF754FA204600F07A
:10DDF000C5F8204600E0002003B0BDE8F083C588E8
:10DE0000202DACD0204603B0BDE8F0834846F2F7A1
:10DE100063FD2046F0E700BFC06E0208ECF7EEBBE2
:10DE200000F09ABA00B9704770B582B00446EFF7B7
:10DE30001DFA038A00909B0705D56D462846EFF72B
:10DE400029FA02B070BD204602AEEFF70FFA034682
:10DE500000686D4646F8043DF2F760FC3046EFF787
:10DE600019FA6846EFF716FA204600F087F82046C0
:10DE7000EFF7FCF9038A009043F00203038228467F
:10DE8000EFF708FA02B070BD00B9704730B583B043
:10DE9000044600F079FA02AD2046EFF7E7F945F8BD
:10DEA000040D0068F4F752FC2846EFF7F3F920461A
:10DEB000EFF7DCF901900068F4F73EFC019BD868AD
:10DEC000F2F7CCF8019BD869F2F7C8F82846EFF7CB
:10DED000E1F92046F2F7C2F803B030BD2DE9F04F6A
:10DEE00083B00E468246EFF7C1F90DF108080368CA
:10DEF000C46848F8080D40469F69EFF7CBF9002C3D
:10DF000035D1336818688000F1F752FC814618B9A2
:10DF1000012003B0BDE8F08FEFF7A8F9336805469C
:10DF200001901A68002A11DD0024DFF84CB05BF87C
:10DF300027209968136951F8240001341B68984719
:10DF4000336845F8040B1A689442F0DB01A8EFF738
:10DF5000A1F95046EFF78AF903464046C3F80C9002
:10DF60000093EFF797F9002003B0BDE8F08F20464B
:10DF7000F2F774F8C5E700BF849E00202DE9F04F4A
:10DF800093B0EFF773F9036804460D901A460393B4
:10DF9000B64B92691B680692597C0D4608918169BF
:10DFA000AA420991C1690A9100F03D815A7400F1B9
:10DFB0002003012200F11401D0F814A00593FDF70D
:10DFC000C3FE0490002800F0BF81039E00230D983B
:10DFD0000EACB269A64D011D4361AD5603C9012DBA
:10DFE00084E8030040F3F3801046ADF84230ADF80A
:10DFF0004030F0F76FFF10AA431EB0690792ADF8EA
:10E000004430F0F777FF0138ADF846002046079915
:10E01000EFF75AF90D9BD868002840F01281BDF93E
:10E020003A80BDF93E10884500F3B680BDF93C202A
:10E03000BDF93850B3F906B09542CBEB080B00F3AD
:10E04000A680C14606E00135BDF93C20AA42C0F2D7
:10E050009A800D9BB3F904605A465046AE1B314678
:10E06000FBF710FF04465FEA1068ECD00D9FBAF88A
:10E070000030B7F904100BFB0366059BA94203EBC4
:10E08000860600F3AC80B7F90830AB42C0F2A78037
:10E09000B7F906304B4500F3A280B7F90A204A458C
:10E0A000C0F29D807869002800F09980C3EB0903D5
:10E0B0006A1A114607921A460B93FBF7E3FE030E0A
:10E0C0000B9B00F08C80B7F90820B7F90410521AA6
:10E0D00002FB0333079A134407EB8307386AB8F14E
:10E0E000FF0F306000F08A800D9EB6F90470AF42D9
:10E0F00000F38B80B6F90830AB42C0F28680B6F9E7
:10E100000680C84500F38180B6F90A304B457CDBB8
:10E110007069002879D0EF1BC8EB090839464246E0
:10E12000FBF7B0FE030E70D0B6F90830B6F9042044
:10E130009B1A03FB0888B84406EB8806306A40F057
:10E140007F404C4A069E52F826301B695B68984710
:10E15000494B40F07F41FF221B6820469847454AC3
:10E1600052F826301B691B689847049B02464946B3
:10E1700000932846039B0135FDF740FEBDF93C2086
:10E18000AA42BFF666AFC8460D9BBDF93E1008F126
:10E1900001084145BFF64CAF18680499FDF796FE9B
:10E1A0000D9B089AC3F814A0069B934204D02F4BF2
:10E1B0009DF820201B685A740DA8EFF76BF8099B97
:10E1C00013B10A980021984713B0BDE8F08F10AB47
:10E1D000304619460793F3681B6B984716E7039B75
:10E1E000186800283FF47BAFC3684A4629465B693C
:10E1F0009847B8F1FF0F30607FF476AF1D4B44F0C5
:10E200007F40069A53F82230ACE7039B186838B178
:10E21000C3684A4629465B69984740F07F4090E7CB
:10E220004FF07F408DE70146012251F814AFFDF712
:10E230008BFD0490002840F08B800D9BC3F814A048
:10E24000BAE7EFF713F8BDF93AB0BDF93E101090F8
:10E250008B455ADCBDF93C300D9ABDF93850B2F906
:10E2600006909D42C9EB0B090EDD4AE090000020AC
:10E27000809F0020849E0020EC0200200135BDF923
:10E280003C30AB423BDB0D9AB2F9046050464A4643
:10E29000AE1B3146FBF7F6FD04460028EED00D9F7D
:10E2A000BAF80030B7F9048009FB0366059BA8455E
:10E2B00003EB86060BDCB7F90830AB4207DBB7F996
:10E2C00006305B4503DCB7F90A205A4522DA039B86
:10E2D000186828B1C3685A4629465B699847039B6A
:10E2E000109A59463060284652F824200135049C83
:10E2F0000094FDF783FDBDF93C30AB42C3DABDF9B4
:10E300003E100BF1010B5945A6DA0798EEF7C2FF54
:10E310000D9B41E7C3EB0B03C8EB050878691A4670
:10E3200041460B93FBF7AEFD0B9B0028CFD0B7F90E
:10E330000820B7F90410521A02FB0333434407EBD9
:10E340008307039B386ACBE70D9BC3F814A02EE725
:10E3500004F12003059338E610B582B00C46EDF7C2
:10E3600097FF019060B1C368062101A85B6A9847D6
:10E37000034628B1019821469847002002B010BDFD
:10E38000012002B010BD00BF2DE9F04F93B0EEF7B1
:10E390006DFF03680790194609937F4B8A691B68D4
:10E3A0000A925C7C0D90A2420B9401D05A748A6947
:10E3B000079E0EAC79493346D6F814808D56043347
:10E3C000012D93E8030084E8030040F3DE8000237E
:10E3D000104610ADADF84230ADF84030F0F77AFDA0
:10E3E000099A431E9069ADF84430F0F783FD013877
:10E3F000ADF8460020462946EEF766FF0D9801224B
:10E4000000F11401FDF7A0FC0446002800F09580FF
:10E41000BDF93A70BDF93E100D9B8F4200F3898023
:10E42000BDF93C20BDF93850B3F906609542A7EB21
:10E4300006067ADC069760E0010E59D0B8F80010A5
:10E44000636A06FB0199079901EB890906998B42DA
:10E45000D9F820A006D194F93010236A0B44AB42BE
:10E4600000F08680E16800297BD094F93030012BE0
:10E4700079D0E3696FF0404E20689E446768236A54
:10E4800000EB8E0007F104090893099B6060D3F844
:10E4900000B0BBF1000F1BD0A2694846F4F764FB43
:10E4A000E068089BE26A194603460020DBF80CE0AE
:10E4B000CDF80C9005900490584667690297A769BB
:10E4C000019701270097DEF80490C84760680D9A0D
:10E4D000C0F800A0012194F9303000EB83036360A1
:10E4E000069BA562E3621346069AE16025626262BA
:10E4F0000135BDF93C20AA4214DBB3F90490324641
:10E500004046C9EB05094946FBF7BCFC0D9BD968A1
:10E510001A46002990D0002890D10135BDF93C2041
:10E52000AA42EADA069FBDF93E100137B942BFF6AA
:10E5300079AF21461868FDF7C9FC0D9A936913B1AC
:10E54000D069012198470DA8EEF7A4FE0A9B0B9A0B
:10E550001946914202D0104B1B685A7413B0BDE8A3
:10E56000F08F6068B4E7D4F80090A36A48468BE760
:10E570006368E068C3F800A094F930E0411C03EB45
:10E580008E0363600028AED1AAE7099810ADC36876
:10E5900029461B6B98472DE790000020809F0020A4
:10E5A0002DE9F04F99B0002308AC08936360A36095
:10E5B00000F06CFA18B1002019B0BDE8F08F0BAE76
:10E5C000304600F06DFA0B9B5A1C00F04781002B7F
:10E5D000C0F25F810C9A002AC0F25B81B248B34955
:10E5E000B0F90000B1F900100344B14D0A440B9397
:10E5F0000C929DF8350001288CBF28682860EDF743
:10E6000047FE0028D7D004AA03A92868ECF7B2FB7C
:10E6100006A8EFF729FD2B68DFF8AC8203EB430374
:10E620000B9A039808EB83030C99101A049F1A693C
:10E63000C91B0B9090420C9100F09E809DF83520F4
:10E6400000F05AFAD8F8003013B10021304698474C
:10E65000984B2A6853F82200002800F01581D8F85A
:10E660000430079013B10799304698472B68DFF8BC
:10E670005492DB008E4F09EB03014A6807988242EF
:10E680003DD0002A3BD0D1F804A0BAF1000F36D01B
:10E69000894A1268002A08DB884B504653F822103A
:10E6A00000F068FA58B33B68DB00854F50463B44A6
:10E6B000596800F05FFA2B68DB001F4479687A68BC
:10E6C000924518BF002900D0C8B14B447D4F58680F
:10E6D000FEF790FA98B12B681222179407EBC30348
:10E6E00014925B6896E8070084E80700184614A9AE
:10E6F00000F052FA2B68002207EBC3035A60DDF8E2
:10E700001CA0BAF1000F44D06B4B1B68002B07DB39
:10E710006A4A504652F8231000F02CFA002838D0EC
:10E720002B685046DFF898B10BEBC303596800F033
:10E7300021FA2F684FEAC70E0BEB0E035A685B688D
:10E74000002A18BF9A4526D028BB4FF000097B004D
:10E750003B4408EB830896E8070008F1100888E8B6
:10E7600007003946304600F053FA06A800F05EFA7A
:10E77000484619B0BDE8F08F5A6991427FF45EAF08
:10E780001A7E9DF834309A427FF458AF4FF000095A
:10E79000EBE72F68D9E77B009DF834C0F144079977
:10E7A000DA19DFF824B1C9F8041008EB8202107EF0
:10E7B000604503D0079A002A40F08A8050EA0C0A8C
:10E7C00069D0DFF808914FEAC70E4FF4107109EBDA
:10E7D0000E02149150680799884220D05268F2B115
:10E7E000BCF1000F40F00B813B4422468DF828C05D
:10E7F00008EB830319695B6908910993CE4414A956
:10E800001792DEF8040000F0C7F92F6800219DF888
:10E8100034C04FEAC70E7B0009EB0E025160DA19D3
:10E82000079908EB820282F818C0002939D096E8CF
:10E83000070084E80700BCF1000F00F0BF80F1443E
:10E84000079BC9F80430079814A917944FF00109E1
:10E8500000F0A2F92F6807FA09F379E70C9B144D31
:10E8600001337FF4C6AE2B68174A03EB43039DF8D0
:10E87000341002EB83031A7E8A423FF49CAE1A697D
:10E880005B690B920C93B4E60C990B9800F0ECF9D1
:10E89000E5E6074DADE60798002840F08680814602
:10E8A00056E74FF0010953E77E9F0020829F00202A
:10E8B0005C9F0020A49E0020E4020020AC9E00206B
:10E8C0001C9E00203C9E0020E09C00202C9E0020EE
:10E8D00007980DF1380AEEF7C9FC2B6807469DF83A
:10E8E000342003EB43030B998DF84C2005A80BEB68
:10E8F00083030C9A05971B7E8DF84D30B7F900E025
:10E90000B7F90230CEEB0101D21A11911292EEF753
:10E91000C1FCD5F800E011AA9DF834704FF0110C3D
:10E920000EEB4E031792CDF850C00BEB830303F1AF
:10E93000100207CA1F769DF82830504F8AE807005A
:10E94000002B44D0DFF8409114A909EBCE0EDEF87D
:10E9500004B0079BCEF80430DEF80430079800932B
:10E9600000F0C4F93F68009B4FEAC70E09EB0E02A6
:10E970005268934203D0CE44DEF80430079307EB8D
:10E98000470308EB83039AE80700103383E8070086
:10E99000BBF1000F35D12F6839497B009DF834C099
:10E9A000DA1901EB8202107E08E70798FEF722F9D8
:10E9B000002834D12F6881467B00C9E6314B1B7893
:10E9C000002B3CD1F1440023C9F804303BE7DFF8C9
:10E9D000B89014A9019309EBCE0EDEF80420079835
:10E9E000009200F083F93F68009A4FEAC70E019B3E
:10E9F00009EB0E014968914231D09B46BBE70022EA
:10EA0000FCE6584600F096F92F689DF834C07B006C
:10EA1000D8B9DA191A4901EB8202107ECEE696E8DF
:10EA20000700079F10231794D146149384E807002A
:10EA3000384614A900F0B0F82F687B0088E6FFF78D
:10EA4000AFF82F684FEAC70EBCE7DA190C4909EB9B
:10EA5000C70901EB8202C9F804B0107EAEE67B0064
:10EA60009DF834C0DA190BEB820B9AE807000BF122
:10EA7000100E8EE807009BF818009FE65C9F0020B0
:10EA8000E09C0020919F00202C9E0020034B09CB8E
:10EA9000C01AB0FA80F04009704700BFF4020020AD
:10EAA00070B4124D04462B686A6893420FD0104E22
:10EAB000B34293E8070014BF0C333C3B84E80700E3
:10EAC0002B60207A003070BC18BF01207047094AC3
:10EAD000934204D013E9070084E80700F1E73C33D0
:10EAE00093E8070084E80700EBE700BFF40200208A
:10EAF000049A0020C89900202DE9F04106461046EE
:10EB000014468846FFF710F9C8B9A700184D3B19FD
:10EB100005EB8303DA68B24204D11B69434501D196
:10EB2000BDE8F0813B1905EB83035869B0B93C445B
:10EB300005EB8404E660C4F81080BDE8F0810C4B5E
:10EB400004EB840403EB840463689A685968C2EB9D
:10EB50000802711ABDE8F04100F0EEB85B689A68EF
:10EB60005968C2EB0802711AFCF7D6FDDFE700BF57
:10EB7000B89A002068B110B50C4631B1EEF7C2FB6F
:10EB80008069844203D00028F8D1002010BD012004
:10EB900010BD0020704700BFF0B5CC6887B00D46AF
:10EBA00007468CB1EEF762FB2268B0F9003006A987
:10EBB000B0F90260D21A636841F8140D08469B1B35
:10EBC00084E80C00EEF766FB02AE4FF00D0E3C46FB
:10EBD00095E80F0086E80F000497CDF808E020467E
:10EBE00000F0A8F870B12046F1F740FB0446002879
:10EBF000F5D03146059500F079F8204600F09AF8F6
:10EC00000028F0D12946384600F070F807B0F0BD72
:10EC100010B4054B01EB410407C803EB840383E800
:10EC200007005DF8044B7047BC9D002010B40D4CEC
:10EC3000216851B1814211D00B6833B1984207D09D
:10EC40001A6819461346002AF8D15DF8044B70473C
:10EC500029B103685DF8044B0B6070470B461B68D5
:10EC60002360F2E7389F00201F4BF0B5064683B0C3
:10EC700018680F4600F062F8054608B903B0F0BD09
:10EC8000EEF7F4FA836A01909B0726D5B0F90030BD
:10EC90009E4222DBB0F904309E421EDCB0F9023005
:10ECA0009F421ADBB0F906309F4216DCC46974B18A
:10ECB0003B4632460021204600F04AF8002818BFA3
:10ECC00005462046EEF71EFB046A002CF0D101A891
:10ECD000EEF7E0FA284603B0F0BD01A8EEF7DAFA45
:10ECE000002003B0F0BD00BF5C9F002070B50E4651
:10ECF0000546EEF707FB836ADB0603D40C4C23685A
:10ED0000132B00DD70BD2846EEF7FCFA0269756032
:10ED100042B1236830460133236090472368013BAA
:10ED2000236070BD3046BDE87040EEF787B900BF84
:10ED30006C9F0020F2F7FCBB00F0DCB9012801D980
:10ED400000207047014B53F820007047AC9E002014
:10ED50002DE9F04F064691B010B911B0BDE8F08F23
:10ED600099460D469046EEF781FA836A07909C0714
:10ED700040F1B581B0F900309845C0F2B081B0F9EA
:10ED80000430984500F3AB81B0F902309945C0F2E8
:10ED9000A681B0F90630994500F3A181C3690393B8
:10EDA000002B00F08D81AB4200F08A810398EEF7D2
:10EDB0005DFA836A0890990740F17681B0F90030D6
:10EDC0009845C0F27181B0F90430984500F36C8128
:10EDD000B0F902309945C0F26781B0F90630994523
:10EDE00000F36281C3690493002B00F07D819D4292
:10EDF00000F07A81039E0498EEF738FA836A09904E
:10EE00009A0740F14581B0F900309845C0F2408141
:10EE1000B0F90430984500F33B81B0F902309945D0
:10EE2000C0F23681B0F90630994500F33181C369EB
:10EE30000593002B00F05C819D4200F05981049EF7
:10EE40000598EEF713FA836A0A909B0740F1148144
:10EE5000B0F900309845C0F20F81B0F90430984500
:10EE600000F30A81B0F902309945C0F20581B0F98A
:10EE70000630994500F30081C3690293002B00F02E
:10EE800035819D4200F03281059E0298EEF7EEF941
:10EE9000836A0B909F0740F1E380B0F900309845FA
:10EEA000C0F2DE80B0F90430984500F3D980B0F9A3
:10EEB00002309945C0F2D480B0F90630994500F38C
:10EEC000CF80C3690193002B00F007819D4200F0C1
:10EED0000481029E0198EEF7C9F9836A0C909C07A1
:10EEE00040F1B280B0F900309845C0F2AD80B0F981
:10EEF0000430984500F3A880B0F902309945C0F27B
:10EF0000A380B0F90630994500F39E80D0F81CB07C
:10EF10005D4500F0E080BBF1000F00F0DC80019E59
:10EF20005846EEF7A3F9836A0D9099077ED5B0F99C
:10EF3000003098457ADBB0F90430984576DCB0F9BA
:10EF40000230994572DBB0F9063099456EDCD0F895
:10EF50001CA0554500F0BD80BAF1000F00F0B9804B
:10EF60005E465046EEF782F9836A0E909A0750D5B6
:10EF7000B0F9003098454CDBB0F90430984548DCD6
:10EF8000B0F90230994544DBB0F90630994540DCD0
:10EF9000C769BD4200F09B80002F00F09880564664
:10EFA0003846EEF763F9836A0F909B0727D5B0F9CF
:10EFB0000030984523DBB0F9043098451FDCB0F9E8
:10EFC000023099451BDBB0F90630994517DCC4695E
:10EFD000A5427AD0002C78D03E4601E0A5420ED062
:10EFE0004B46424629462046FFF7B2FE002818BF8E
:10EFF00006462046EEF786F9046A002CEED10FA8EB
:10F00000EEF748F93846EEF77DF9076A0FB1BD42D1
:10F01000C6D10EA8EEF73EF95046EEF773F9D0F8D8
:10F0200020A0BAF1000F01D055459AD10DA8EEF7F6
:10F0300031F95846EEF766F9D0F820B0BBF1000F71
:10F0400002D05D457FF46CAF0CA8EEF723F9019870
:10F05000EEF758F9036A019313B19D427FF43AAF7A
:10F060000BA8EEF717F90298EEF74CF9036A029332
:10F0700013B19D427FF409AF0AA8EEF70BF905988A
:10F08000EEF740F9036A059313B19D427FF4D8AEC1
:10F0900009A8EEF7FFF80498EEF734F9036A049331
:10F0A00013B19D427FF4A7AE08A8EEF7F3F80398DA
:10F0B000EEF728F9036A039313B19D427FF476AE0D
:10F0C00007A8EEF7E7F8304647E63E4697E756468C
:10F0D0009FE75E46AAE7019EB6E7029EC0E707A843
:10F0E000EEF7D8F8002038E6039EDDE7059EC3E77B
:10F0F000049ECDE730B583B00C461546EDF7C8F851
:10F10000019068B1C368032101A85B6A9847034670
:10F1100030B101982A4621469847002003B030BDFF
:10F12000012003B030BD00BF2DE9F04F161A5D1A63
:10F1300085B09E4656EA0503DDF838B079D086EAF8
:10F14000E673074685EAE5748946A3EBE673A4EB0C
:10F15000E5749C422FDC1C460023A642019338D064
:10F1600039464FF0FF336D42174674420A46F14666
:10F170000393DBF8001095BBDFF80C830846019B76
:10F18000D8F800E0002B00F0D1809EF81A30002B58
:10F1900000F0C481002CC0F2C881AA46B64E724667
:10F1A000013B451C032B00F23481DFE813F04C01D6
:10F1B0004101580121013B4630462E4611464F463B
:10F1C0009946A6424FF00103724605468E460193CA
:10F1D000C6D10123DBF800100393002DCCD0002C06
:10F1E000DFF8A4822646D8F80000B8BF661C002DC0
:10F1F0004FEA6606827EB8BF7642FAB9002C15DB6C
:10F20000019B002B00F051819246034601E0D8F8A3
:10F2100000305B6E0AEB07010AF1010A5B6896FB9E
:10F22000F4F048442E4498475445F0DA05B0BDE860
:10F23000F08F05B0BDE8F04F00F07AB95A1C00F02D
:10F240002C81002C51DBCDF808904FF0000AC1460C
:10F2500098464144CBF80010827E013A032A15D823
:10F26000DFE802F055492B02844B4FEAE17E83FB35
:10F270000132CEEBA20202EB4202A1EBC2020B2A48
:10F2800012DD22F00402103A012A0DD9029B426ECF
:10F2900096FBF4F11944019B002B40F0F7803846AF
:10F2A00052689047DBF800100AF1010A01372E443A
:10F2B000544515DBD9F80000CBE76F4B4FEAE17EF0
:10F2C00083FB0132CEEBE20202EB8202A1EB82026F
:10F2D0000B2AD8DC0AF1010A01372E445445E9DA39
:10F2E000039A4346013200F0DE80CB1ACBF800309F
:10F2F00005B0BDE8F08F624A0A40002AC0F2E780FC
:10F30000012ACCBF00220122002ACDD1BEE701F1A3
:10F31000060E5C4A0EEA0202002AC0F2DD800B2AC9
:10F32000CCBF00220122002ABED1AFE79EF81A30DE
:10F33000002B00F0EA80002CC0F2F780DDF804A07A
:10F3400072464E4E013B451C032B13D8DFE803F0F9
:10F350004337210286FB0031C317C3EBA10303EB44
:10F360004303A0EBC3030B2B0ADD23F00403103B84
:10F37000012B05D9536E494607EB0A005B68984795
:10F380000AF1010A544514DBD8F800202846937E80
:10F39000D8E7394B83FB0031C317C3EBE10303EB21
:10F3A0008303A0EB83030B2BE1DC0AF1010A544534
:10F3B000EADA691ECBF8001005B0BDE8F08F304BDB
:10F3C0000340002BC0F29780012BCCBF0023012308
:10F3D000002BD5D1CEE7691D2A4B0B40002BC0F284
:10F3E0008F800B2BCCBF00230123002BC8D1C1E79A
:10F3F000224B83FB0031C317C3EBA10303EB430391
:10F40000A0EBC3030B2B0ADD23F00403103B012BFD
:10F4100005D9536E0AEB070148465B6898470AF125
:10F42000010A5445C5DBD8F800202846937EB7E68C
:10F43000134B0340002B54DB012BCCBF00230123D3
:10F44000002BECD1E5E7691D0E4B0B40002B4DDB8B
:10F450000B2BCCBF00230123002BE0D1D9E786FB87
:10F460000031C317C3EBE10303EB8303A0EB83037A
:10F470000B2BCBDCD3E700BF67666666ABAAAA2A74
:10F48000030000800F0000809000002008465268B2
:10F4900039469047DBF8001006E72144002CCBF8F2
:10F4A0000010BFF6D0AE21441FE79A4601E0D8F81D
:10F4B0000000436E0AEB07000AF1010A5B6896FB45
:10F4C000F4F149442E4498475445F0DAAEE6013A47
:10F4D00062F00302013213E7013A62F00F020132D7
:10F4E0001DE7013B63F003030133A5E7013B63F034
:10F4F0000F030133ACE7013B63F00303013363E720
:10F50000013B63F00F0301336BE7DEF864304946DB
:10F5100038461B6805B0BDE8F04F184739464846E5
:10F5200005B0BDE8F04FF7F7F1BB0D4641E700BF6E
:10F53000064B1A68137E012B05D05A1E48BF1A4687
:10F54000521000F005B8536E5B6818479000002019
:10F550002DE9F04F40F2C3231546344A85B003FB32
:10F5600005F3DFF8CCA00190002D82FB03284FEAC1
:10F57000E373B4BF6C1C2C46C3EBA818019B05FBBE
:10F5800005FB8946EE185F1BDAF8003008F1010828
:10F590000BEB640432465B6E384600941B68984758
:10F5A000B8F1000F3FDD019B01241A19013B0292C3
:10F5B00003931AE0013D019BEE185F1BDAF800305F
:10F5C00009EB0401324638465B6E05FB05FB1B6800
:10F5D0009847DAF80030C4EB090101345B6E32461B
:10F5E00038461B689847A0451DDB04FB04BB009B05
:10F5F0005B45E3DAA845DDDA029A09EB0501DAF8A2
:10F600000030161B039A5B6E171930461B683A468A
:10F610009847DAF800303A4630465B6EC5EB090190
:10F620001B689847C6E705B0BDE8F08FD34D621060
:10F6300090000020026A002A00F01C81AC49436857
:10F640002DE9F0470A3B0446D56801F12C0084B04F
:10F65000002D14BF0D4605460A2B1FD8DFE803F026
:10F66000061E1E1E1E4A1E1E1E8722000121206825
:10F6700000F0E2F990B1286AEDF7EAFD26696569C4
:10F680000021A26902A8E369ADF80860ADF80A504C
:10F69000ADF80C20ADF80E30FDF77EFC002004B074
:10F6A000BDE8F0871669E869002E00F02381EDF7C8
:10F6B000CFFD276A7B68002BF0DD0026386803F158
:10F6C000FF3E696AA36900281A46A3EB0101BB68E3
:10F6D000B8BF0130013103FB06FC6369013603EB5F
:10F6E00060009CFBFEF31844F6F724FF7B68B342EE
:10F6F000E4DCD3E71369002B00F0BE802669A26921
:10F700006B6A921BA96A2869D31A5B1A48BF013336
:10F7100006EB6306314406F1010801F1FF398F1E43
:10F72000EDF796FD31464A466069F6F703FF6169D9
:10F73000E26930460131F7F731FA6869EDF788FD83
:10F740003A464146E069F6F7F5FE6169E2694846E6
:10F750000131F7F723FAA869EDF77AFDE3696169EA
:10F760003A464046013B013100F07CF996E71369C7
:10F770001668002B00F0E080A36901366A6A7610F3
:10F780002868C2EB0308EDF763FD616908F1FF37F4
:10F79000A8F102087318C6EB070A3A46013B0AF1C2
:10F7A0000109484600F082F9E16948463A468B1B58
:10F7B000013300F07BF9524621696069F6F7BAFE21
:10F7C00052462169E069F6F7B5FEE2696169206990
:10F7D000F7F7E4F96868EDF73BFD61694846424692
:10F7E00073180131013B00F061F9E1694246484676
:10F7F0008B1B0139013300F059F9216960695246C8
:10F8000001310130F6F796FE2169E0695246013177
:10F810000138F6F78FFEE26961692069013A01312A
:10F820000130F7F7BBF9E968E3694A460191D4F87A
:10F8300010E0023B6169A868023100900EF10200FD
:10F8400000F0A2FAE868EDF703FD032E7FF726AF7C
:10F8500006F1FF380225E269781B6169921B314489
:10F860002A44491B0135013A0131F7F797F945451B
:10F87000F1D113E7002070476669E2696B6A921B59
:10F88000A96A2869D21A3344521A03F1010348BF06
:10F89000013203EB6206314406F1010801F1FF3940
:10F8A0008F1EEDF7D5FC31464A462069F7F776F909
:10F8B0002169A26930460131F6F73CFE6869EDF72F
:10F8C000C7FC3A464146A069F7F768F92169A26981
:10F8D00048460131F6F72EFEA869EDF7B9FCA2699A
:10F8E00020693B464146013A013000F0BBF8D5E6BD
:10F8F00080020020EDF7ACFC276A7B68002B7FF7C5
:10F90000CDAE386803F1FF3E6A6A63690028194684
:10F910001A44BB68B8BF0130013A03FB06FC2369F7
:10F92000013603EB60009CFBFEF31844F7F736F951
:10F930007B68B342E5DCB1E6626901366B6A76103A
:10F94000286802EB0308EDF783FC226908F1010740
:10F9500008F10208B01806EB070A394601380AF127
:10F96000FF394B4600F0A2F8A2694B463946901B7E
:10F97000013000F09BF85146E2692069F7F70EF973
:10F980005146E269A069F7F709F9A2692169013ACC
:10F99000E0690131F6F7CEFD6868EDF759FC2269A0
:10F9A0004B464146B0180132013800F07FF8A26999
:10F9B0004B464146901B013A013000F077F8E2696E
:10F9C00020695146013A0130F7F7E8F8E269A06989
:10F9D0005146013A0138F7F7E1F8A2692169E06977
:10F9E000023A02310138F6F7A5FDEA68E3694946B3
:10F9F0000192D4F810E0023BA269A868023A009094
:10FA00000EF10200FDF7F2F9A868EDF721FC032ED4
:10FA10007FF744AE06F1FF380225A2697819216903
:10FA2000921B31442A44491B0135013A0131F6F752
:10FA300081FD4545F1D131E610B582B018B90446D3
:10FA4000204602B010BD0C46EDF710FC90F83430A3
:10FA500002AA1C4042F8040D1046EDF71BFC20469C
:10FA600002B010BDF0B5104C83B02468E56C246D75
:10FA70002F18154466181C446846ADF80070ADF8A0
:10FA80000450ADF80260ADF80640F1F77FFF48B1D1
:10FA900023462A4631463846FDF794FBF2F722FD0D
:10FAA0000028F5D103B0F0BD900000202DE9F04F03
:10FAB000B34E8FB08046002034688A461746994678
:10FAC000E56C246DF1F762FF002800F0208104EB63
:10FAD000090204EB0A0305EB0801E81903939B1ADA
:10FAE000C0EB01090291079319465B42059204900D
:10FAF00049EA010813EA210338BF0B46A14F0693D8
:10FB000004E0F2F7EFFC002800F0018132680023E6
:10FB1000117E0993012900F02B81B8F1000FF0D07C
:10FB2000B9F1000F01F1FF31C0F21D814C460222F4
:10FB3000079833EA200328BF13460698844280F2D0
:10FB4000ED8043F0040322460446DBB2601000EB74
:10FB5000822292FBF4F29411C2F3830207EB440079
:10FB6000C2F11005B0F92400102D05FB00F006D0FD
:10FB7000844D05EB4404B4F9264002FB040010F167
:10FB8000080448BF00F1170458074FEA241448BF7F
:10FB9000C4F58064DA0748BFC4F500649B0748BF1A
:10FBA000C4F5805404F5006304F58064C3F30B03CB
:10FBB000B3F5006F40F3B080A3F500630122B3F505
:10FBC000806FC8BFC3F5006303F03F059B11C5F10B
:10FBD000400537F81300ADB2402D05FB00F008D00A
:10FBE000102B06D00133C5F1400537F8133005FB63
:10FBF00003002030800902B14042C4F30B0400FB33
:10FC000001F0B4F5006F40F38580A4F50064012293
:10FC1000B4F5806FC8BFC4F5006404F03F05A411BB
:10FC2000C5F1400537F81430ADB2402D05FB03F3A4
:10FC300008D0102C06D00134C5F1400537F8144027
:10FC400005FB043320339B0902B15B42002803FB10
:10FC500001F17BDB00F5007000294FEAA0207DDB7D
:10FC600001F50071891200285ADD451C00294FEA70
:10FC700060004FEA65055FDD4C1C49106410BDF85B
:10FC800008A0ADB280B2BDF810B00AEB050E89B283
:10FC9000BDF80CC0C0EB0A0AA4B2ADF828E0BDF86C
:10FCA00014E00023C0EB0B005D44ADF82CA00CEB7E
:10FCB000040BC1EB0E0AC1EB0C0CA6441A46ADF8BE
:10FCC000300004210AA8ADF82AB0ADF82EC0ADF876
:10FCD0003450ADF832A0ADF836E0FCF7D7F9336810
:10FCE0005B7E002B7FF40DAF03990298FFF720FC99
:10FCF000234B1B685B7E002B7FF403AF05990498B0
:10FD0000FFF716FCF2F7EEFB00287FF4FFAE0FB012
:10FD1000BDE8F08F00227BE7002250E7024615E79E
:10FD20000546B8BF451C431E4FEA650548BF03465C
:10FD300000294FEA63009FDC0C46B8BF4C1C4B1EE9
:10FD40004FEA640448BF0B46591098E7C0F50070AD
:10FD500000294FEAA020C0F1000081DAC1F500714E
:10FD6000891249427FE7C9F1000403220123DFE63B
:10FD700009A803A90EC900900298FFF7D5F9C0E6BB
:10FD800090000020F46802082DE9F04F654C91B016
:10FD90002468E56C246D2818AA186118E318064633
:10FDA00002900EA80192079114460893ADF83860AE
:10FDB000ADF83C20ADF83A10ADF83E30F1F7E6FD75
:10FDC000002800F09580C6EB040B1A999DF8682076
:10FDD000C1F30724BBF1000F1B995B46B8BF0BF1C1
:10FDE00001030BFB02FEC1F307271A995B109DF874
:10FDF0006CC0C1F307401B9903EB0E05C1F3074626
:10FE00001A990A95090E0BFB04353C1B0B950394BC
:10FE10000BFB0034301A0BFB01335E460C940D9340
:10FE20001B9B0490C1EB13630593C2EB0C03069379
:10FE3000FDF7C0F91A9B1B9A0990934268D0002ED7
:10FE400052D0029D019A95425ADC0AAF86464FF085
:10FE5000010B97E8800706E00BF1010B0135019BD0
:10FE6000A646AB422FDB70469AFBF6F499FBF6F1FF
:10FE700097FBF6F398FBF6FC2206059C43EA0C235D
:10FE8000A24442EA0144049A1C43029B9144069A0C
:10FE9000AB421744039A9044E0DA7445DCD0EDF7A6
:10FEA0009BFFBBF1010FCBEB0500089B05F1FF3277
:10FEB000079920D0FDF786F90135019B4FF0010B22
:10FEC000A646AB42CFDA2046EDF786FFBBF1010F25
:10FED00018D0019A089BCBEB020007990130FDF77F
:10FEE00071F90998EDF778FFF2F7FCFA00289FD135
:10FEF00011B0BDE8F08F1A46681EF6F707FFADE7B0
:10FF0000EDF76AFF089A07990198F6F7FFFEE8E710
:10FF10001846EDF761FF089B019A07990298FDF7D3
:10FF200051F9DEE7900000202DE9F04F00248FB05A
:10FF3000054680680F4691469B46099408940A94AA
:10FF40000B940C940D94189CEDF790F903460BA8B4
:10FF50002D681A1DB3F90880B3F904A01146059362
:10FF600008925E69ADF82C70ADF82E90ADF830B007
:10FF7000ADF83240F0F7C8FC002800F0C28002273C
:10FF80004FF003090D9B089CBDF92C10BDF92EE024
:10FF9000BDF930C0BDF93200002B51D1B4F90230A7
:10FFA00098423DDBB4F90020944539DBB4F906B042
:10FFB000DE4535DCB4F904B0594531DC9E457EDBC5
:10FFC000012391420D9346DB0D97B4F904309C4513
:10FFD0001EDDADF828C0A188013109B2ADF82410AA
:10FFE000B4F902309E451A465FDAADF82630B4F90E
:10FFF000063098429E4655DDADF82A306346CDF86E
:020000040802F0
:100000003490EC682846CDF800E02469A047B9E7B1
:10001000CDF83490B4F90630984263DC04230D9394
:10002000206806AB616803C306A80BA9F0F76CFC57
:10003000002874D105A8EDF72DF90FB0BDE8F08FB9
:10004000012B04D0022BC0D0032BE9D1E2E7B4F995
:1000500000209142B8DAADF824102388013B1BB28E
:10006000ADF82830B4F902C0E645624610DAADF8C2
:1000700026C0B4F90640A042A64603DDADF82A40EA
:100080000D97BEE7044686460D97ADF82A40B8E7BF
:10009000F4467246ADF826C0B4F90640A042A64622
:1000A000ECDCEFE786460346A6E773467246ADF8FA
:1000B0002630B4F9063098429E469DDCF2E7ADF852
:1000C00026E07246B4F802E001206346ADF8241041
:1000D0000EF1FF3EADF828C00D900FFA8EFEADF880
:1000E0002AE08EE75A1C0424ADF82A00864612B294
:1000F000ADF82410ADF828C06346ADF826200D9465
:100100007FE7EE685B464A463946009428463469E4
:10011000A04705A8EDF7BEF80FB0BDE8F08FDFF8F7
:100120008CB10BA906A8CAEB0808EDF7CDF8DBF8EF
:100130000020059B08F10108D16BDA680F68002ADE
:100140004AD0BDF91A90BDF91E2091453FF772AF14
:10015000BDF91C30BDF918409C4212DD32E0059B10
:10016000B3F90610B3F90420C1EB0901A21A013456
:1001700008FB012203EB82031F62BDF91C30A3427E
:100180001EDB059B3046B3F90620B3F90410C2EB21
:100190000902611AF9F776FE0028E0D1DBF80000C9
:1001A0002146EB684A46D0F83CE02846D3F818A030
:1001B0000134DEF80030D047BDF91C30A342E0DA4C
:1001C000BDF91E2009F101094A45C3DA05A8EDF77A
:1001D00061F80FB0BDE8F08F1B683846324A9B6962
:1001E00052F823301B695B689847BDF91A90BDF936
:1001F0001E20039091453FF71DAFBDF91C30DFF87D
:10020000B0A0BDF91840A3422BDA47E0059BFF22BE
:100210000399B3F906E09345B3F904C0CEEB090E98
:10022000CCEB040C08FB0ECE03EB8E031F6213D045
:10023000DAF800309847059B1B4A1B689B6952F807
:1002400023301B691B689847E96803464A46D1F882
:1002500018B028462146D8470134BDF91C30A342C6
:100260001ADB059B3046B3F90620B3F90410C2EB44
:100270000902611AF9F706FE5FEA106BC6D1E86859
:100280003B4621464A46D0F818B02846D8470134A4
:10029000BDF91C30A342E4DABDF91E2009F10109C1
:1002A0004A45AEDAC6E600BF849E002090000020DA
:1002B000EC02002000000001010101020202020321
:1002C00003030304040404050505050606060607E2
:1002D00007070708080808090909090A0A0A0A0B92
:1002E0000B0B0B0C0C0C0C0D0D0D0D0E0E0E0E0F42
:1002F0000F0F0F10101010111111111212121213F2
:1003000013131314141414151515151516161616A3
:100310001717171718181818191919191A1A1A1A55
:100320001B1B1B1B1C1C1C1C1D1D1D1D1E1E1E1E05
:100330001F1F1F1F202020202121212122222222B5
:100340002323232324242424252525252626262665
:100350002727272728282828292929292A2A2A2A15
:100360002A2B2B2B2B2C2C2C2C2D2D2D2D2E2E2EC9
:100370002E2F2F2F2F303030303131313132323279
:100380003233333333343434343535353536363629
:10039000363737373738383838393939393A3A3AD9
:1003A0003A3B3B3B3B3C3C3C3C3D3D3D3D3E3E3E89
:1003B0003E3F3F3F0000000000010101010101013B
:1003C0000102020202020202020303030303030307
:1003D00003040404040404040405050505050505D7
:1003E00005050606060606060606070707070707A9
:1003F0000707080808080808080809090909090979
:100400000909090A0A0A0A0A0A0A0A0B0B0B0B0B4A
:100410000B0B0B0C0C0C0C0C0C0C0C0D0D0D0D0D1A
:100420000D0D0D0D0E0E0E0E0E0E0E0E0F0F0F0FEC
:100430000F0F0F0F101010101010101011111111BC
:10044000111111111212121212121212121313138D
:10045000131313131314141414141414141515155E
:10046000151515151516161616161616161617172F
:100470001717171717171818181818181818191900
:100480001919191919191A1A1A1A1A1A1A1A1B1BD0
:100490001B1B1B1B1B1B1B1C1C1C1C1C1C1C1C1DA2
:1004A0001D1D1D1D1D1D1D1E1E1E1E1E1E1E1E1F72
:1004B0001F1F1F1F000000000000000000010101BD
:1004C000010101010101010101010101010102021A
:1004D00002020202020202020202020202020203FB
:1004E00003030303030303030303030303030303DC
:1004F00004040404040404040404040404040404BC
:10050000040505050505050505050505050505059C
:10051000050506060606060606060606060606067D
:10052000060606070707070707070707070707075E
:10053000070707070808080808080808080808083F
:100540000808080808090909090909090909090920
:100550000909090909090A0A0A0A0A0A0A0A0A0A01
:100560000A0A0A0A0A0A0A0B0B0B0B0B0B0B0B0BE2
:100570000B0B0B0B0B0B0B0B0C0C0C0C0C0C0C0CC3
:100580000C0C0C0C0C0C0C0C0C0D0D0D0D0D0D0DA4
:100590000D0D0D0D0D0D0D0D0D0D0E0E0E0E0E0E85
:1005A0000E0E0E0E0E0E0E0E0E0E0E0F0F0F0F0F66
:1005B0000F0F0F0F0004080C1014181C2024282DF6
:1005C0003135393D4145494D5155595D6165696D3B
:1005D0007175797D82868A8E92969A9EA2A6AAAE1F
:1005E000B2B6BABEC2C6CACED2D7DBDFE3E7EBEF04
:1005F000F3F7FBFF000810192129313A424A525BF8
:10060000636B737B848C949CA5ADB5BDC5CED6DEE3
:10061000E6EFF7FF00112233445566778899AABBAD
:10062000CCDDEEFF2DE9F04F00248DB0064680684A
:100630000D469046994607940694089409940A94A6
:100640000B94ECF713FE034634682AB209A8B3F9F9
:1006500008101E1D03938B4606963146B3F90460BD
:100660005F690196ADF82420ADF82820ADF826800A
:10067000ADF82A90F0F748F9002800F0C3804FF059
:1006800002084FF003090B9A069BBDF92460BDF9DF
:1006900026C0BDF928E0BDF92A00002A4FD1B3F9E0
:1006A000022090423BDBB3F900108E4537DBB3F9F3
:1006B00006A0D44533DCB3F904A056452FDC94459D
:1006C0007FDB01228E420B9244DBCDF82C80B3F904
:1006D000042096451BDDADF820E09988013109B270
:1006E000ADF81C10B3F90260B44532465FDAADF8DC
:1006F0001E60B3F90660B042334655DDADF82260A6
:10070000CDF82C90E068C6682046B047BBE7CDF82E
:100710002C90B3F90620904263DC04220B921868F7
:1007200004AA596803C204A809A9F0F7EDF8002843
:1007300075D103A8ECF7AEFD0DB0BDE8F08F012A2E
:1007400004D0022AC3D0032AE9D1E2E7B3F90010AA
:100750008E42BADAADF81C601A88013AADF8202052
:10076000B3F902108C450A4614DAADF81E10B3F93D
:10077000061088420B4605DDADF822103146CDF853
:100780002C80BFE701460346CDF82C80ADF822103F
:100790003146B7E761466246ADF81E10B3F9061060
:1007A00088420B46E8DCEDE703460646A6E76646C8
:1007B0006246ADF81E60B3F90660B04233469DDC78
:1007C000F2E7ADF81EC001205B8862463146ADF805
:1007D0001C60013BADF820E00B901BB2ADF822305D
:1007E00090E701324FF0040CADF82200034612B23C
:1007F000ADF81C60ADF820E03146ADF81E20CDF814
:100800002CC07FE7E06829464B464246C568204633
:10081000A84703A8ECF73EFD0DB0BDE8F08F5B469E
:10082000019A09A904A89E1AECF74EFD474A039BBA
:1008300006F101091168DA68C96B0E6882B3BDF967
:100840001280BDF91620904515DD72E7039BB3F9C0
:100850000620B3F90400C2EB08012A1A09FB0122A1
:1008600003EB82031E6208F10108BDF9163043450F
:10087000FFF65FAF039BB3F906203846B3F90410C7
:10088000C2EB0802691AF9F7FDFA0028DED1E06828
:10089000334642462946D0F818A02046D047E2E722
:1008A0001B6830462A4A9B6952F823301B695B68F3
:1008B0009847BDF91280BDF91630824698452DDD66
:1008C00037E7039BFF225146B3F906B09445B3F9CD
:1008D00004E0CBEB080BCEEB050E09FB0BEE03EBB4
:1008E0008E031E6213D01B4B1B689847039B184A4C
:1008F0001B689B6952F823301B691B689847E168A5
:1009000003464246D1F818B020462946D84708F198
:100910000108BDF916304345FFF60BAF039B38467F
:10092000B3F90620B3F90410C2EB0802691AF9F70B
:10093000A9FA5FEA106CC4D1E06833464246294602
:10094000D0F818B02046D847E1E700BF900000205B
:10095000849E0020EC0200202DE9F04F00248DB091
:10096000804680680E461F461546079406940894F4
:1009700009940A940B94ECF779FC03462AB209A86F
:10098000D8F80040B3F9081003F1040EB3F904904D
:10099000019171460393CDF818E0D3F81480ADF8B7
:1009A0002620ADF82A20ADF82460ADF82870EFF7C6
:1009B000ABFF002800F0A48002274FF0030A0B9B36
:1009C000069EBDF92410BDF926C0BDF928E0BDF989
:1009D0002A00002B4FD1B6F9023098423BDBB6F922
:1009E0000020964537DBB6F906B0DC4533DCB6F9B6
:1009F00004B059452FDC9C4565DB012391420B93E4
:100A000044DB0B97B6F904309E451CDDADF820E0C1
:100A1000B188013109B2ADF81C10B6F902309C451D
:100A20001A464DDAADF81E307346B6F90660CDF8B9
:100A30002CA0B042A8BF3046ADF82200E06886681E
:100A40002046B047BBE7CDF82CA0B6F90630984257
:100A500048DC04230B93306804AB716803C304A81B
:100A600009A9EFF751FF002857D103A8ECF712FCB2
:100A70000DB0BDE8F08F012B04D0022BC2D0032BA8
:100A8000E9D1E2E7B6F900209142BADAADF81C10DC
:100A90003388013B1BB2ADF82030B6F902E0F445D3
:100AA00072460ADAADF81EE0B6F906600B97B0425E
:100AB000A8BF3046ADF82200C0E76246E646F1E73F
:100AC00062466346AEE7ADF81EC0624670880126F6
:100AD0007346ADF81C100138ADF820E00B96ADF868
:100AE0002200ABE75A1C0426ADF82200734612B26E
:100AF000ADF81C10ADF820E0ADF81E200B969DE778
:100B0000E0682A463B46314685682046A84703A848
:100B1000ECF7C0FB0DB0BDE8F08F019B09A904A85C
:100B2000C9EB0307ECF7D0FB039B0137DA68002A17
:100B30003AD0BDF91060BDF91420964295DCDFF87B
:100B4000209118E0039BBDF91210B3F90600B3F928
:100B50000420091AD9F80000B21AC06B07FB012261
:100B6000016803EB820319620136BDF91430B34208
:100B7000FFF67BAF039BB3F906204046B3F90410A0
:100B8000AA1A711AF9F77EF90028DBD1D9F800000A
:100B90002A46E3683146D0F83CE02046D3F818A056
:100BA000DEF80030D047DFE71B682D4A9B691268EA
:100BB0002C49D26B51F82330D2F800901B6948467B
:100BC0005B689847BDF91060BDF9143082469E42BB
:100BD0003FF74BAF4B46B9461F462BE0039BFF2226
:100BE0005146B3F906B09445B3F904E0CBEB050BDD
:100BF000CEEB060E09FB0BEE03EB8E031F6213D048
:100C0000194B1B689847039B164A1B689B6952F84F
:100C100023301B691B689847E16803462A46D1F8D0
:100C200018B020463146D8470136BDF91430B342DA
:100C3000FFF61BAF039B4046B3F90620B3F904103F
:100C4000AA1A711AF9F71EF95FEA106CC6D1E068AA
:100C50003B462A463146D0F818B02046D847E3E74D
:100C600090000020849E0020EC0200204368023B9C
:100C70002DE9F047044686B0102B4BD8DFE813F07F
:100C8000A5004A004A00160111004A004A004A0025
:100C90004A004A00E5004A004A004A004A004A0069
:100CA0004E000068ECF7E2FA06ABC56C43F80C0D99
:100CB0001846ECF7EFFA2846A168EDF7D3FB034698
:100CC000049038B3866804A8B3F904501F68ECF7A1
:100CD000E1FA304600F040F98046304600F050F925
:100CE00005F00303012B00F02081022B00F0178197
:100CF000002205F00C05042D00F022810C2D636903
:100D000000F01681002025690344216830462A44FA
:100D100000F04AF9002006B0BDE8F0870068ECF763
:100D2000A5FA034606A8DD6CDA6A40F8103DD2F851
:100D30000090DF6B5E6BD3F86080ECF7ABFA28466F
:100D4000A168EDF78FFB054603900028E2D003A8C9
:100D5000B5F904A0ECF79EFA236904A9B4F814E0ED
:100D6000ADF810304A46A3690846ADF812E00C35DC
:100D7000ADF81430A38BADF81630F5F761FFA3681A
:100D8000984510D16169E369714A5B1ABDF8141086
:100D9000043B013982FB0302A2EBE373013BA1EBAD
:100DA0004303ADF814303846ECF752FA0220F5F759
:100DB00037FB3046EFF764FA2846524604A9FCF7A1
:100DC00043F9002006B0BDE8F0870068ECF74EFA62
:100DD00006AB476E43F8080D1846ECF75BFAE2697C
:100DE00063695B4DD31AA2695A49043BA2F1040816
:100DF000886985FB0325A5EBE375ECF729FA781CD8
:100E0000013DA7EB8702E16987186B106669002D29
:100E100007FB03F3C5EB0802A1EB0606C3EB66066E
:100E2000FFF678AF541B454602F101082146013414
:100E30002A463046F5F77EFBA04505F1FF353E44D6
:100E4000F4D1002006B0BDE8F087424E4369C56981
:100E500030681D44ECF7FCF9A26921696D10E06966
:100E6000F5F768FB7068ECF7F3F9E26961692069EE
:100E7000013AF5F793FEF068B7686B1EA2696169E5
:100E80000190206900970130FBF7B0FF7769E369B3
:100E9000294620693669013BA26901308DE8C0000E
:100EA000FBF7A4FF002006B0BDE8F087294E436998
:100EB000C56930681D44ECF7CBF9E26961696D10D2
:100EC000A069013AF5F76AFEA2692169E069F5F7C0
:100ED00031FB7068ECF7BCF9E26961692069013A9D
:100EE000F5F75CFEF068B7686B1EA2696169019056
:100EF000013A206900970130FBF778FF7769E369D1
:100F00002946A2692069013B3669013A01970130FF
:100F10000096FBF76BFF002006B0BDE8F087B7EB4B
:100F2000080248BF01325210E3E6C8EB0702E0E6D0
:100F3000E569ED1A691C081A48BF01304010E2E665
:100F40006169E5690B466D1A0135281ADBE600BFB9
:100F5000565555553C03002000B9704730B583B055
:100F60000446ECF783F9026802AB556843F8040DB8
:100F70001846ECF78FF92046A84703B030BD00BFF4
:100F800000B9704730B583B00446ECF76FF90268DA
:100F900002AB956843F8040D1846ECF77BF9204640
:100FA000A84703B030BD00BF00B970472DE9F0413C
:100FB00082B01E4615460C460746ECF757F902ABC1
:100FC000026843F8040D1846D2F80080ECF762F985
:100FD00033462A4621463846C04702B0BDE8F08174
:100FE0002DE9F04F9E4C93B02568EC6C2D6D2018C8
:100FF000A218EB186C180646099010A80A920B93D9
:10100000ADF84060ADF84420ADF84240ADF8463050
:10101000F0F7BCFC00287FD01C991C9B02391C9A5D
:10102000013B04911C9902FB02F20293033903FB7A
:1010300003F303920F911C990893D31A61180D932F
:101040000C91A11C0E911C9B002B61DD1D98ECF7EF
:10105000FFF8029B002B62D01D460C9B1C991A4680
:101060000B9B0D98C5EB02081C9A9B1A1A46069317
:10107000099B03EB010B2B4613441C46059300F020
:10108000F1F80E9B1C9A0646C8EB0303A14600200C
:1010900007930A9BC2EB030AC0EB0B035044C6EB59
:1010A0000B075644013B441C414638461A460193FF
:1010B000FCF758F8414620463246FCF753F8019BAE
:1010C000494638461A46FCF74DF83246204649460E
:1010D000FCF748F8049A069B013D1344079A05FB68
:1010E00005F49044059AA3EB020318D09944039B9E
:1010F000181B00F0B7F8029B06460020AB42CBDD80
:10110000089B181B00F0AEF8C6E71C9B022B5AD1B7
:10111000F1F7E8F9002896D113B0BDE8F08F1C9BD9
:10112000012BF5D01E98ECF793F8049B002BECD024
:101130001D461C9B1C9AC3F102080B9B9B1A05932E
:10114000099B03EB020B0A9BC2EB030A0C9B98441E
:1011500023E02046C4EB0B075444C0EB0B0300EB29
:101160000A06013F0134184641463A460193FBF70F
:10117000F9FF414632462046FBF7F4FF019B3A4611
:101180004946184608F10108FBF7ECFF324649468C
:101190002046FBF7E7FF013DB7D0059B05FB05F6B1
:1011A000002405EB0309039B981B00F05BF8029BEE
:1011B000AB42CEDD089B981B00F054F8049BAB4279
:1011C000C8DD441EC6E71F98ECF742F80F9B002BC2
:1011D0009ED01C991C46099AC1F103061C9802EB8B
:1011E000010B0A9A521A0B990BF1FF390592091A51
:1011F00002F101080C9A019116441DE00025059B9F
:10120000C5EB0B0A31464A461D445046FBF7AAFF80
:1012100031462A464046FBF7A5FF4A463946504626
:10122000FBF7A0FF2A4639464046FBF79BFF013CEF
:1012300006F101063FF46CAF019B04FB04F51F1996
:10124000039B581B00F00EF8029BA342D6DD089BBF
:10125000581B00F007F8049B451EA342CEDDCEE7E5
:1012600090000020B0F1804F2BBF4FF000430023CF
:101270004FF0804200225B08801A03F1805203F194
:10128000005190422CBF0B4600225B08821A03F1EA
:10129000806103F100608A422CBF034600215B0895
:1012A000501A03F1807203F1007190422CBF0B467B
:1012B00000225B08811A03F5800203F500009142C9
:1012C0002CBF034600225B088A1A03F5801103F540
:1012D00000108A422CBF034600215B08501A03F518
:1012E000802203F5002190422CBF0B4600225B08B0
:1012F000811A03F5803203F5003091422CBF03467A
:1013000000225B088A1A03F5804103F500408A42F7
:101310002CBF034600215B08501A03F5805203F5E9
:10132000005190422CBF0B4600225B08811A03F546
:10133000806203F5006091422CBF034600225B08E7
:101340008A1A03F5807103F500708A422CBF0346A8
:1013500000215B08501A03F1400203F18001904222
:101360002CBF0B4600225B08811A03F1100203F127
:10137000200091422CBF034600225B088A1A191DE7
:1013800003F108008A422CBF034600215B08521A71
:10139000581C991C904294BF084618464008704754
:1013A0002DE9F04F8FB000241F46934605909348D7
:1013B000199B006907911C60002800F0F1808F4B99
:1013C000DC681D462CB98E4B1C68EC60002C00F0CC
:1013D000F1808A4B894D1B680293002B00F0FD8041
:1013E000864B864D5B680393002B00F0E880A74294
:1013F000844B854A4FF00006A8BF27461968059B15
:101400003446487CBA463B4452F820200C93013BBA
:101410000892099313690D93F1F77AFB794B0490C5
:101420001B68587CF1F77EFB784B794A0B90904211
:1014300018BF984214BF012300230A935F46189BEC
:1014400057F8040B984781464FEA1068B8F1FF0F30
:1014500047D0002C2BD16B4B059A1B689519B3F91B
:101460000830AB4259DD5A1B1D46144606920298BD
:101470003444089B079900EB8404019328460B46EB
:10148000099A009400F0CAF8049B172B7EDD0A9B92
:10149000002B44D00C9B06965D1B2E460B9D2068AE
:1014A000A847013E44F8040BF9D1069E0124534B92
:1014B000DD69002D38D15FFA88F2B8F1000F1AD13A
:1014C000029B039A53F8263042F82630BAF1010AFB
:1014D00006F10106BB46B1D1039C20460FB0BDE822
:1014E000F08F199B039A1B6842F8260043F0010312
:1014F000199A1360EAE7029949F07F40454B51F889
:1015000026101B689847199B039A1B6842F826000F
:1015100043F00103199A1360D8E70694A7E7374B05
:101520000124DD69002DC6D0B600029A5346584604
:10153000324457461446039A164421463246A84779
:10154000ABF1040208E02368013F04F1040406F152
:10155000040646F8043C0ED052F8043F13F07F4FC7
:10156000F1D021680436043411F07F4F08BF46F8EB
:10157000043C013FF0D1199B039C1B68199A20463B
:1015800043F0010313600FB0BDE8F08F1A46069BCD
:1015900020460124C3EB0A010D9B00F06FF886E79B
:1015A0001D4A0123154840F8142F144A1361EBF724
:1015B000EBFD04E700F026F90446E86009E7E86877
:1015C0008000EAF749FD0390686000287FF40FAFC0
:1015D000002420460FB0BDE8F08FA000EAF73CFDE4
:1015E000286008B10290FBE66C68002CF0D1E86836
:1015F0008000EAF731FD68606FE700BF4C9D002076
:10160000249F002090000020849E00207176020814
:1016100005780208EC02002099710208F0B5164C1A
:10162000059F2568069CB5F908E0B5F90C60704582
:10163000B8BF7046B242A8BF324690421ADCB5F934
:101640000A60B5F90E50B142B8BF3146AB42A8BFEF
:101650002B468B4203DAF0BD25682DB12C46E56898
:101660002D6835F00405F7D106940597BDE8F040E4
:1016700000F0E2B8F0BD00BF9000002000292ADD94
:10168000082A2DE9F04704465D6803DD102A0CDDC9
:10169000BDE8F087531E072B05D8DFE803F02A5179
:1016A000047B0404041DBDE8F0875E6936B10A4678
:1016B000B44621460223BDE8F047604749000C4488
:1016C0006618671A34F8020DA84746F8040DBC42A4
:1016D000F8D1BDE8F0877047661804EB8104771AEB
:1016E00016F8010DA84744F8040DBE42F8D1BDE834
:1016F000F0874F1E80266FF0404AFB1007F0070866
:101700008A4446FA08F6591E14F8039004EB8A0A34
:10171000F6B20C4406EA0900C8F107037600184146
:10172000A8474AF80409B8F1000F5FD194F8009077
:101730000126013C4FF00708002FB4D0013FE9E734
:101740004F1EC0266FF0404A07F00309BB108A44C1
:101750004FEA4900591E14F8038004EB8A0A064137
:101760000C44F6B206EA0803C0F10600B60043FADC
:1017700000F0A8474AF80409B9F1000F3ED103264A
:1017800094F80080013CB146002F8CD0013F4FEA15
:101790004900E7E74F1EF0266FF0404A07F00109C5
:1017A0007B108A444FEA8900591E14F8038004EB29
:1017B0008A0A06410C44F6B206EA0803C0F10400A6
:1017C000360143FA00F0A8474AF80409B9F1000FBE
:1017D00010D194F800800F26013C4FF00109002F32
:1017E0003FF461AF013F4FEA8900E5E708F1FF38B8
:1017F000F6B2A1E7F6B24FF00009F0E709F1FF39C0
:10180000F6B2C1E738B5012500242846EAF740FDC5
:10181000032178B1C3689B6A98478442B8BF0446E5
:101820000DB9204638BD00252846EAF731FD0321D1
:101830000028EFD1F1E700BF2DE9F04F85B0174642
:101840009A4681460F9C0E46E2680E9C536AD2F877
:1018500014807BB101210FA89847054650B10F981D
:101860003B4601943246CDF800A04946A84705B052
:10187000BDE8F08F774B1B68587CF1F749F90828D1
:1018800030DC01235645F2DC022B0AD0042B1BD09E
:10189000012B2CD00136B245F6DAE8E70136564581
:1018A000E5DCB945FADC4D462946013532460F984C
:1018B000C047AF4224F8020BF6DA0136B245F0DA3F
:1018C000D5E70136B245D2DBB94500F3BA804D46C3
:1018D0002946013532460F98C047AF4244F8040B01
:1018E000F6DAEEE71128B4BF02230423CAE7431E49
:1018F0000025CDF808A00393039B072B00F29B80E3
:10190000DFE803F0446D181804040404B94538DC1A
:101910004346CB46A8461D4659460BF1010B3246BD
:101920000F98A8475F4504F8010BF5DA2B464546AA
:10193000984626E0B94524DC0E94CA4644464FF04A
:101940000F0BDDF83880514632460F980AF1010A34
:10195000A04798F80010AB005745C3F104020BFAFA
:1019600003F300FA02F003EA010343EA000388F8F4
:101970000030A84485F00105E5DACDF83880A046AE
:101980000E9C0136029BB342B6DA70E7A34644468A
:10199000DDF80880B94559DCCA46514632460F98F1
:1019A0000AF1010AA0474FF67F729BF800E0C5F1EB
:1019B000070342FA05F16A1C984057450EEA0101F7
:1019C00022F0070540EA010042FA05F58BF8000015
:1019D0000BEBE20BE1DA0136B045DBDA47E70E94B8
:1019E0004FF63F7B4446DDF83880B945C5DCCA4632
:1019F000514632460F980AF1010AA0476A1C6D0051
:101A000098F800105745C5F106034BFA05F500FAA2
:101A100003F005EA010522F0030340EA050042FA5B
:101A200003F588F8000008EBA208E1DA0136029B12
:101A3000B342DADA1BE70136029B9E427FF75CAFC6
:101A400015E7013656457FF73FAF10E7A0465C46E5
:101A500097E700BF900000202DE9F04F876887B01E
:101A60007E6B109C56B1994D80692D68ED6B2D6889
:101A70008DE83000B04707B0BDE8F08F9C463B6A68
:101A80000D4692495B109646A21AC5EB0C0C1846FF
:101A90000B6814460392197C6A08661C3C6800FBBC
:101AA0000E2EC9070290304604EB8E020CF10104A1
:101AB00050D515F0010712D0002E00F002810299D6
:101AC000354613468F001C68013D814981EA0401B7
:101AD00019603B44F7D107FB062704326446012C0A
:101AE00028DD002E00F0E580029B4FEA830C039B6B
:101AF0000CFB03F9CCF1000802EB09073B46374623
:101B00009E46013F754621462B680239DB43012979
:101B100045F8043BF8DCCCEB0E0E002FF1D1A31EF0
:101B200003995B0808FB0198013308EB83031A440F
:101B300004F00104012C9ED1002E9CD0029B9C003D
:101B400011684FF6FF73013883EA010313602244E2
:101B5000F6D190E7DB6B15F00105D3F800E014D067
:101B6000002E00F0AA80029B3746144699004FEAE7
:101B70000E432588013F45EA030525600C44F8D152
:101B800001FB06250432644601E04FEA0E430F2CA8
:101B9000734439DDA4F11008002E00F094800299FE
:101BA0004FEA8109039901FB09FAC9F1000B0AF117
:101BB00020071744394637468C46013F6146454663
:101BC000103D41F8203C41F81C3C01F1200141F856
:101BD000383C41F8343C41F8303C41F82C3C41F869
:101BE000283C41F8243CEBD5C9EB0C0C002FE4D188
:101BF0004FEA1811039D013105FB0BAA0AEB4111B5
:101C00000A4404F00F041546012C3FDD002E52D08B
:101C10000299A71EA4F1040BA4F1060A4FEA810C55
:101C20000399A4F10809A4F10A0801FB0CF1CCF115
:101C300000050591511804953546012F05F1FF3532
:101C40000B6013DDBBF1010F4B600FDDBAF1010F2B
:101C50008B600BDDB9F1010FCB6007DDB8F1010F2F
:101C60000B6103DD0D2C4B6100DD8B61CCEB0101C1
:101C7000002DE2D17B080499039D059F013305FBEC
:101C8000017101EB83031A4404F00104012C7FF479
:101C9000F2AE002E3FF4EFAE029B990014680138BB
:101CA0000B4B03EA04034EEA030313600A44F5D125
:101CB000E1E63A463CE72A46E6E715464FEA0E4398
:101CC00060E7174609E72A469BE700BF900000201F
:101CD0000000FFFF974A816843682DE9F041044600
:101CE00088B052F82160122B40D8DFE803F0B03FF3
:101CF0003F3F3F0A973F3F3F3F3F3F3F3F3F3F3FD1
:101D00004300F569002D40F0B580371F57F8040FE8
:101D1000EBF79EFA04F1140120690EC928445B1BFD
:101D2000521B29440135FBF71FF8022DEED16269E1
:101D30003169E3690191911CF76813442069A26934
:101D40005B1028440097521BFBF750F8E169626969
:101D5000B0698B1E1144A26901904910206976690F
:101D6000521B013128440096FBF740F8002008B0D0
:101D7000BDE8F0810068EBF779FA876E0490002FD8
:101D800000F0D080A368B0F95C80002B00F0C88020
:101D9000032B14BF0023022300EB8303406D08AC28
:101DA0001D6CEEF76DFA2846EBF752FA06A8FBF722
:101DB0000BFCB28BBDF8181006A8BDF81C301144FE
:101DC000BDF81A509A1ABDF81E30ADF81810023539
:101DD00054F8101D023BADF81C20B1F96020B1F998
:101DE0005E10ADF81E30ADF81A50EDF7E7FD204655
:101DF00008ACEBF74FFA0220F4F712FB3846EBF78A
:101E000035FA06A9424644F80C0DFBF71DF92046A9
:101E1000EBF740FA002008B0BDE8F0810068EBF76E
:101E200025FA04902068FAF7E5FEB8B9049B5D6FC7
:101E300005B9DD6E04A8EBF72DFA002328462168CA
:101E40001A46FFF7B1F8002008B0BDE8F08100683D
:101E5000FAF7DAFE002008B0BDE8F081A368002B95
:101E600064D1049A136F002B14BF6C2368231344AE
:101E70005D68DFE7B268B046C36900270392716806
:101E80008269029158F804090095616901902069FE
:101E9000FFF7A6F858F8040FEBF7DAF9F369A2692F
:101EA00021696069D21A19443844F4F743FBF36995
:101EB000A2692169E069D21A1944C01BF4F73AFB00
:101EC000F369E26961692069D21A19443844F4F768
:101ED00065FEA069F369E269C01B61690137D21A26
:101EE0001944F4F75BFE022FD4D1B068EBF7B0F9D8
:101EF000F16922696569901CE3690A445B1A294407
:101F0000013AFDF7AFFDF169A0696569E369821ED9
:101F1000401A5B1A29440130FDF7A4FDF56906E774
:101F2000012339E704A8EBF7B5F91FE7049BDD6E41
:101F300080E700BFDC7402082DE9F04F97B0074638
:101F4000EBF794F9034603A8B3F832B01A6DCBF35C
:101F50000025B3F96010D3F85880CBF3C004039385
:101F60000BF0010B0B959E6C5D6DDB6D099208917A
:101F700001930C94EBF78EF9384604A9EEF788F834
:101F8000A845DDF8309014BFC8EB050E4FF0010EE8
:101F9000B9F1000F00F0B980BDF91600BDF91220AB
:101FA000089B0999C2EB000A6FEA030CBDF91450B3
:101FB0000029BDF91010D444CDF828C016DADFF896
:101FC000ACA14FEAEC748AFB0CAC0EF1010AC4EB35
:101FD0006C0CE24540F3C4804FF00B0CCDF824C0EC
:101FE000B9F1000F00F0BF80C2EB000A0AF1FF3A1E
:101FF000019C01320131C8EB0404C3EB0A0A04FB63
:102000000AF494FBFEFE0EEB02042344013805F1B2
:10201000FF3E0D975D1E08AF0F231490ADF81E0014
:1020200006A81292ADF81A200E93CDF84CE0ADF848
:102030001CE01191ADF818101597FBF725F90DA8C4
:10204000B0470020FBF720F913220C9B0E92002BC7
:102050007FD02B462146119F139A1294149506A8FF
:10206000ADF81A10ADF81C201424ADF81E30ADF8F0
:102070001870FBF709F90DA8B0470020FBF704F929
:10208000BDF91200BDF91610BDF910200130BDF9DF
:102090001430013901321290013BADF81A0006A844
:1020A0001491ADF81E101192ADF818201393ADF8ED
:1020B0001C300E94FBF7E8F80DA8B0470020FBF7A2
:1020C000E3F8BBF1000F1DD0BDF916100A25BDF9CC
:1020D000102006A8BDF91430BDF912401491ADF8D6
:1020E0001E101192ADF818201393ADF81C300E9508
:1020F0001294ADF81A40FBF7C7F80DA8B0470020BE
:10210000FBF7C2F817B0BDE8F08FBDF91450BDF968
:102110001010089B099AC1EB050A6FEA030CBDF980
:102120001600002ABDF91220D444CDF828C0FFF6CD
:1021300046AF0AF1FF3A019C01310132C8EB0404B9
:10214000C3EB0A0A04FB0AF494FBFEFE0EEB010447
:102150005BE727462A4612991194149B13957EE754
:10216000CDF824A03CE7C1EB050AE2E767666666A6
:102170002DE9F04F89B004460068EBF777F8814607
:1021800008A840F80C9DEBF785F8D4F82080B4F946
:102190001060D8F80030B4F91470B4F91850B4F9DC
:1021A0001CA0ADF81860ADF81A70ADF81C50ADF871
:1021B0001EA0002B31D1684BDFF8B8B1674A6168C7
:1021C0000839112925D8DFE801F03D7F24246D244A
:1021D00024246D6D2409242424242434604C06A86E
:1021E000D8F80450A4F12C010393032D08BF0C462A
:1021F00021469047D8F80020039B002A00F09780E2
:10220000BDF91E20BDF91A10521A01320E2A00F330
:102210009E80002009B0BDE8F08F06AA514B4846C9
:10222000DFF854B11146039300F0A8F84E4A039B1F
:10223000C5E7D8F80030002B74D0A3692069181ABC
:102240000130E7E7464906A8D8F80430A1F12C0B85
:10225000022B18BF8B4659469047D8F80030002B08
:102260006CD0AD1BC7EB0A07013501372C1F3F4B64
:10227000DBF8240083FB0423A3EBE474EAF7E8FF14
:102280004FF0FF3E291B48467A102346A5EB61011B
:10229000CDF800E07144314400F086F8002009B028
:1022A000BDE8F08F324ABDF91800D56C946CBDF9C9
:1022B0001E30BDF91C20BDF91A108DE83000D8473A
:1022C000002009B0BDE8F08F254906A8D8F80430F1
:1022D000A1F12C0B012B18BF8B4659469047D8F81B
:1022E000003083B3AE1BC7EB0A070136341F1F4B08
:1022F000DBF8240083FB0423A3EBE474EAF7A8FFD4
:102300000121C4EB060E484647FA01F20091A6EB04
:102310006E062346711E691A00F046F8002009B0C7
:10232000BDE8F08FE3696069181A013072E7BDF902
:102330001C20BDF91810521A013267E7C7EB0A07D3
:102340007D1C2F4692E7C7EB0A077E1CCEE706A846
:102350002146984700205DE7516502089164020814
:10236000CC030020B1650208F164020856555555AA
:10237000A0030020EDCD010889FD0108B0F904306B
:10238000B0F90000181A70B483B25588D488B2F935
:102390000060B2F904001A1B5B1B4E80C8800A80E3
:1023A0008B8070BC704700BF408E2DE9F0410D4618
:1023B0000107DDF8188011D4002B21DBD61A9C18F8
:1023C000571C3146013622462846F4F7E7FBB74250
:1023D00004F1FF344544F4D1BDE8F081002BFBDB70
:1023E000D61A9C18571C3146013622462846F4F767
:1023F000A1F8BE4204F1FF344544F4D1BDE8F081B8
:10240000BDE8F0812DE9F04F446883B005460146F0
:102410002046F3F723FFB0B12B68102B00F0828029
:1024200014DC0B2B36D00F2B76D12046EAF71EFF9B
:10243000034602A840F8043D9B6C1D68EAF72AFF9A
:102440000DB12046A84703B0BDE8F08F112B46D050
:10245000B3F5107F60D12046EAF708FF02AB866D26
:1024600043F8040D1846EAF715FFED68002D74D007
:10247000296820462B7A31446A68FBF7F7F82B7AF3
:10248000002B14BF012102212046ECF721FB03B0F1
:10249000BDE8F08F2046EAF7E9FE02ABC76C43F8CF
:1024A000080D1846EAF7F6FE3846EBF769FFB0F17B
:1024B000000824DD002401AE04E03046EAF7EAFE1D
:1024C000A0451CD021463846EBF7CCFF8368013489
:1024D0000190002BF1D01846EDF7C0FDEDE7204646
:1024E000EAF7C4FEEB68009007461A89B2F5807FD0
:1024F00035D06846EAF7CEFE03B0BDE8F08F3C4C1D
:102500003846F3F7E7FF236833B13A4E3068FBF7FC
:102510003DFBE8B9002323602846EAF78FFD03B0AE
:10252000BDE8F08F2046EAF7A1FE02AB866D43F8C6
:10253000040D1846EAF7AEFEEB68002B83D019684D
:1025400020465A684FF0FF333144FBF78FF87AE7A3
:1025500031682068FBF73CFBDCE7032194E71A684D
:1025600020465D68BB6D02EB0309FBF7F9FAEB430C
:10257000002C4FEAD37308BF0023A3B3A84232DD77
:10258000F86CEBF7FDFEBC6E824604B1BC6DBAF18F
:10259000000F28D04FF0000801AE454607E002D1F9
:1025A0000BB1BB6DE41A01355C44AA451BD029462A
:1025B000F86CEBF757FF034630460193D3F800B0B1
:1025C000EAF768FE444504F1040207DB0BEB040361
:1025D0009145A3F1040301DD994506DBBB6EAB42D7
:1025E000DDD9A046DFE74FF0FF35FD6581E700BF8D
:1025F000CC9E00205C9F00202DE9F04F456883B001
:10260000044601462846F3F729FE50B123680F2BF4
:102610000AD0B3F5107F33D00E2B17D02046EAF73F
:102620000DFD03B0BDE8F08F2846EAF71FFE034614
:1026300002A840F8043DDB6C1C68EAF72BFE002C76
:10264000EFD02846A04703B0BDE8F08FE3685A6892
:10265000002AE3DD1B68102B00F08680122BDDD1F1
:10266000002DDBD02846EAF701FEC26D416D03461E
:1026700001908A42C0F2B78001A8EAF70BFECDE7CD
:10268000D4F80CB0BBF1000FC8D02846EAF7EEFD35
:10269000034602A8D3F8589040F8083D5F6DB3F99F
:1026A0006060B3F83280B3F828A0EAF7F3FD9BF836
:1026B0000830002B44D0002EDBF80020DBF804307B
:1026C0002846B8BF013618F0080F4FEA660608BF63
:1026D00013460136C6EB030B00F088F8BBF1000F80
:1026E00040DDA0EB4606B3450DDA002E334674D02C
:1026F000B8BF731C5B10C9EB07070BFB0737B7FBB1
:10270000F6F606EB09072846EDF784FE002860D1AF
:1027100001212846F8F782FE002D3FD118F4807F72
:102720007FF47CAF4FF480712846ECF719FA1AF069
:10273000020F3FF473AF28460121ECF7C9F96DE7AA
:1027400018F4807F3FF46AAF4FF480712846F8F7A1
:1027500087FE1AF0020F3FF461AF28460221ECF722
:10276000B7F95BE74F46CEE7002D3FF457AF284659
:10277000EAF77CFDC26D816D034601908A427FF7C6
:102780007BAF013A2846DA65EBF7A4FD01A8EAF72A
:1027900081FD28460521ECF79BF93FE72846EAF73B
:1027A00065FD836D426D9F42B8BF1F46C36D0190AA
:1027B0009742A8BF1746BB4211D0C7652846EBF722
:1027C00089FD01A8EAF766FD05212846ECF780F9A6
:1027D000A4E72846EDF754FE9AE701268BE701A807
:1027E000EAF758FD9AE70132CCE700BF10B582B096
:1027F0000446EAF73BFD438E019020461B0708D4B0
:10280000FBF776FA044601A8EAF744FD204602B039
:1028100010BDFBF7A5F90446F5E700BF2DE9F04F21
:1028200091B0884614469A460890EAF71FFD034681
:1028300010A85D4D1A6840F8083D1269B3F90A9076
:1028400052680792B3F908200692EAF723FD2A6836
:102850000821564B527C53F82200C3689B6A984764
:10286000172810D80328064608BF0826DAF80430CF
:1028700000200993DAF800300C9300F09BF820B1A7
:1028800011B0BDE8F08F2026F0E706992A680B46C4
:10289000B2F90C504344013B5D1B002D7DDD4D1B07
:1028A000B2F90830434573DC0021002DE8DD09EB67
:1028B0000403B2F90E00013B1B1A002BC8BFC3EB87
:1028C0000909B2F90A30A34269DC0027B9F1000F07
:1028D000D6DD069BB346CDF82CA007FB031704EB0F
:1028E0000903BF000A9320E00423069A31463046CC
:1028F000C8474FF0010E002300212A4605934046A9
:102900007346039104962146CDF808B004EB0E09F6
:10291000CDF804E0CDF800E0069CF0F7F9F90A9B49
:1029200007EB84074B45ABD04C460898F0F70AF903
:102930000FABC219214601934046079B00932B46DB
:10294000FEF72EFD064600289AD0099B1A46184B22
:102950009A42CED0DDF82C905A4629464B4600F0DC
:1029600077F80028C5D1D9F81090B9F1000FBBD184
:102970000D95A246DDF8189035460C9C2868A047B6
:10298000B9F1010945F8040BF8D10D9D5446B0E7A3
:10299000C8EB030198466D1A87E70D4680E71F1BB9
:1029A0001C46C7EB090991E790000020849E002097
:1029B00005780208F0B583B0C0B9224C05462369FA
:1029C000CBB1E0681F4E18B91F4B1868F060D8B142
:1029D00023681C4F2BB3002663681A4FC3B115B18F
:1029E000A368184C2BB3304603B0F0BD154C01ADB5
:1029F0002369002BE5D1154A2046012340F8142F06
:102A00002361EAF7C1FBDCE7FEF7FCFEF060DFE7DD
:102A1000F8688000E9F720FB0028786008BF0126ED
:102A2000DDE78000E9F718FBB0FA80F63860760938
:102A3000D2E7E0688000E9F70FFB0028A06008BF3C
:102A40000126D0E74C9D0020249F002099710208A8
:102A5000082A2DE9F0410C4605461F680CDD102AB6
:102A600021DC1E69002E00F09180224629460223B7
:102A7000B0470120BDE8F081013A072A10D8DFE80D
:102A800002F004510F770F0F0F9A00F1200858F849
:102A9000200CB847012C4FEAC010C6B206D12E70E8
:102AA0000120BDE8F0810020BDE8F08158F81C0C41
:102AB000B847022C46EA8010C6B2F0D058F8180C7D
:102AC000B847032C46EA4010C6B2E8D058F8140CB8
:102AD000B847042C46EA0010C6B2E0D058F8100CF3
:102AE000B847052C46EAC000C6B2D8D058F80C0C3E
:102AF000B847062C46EA8000C6B2D0D058F8080C79
:102B0000B847072C46EA4000C6B2C8D058F8040CB3
:102B100008F12008B847083C40EA060005F8010B18
:102B2000B5D1BDE700F1100858F8100CB847012CDA
:102B30004FEA8010C6B2B2D058F80C0CB847022C3D
:102B400046EA0010C6B2AAD058F8080CB847032CC1
:102B500046EA8000C6B2A2D058F8040C08F110086A
:102B6000B847043C40EA060005F8010BDCD197E7C2
:102B700000F1080858F8080CB847012C4FEA00107B
:102B8000C6B20CD12E702046BDE8F081861E55F8E5
:102B9000040BB847013C26F8020FF8D180E758F83B
:102BA000040C08F10808B847023C40EA060005F8A2
:102BB000010BDFD174E71E693EB12846224601238E
:102BC0002946B0470120BDE8F0816E1E55F8040B80
:102BD000B847013C06F8010FF8D161E72DE9F04F45
:102BE000804687B0002758E0002E7ED1EAF756FADB
:102BF000804500F09A80584B0126494622460293B0
:102C00005846564B009601932B46EDF7E1FC814662
:102C10004046EAF72BFB03460590C0F82490B9F133
:102C2000000F79D0826A05A8DFF840B142F4803203
:102C30009A62EAF72FFB4846ECF7D8F9824630460D
:102C4000474E00F095F84846EFF77CFF454B05FBF3
:102C500004F2454C197892003568A847404625682B
:102C6000CBF8008000F09AF82060404600F09EF813
:102C7000002225601046CBF8002000F079F850467D
:102C8000ECF7B4F94046EAF73DFB406AB0FA80F34E
:102C90005B090137042F22DC0BB34046EAF7E6FA62
:102CA000034605A8B3F900B0B3F90290B3F90440A4
:102CB000B3F90650CBEB04040593C9EB05055E6A36
:102CC0000134EAF7E7FA0135002DC8BF002CD4BF64
:102CD0000123002388DC01370020042FDCDD08B14C
:102CE00000F0C0F807B0BDE8F08F3046EAF7BEFA52
:102CF000034606A8B3F9065040F8083DB3F904406E
:102D0000EAF7C8FAA94501D1A345BBD04A465946BE
:102D10003046ECF7B7F9B5E705A8EAF7BBFA404645
:102D200000F044F833464846B3E700F0C9F80646D9
:102D300000F0DCF8B44202DC85427FF75CAFB442BD
:102D4000A8BF34468542A8BF0546214640462A46CC
:102D5000EDF7AAFA4FE700BF28730208B060020837
:102D600078010020929F0020289F0020589F00207B
:102D7000094B10B51C7838B902464FF07F401A70E5
:102D800000F0CAF8204610BD012200201A7000F0A1
:102D9000C3F8204610BD00BF8C9F002008B500B9C5
:102DA00008BDEAF7AFFAB0F9000008BD2DE9F0431D
:102DB00089B00646EAF75AFA00F10803076902AC3F
:102DC0000190856A93E8030084E8030001A8EAF70C
:102DD00061FA0FB1AB0702D409B0BDE8F0831F4F11
:102DE0002E213046EBF7F0FE3B7815F4805503F1C9
:102DF00001033B7019D12046EEF7C8FD18B3DFF888
:102E000060904FF00F080596CDF81080079400F001
:102E10008BF8D9F8003004A930465D64ECF76AFD00
:102E2000EFF760FB0028EED10DE00F230596079425
:102E3000049300F079F80A4B002204A930461B687D
:102E40005A64ECF757FD3B7830462F21013B3B702D
:102E5000EBF7BAFE09B0BDE8F08300BF909F0020F9
:102E60009000002000B9704770B584B00446EAF7BE
:102E7000FDF9014601A8B1F90460B1F906500A89CB
:102E80004B89324401912B44ADF80860013AADF80A
:102E90000A50013BADF80C20ADF80E30EAF7FAF914
:102EA00002A8EEF773FD40B12A463146204600F0F5
:102EB0005FF8EFF717FB0028F6D104B070BD00BF34
:102EC000094B1B68587C012801DD0020704710B5B4
:102ED000E9F7DEF928B1C36801219B6ABDE810401B
:102EE0001847002010BD00BF90000020094B1B6850
:102EF000587C012801DD0020704710B5E9F7C8F9BA
:102F000028B1C36802219B6ABDE810401847002021
:102F100010BD00BF90000020024B5A685860104658
:102F2000704700BF880300200D4B10B51868EAF702
:102F30004DFF0C4B0C4C1868EAF74EFF236800223B
:102F400001219A8510465A851976EFF72DFD074A1B
:102F50002368126802B1DA6100229A7610BD00BFC0
:102F60008C000020880000209000002084000020B9
:102F70002DE9F04182B00F4690460646EAF776F911
:102F8000034602AC16211D68002044F8043DEB689E
:102F90005B6A984705462046EAF77CF91DB1424630
:102FA00039463046A84702B0BDE8F0812DE9F04F20
:102FB000DFF880918BB05D4BD9F800C0DFF87881E5
:102FC0009CF811E053F82E40D8F80030D4F810E007
:102FD000002B00F0A6801646DCF8602007460D4660
:102FE000002A75D0E2681268072A78D0504AC2EBEE
:102FF0000E02B2FA82F25209002A70D03846EAF77D
:1030000035F903460AA8B3F908B040F8083DB3F90A
:103010000AA00BEB0504DB68013C0593EAF73AF9DB
:10302000D9F80010B1F90C30B1F90800E41A002CFD
:10303000CCBFC4EB0B045C4685425EDB0023002C56
:1030400043DD0AEB0600B1F90EE00138CEEB0000DB
:103050000028C8BFC0EB0A0AB1F90A00B04247DC39
:103060000021BAF1000F079306912EDD3846EFF7E5
:1030700069FD079BD9F80020069901FB0B31136EFF
:1030800000EB8107002B3CD01846EAF7EFF8024628
:103090000AA8B2F90410B2F906306D1A40F8042DEE
:1030A000F31AA900D56801F1180605FB036616445A
:1030B000EAF7F0F84EB1059B224600953946019398
:1030C00030465346D8F80040A0470BB0BDE8F08F1B
:1030D000E2681268B2FA82F25209002A8ED173466F
:1030E000324629463846FFF799FB0BB0BDE8F08F12
:1030F000811B0646C1EB0A0AB3E7431B0546E41AE7
:103100009DE7507C4FEA8B02DFF830E03B460292AD
:103110002946CDF804A032460094DEF80040A047CE
:10312000D3E77346FFF77AFBCFE700BF849E00200A
:103130002873020890000020789F0020749F0020D0
:103140002DE9F04F89468BB01F46B1F90030B1F937
:103150000410154600930446CE1AB9F906300592BC
:1031600001910136B9F902B00393FAF76FF915F03E
:103170000C05029019D0A2463A4631464FF000089D
:10318000504600F0A5F848B182443A46314608F16D
:103190000108504600F09CF80028F5D1082D79D0A0
:1031A0000C2D00F08280042D74D0BDF808A0484694
:1031B000FAF76AF802460490A8B10099002506A81B
:1031C0002B4661F30F0501996BF31F4561F30F0364
:1031D0000399069561F31F4349460793EDF7B2FB48
:1031E00006A8FAF751F8059B1FFA8BF503F00308C0
:1031F0000AF1FF3302934346B0461E4615E0022E05
:1032000034D01EB9B9F80030ADF820302046594608
:1032100008AA5544FAF722F920463A46414600F0FA
:1032200057F80444ADB2237873B33A46414620467A
:1032300000F0B0F8BDF80020029B8346ADF82020D6
:103240002046EB18BDF804205946ADF82250ADF8E1
:103250002420ADF82630EEF7AFF8012ECFD1B9F823
:1032600004300133181AADF82000CFE7B9F9001087
:10327000B9F904305B1A181A013048BF013001EB6C
:103280006000ADF82000C1E70498F9F7FDFF0BB02E
:10329000BDE8F08FBDF808A0039B18FB0AF85D1C81
:1032A000C8EB05050FFA85FB81E7039B029ACBEB80
:1032B0000303BDF808A0013308FB1238B8F1000F72
:1032C000B8BF08F101080BEB68050FFA85FB6EE744
:1032D0002DE9F041012A82B0174680460E46009043
:1032E00048D0022A2DD047F6FF71FAF745F9044677
:1032F00021460098FAF714F9009B02AD184445F8EE
:10330000080D2846EFF78EFA0A2839D0012F2AD166
:10331000202828D1EFF79AFA0746019B28469E42BB
:1033200007EB03021FDB0192EFF77CFA202804F180
:103330000104F2D021464046FAF7F2F802B0BDE8A7
:10334000F081134B5B689847014604460098FAF7F2
:10335000E7F8009A02AB104443F8080D1846EFF75F
:1033600061FA0A280CD021464046FAF7D9F802B093
:10337000BDE8F081064B01AA1B6898470446B7E7F1
:10338000013440462146FAF7CBF802B0BDE8F0819F
:1033900064030020012A08D0022A02D1054B5B6891
:1033A000184747F6FF71FAF7E7B8024B00221B688F
:1033B000184700BF640300202DE9F043456883B03F
:1033C000044601462846F2F749FF60B323680E2BF6
:1033D0003CD067DD0F2B29D0B3F5107F20D12846D4
:1033E000E9F744FF034602A8B3F9307040F8083DFE
:1033F00093F8749093F87580E9F74CFFE668002E17
:1034000068D0284600F09CF800285ED1337A002B63
:1034100062D128460221EBF75BFB384600F09EF8AC
:103420002046E9F70BFE03B0BDE8F0832846E9F734
:103430001DFF034602A840F8043D1B6F1C68E9F716
:1034400029FF002CEFD02846A047ECE72846E9F7F3
:103450000DFF034602A840F8083D93F8747093F8F6
:103460007560E9F717FF2846F9F7C4FB0028D7D0A5
:10347000E3685A68002AD3DD1B68202BD0D1002DC9
:10348000CED00136284696FBF7F307FB1366E9F723
:10349000EDFE019090F874309E4224D301A8E9F724
:1034A000F9FEBDE70B2BBBD1284602ADE9F7DEFEE6
:1034B0000346783045F8043DECF7FAFC2846E9F776
:1034C000E9FE2046E9F7BAFDADE700212846EBF713
:1034D000FFFAA5E70321F9E701212846F7F79EFF48
:1034E00075B90121F2E780F8756001A8E9F7D2FE0D
:1034F0002846EAF7EFFE28460521EBF7E9FA8FE7C1
:1035000008F10108284698FBF9F309FB1388E9F74D
:10351000ADFE019090F87430984503D301A8E9F707
:10352000B9FEDEE780F8758001A8E9F7B3FE28460A
:10353000EAF7D0FE05212846EBF7CAFAD1E700BF2B
:10354000044A054B126853F82230181AB0FA80F07A
:10355000400970475C9F0020A49E0020024B1A681F
:1035600002B91860E9F708BE689900202DE9F04F0C
:103570005C4E8DB03368DA69B3F92250D469B4F87F
:103580000CB0834500F29780E1898142C0F09380BE
:103590002168CBEB000B08914FF0FF310A91BBF192
:1035A000FF3F00F0828092F81880A27CB3F92A10C5
:1035B000B3F9249018FB02F3084607911F4694F8CC
:1035C00010A0EFF7F1F9D6F800E008994346DEF8CD
:1035D00038C05246099007FB0B10DEF81CE00B9731
:1035E000012704904946CDF814C0284694F812C02B
:1035F0000297CDF80CC09EF81BC0DFF8E8B0CDF8FC
:1036000004C09EF81AE0CDF800E0EFF781FB0A9FB6
:103610007B1C25D0079941F00200EFF7C5F9DBF8D4
:1036200000100B9A43460898D1F838C002FB0700F7
:10363000D1F81CE00127CDF814C00490524694F84C
:1036400012C0494602972846CDF80CC09EF81BC010
:10365000CDF804C09EF81AE0CDF800E0EFF758FB73
:103660003368DFF88080DB695A7E1B7E9A4215D969
:10367000079B022B12D083F00400EFF795F9D8F8DE
:1036800000302846DB691F7ED97E9A7E5B7E07FB71
:1036900001910AFB02524B44F9F794FD9DF8240076
:1036A000EFF782F93368B3F92250627C15445D84E8
:1036B0000DB0BDE8F08FA1680029F6D00F88B842A0
:1036C000F3D3B1F802E08645EFD3C01B49686768C1
:1036D00080B2089701EB800731F920B0B7F90210EA
:1036E0000A915CE7900000202DE9F04790B00C466D
:1036F0000646E9F7BBFD438E054603AF009003F095
:10370000080303C89BB287E80300BDF90C80BDF92C
:103710000E90002B6FD0BDF91220BDF910E01146BC
:1037200000334FF0190CA26101AA18BF01230796BC
:103730000F9207A80193CDF82C802B6CCDF8309018
:10374000CDF834E00E91CDF820C09847009A064697
:10375000B2F93030FF2B54D0FE2B5BD0C9F1000200
:10376000C8F1000138460DF14009ECF727F9394658
:10377000009800F077F8BDF90C20BDF91080009B8F
:10378000C2EB0808D3F84CA008F10105586D51466A
:10379000A5EB460500FB05F0F7F790FE304BC4F8AB
:1037A0001480B3F900305A1C904206EB0502D8BFD2
:1037B000981C59F8403D2261721EA842596DA8BF5D
:1037C0002846C1EB0A0107462D1A186DBDF90C30C9
:1037D0006260236000FB05F0F7F770FE3318E561C7
:1037E0004846DA19A3602762531EE360E9F752FDE9
:1037F00010B0BDE8F087BDF91020BDF91210964653
:103800008EE79069F2F7BCFEC0B9009AB2F9303089
:10381000FE2BA3D19069F2F7DBFE00289ED005A90C
:1038200000F03CF8BDF91220BDF91A309A4295D14A
:10383000BDF81630013BADF812308FE705A900F056
:103840002DF8BDF91020BDF918309A42DDD1BDF830
:103850001410009A0139B2F93030ADF810107BE73E
:1038600084030020438E1B0716D5B0F90020B0F961
:103870000430B1F900009B1AB1F90420C0430133B0
:10388000D24330B49BB2CD884C8818448D800C80D4
:103890001344C8804B8030BC704700BF48B141B171
:1038A00010B50C46E9F72EFD034603CB206061609E
:1038B00010BD70472DE9F04F002389B0846805469C
:1038C0000F461646039302930493059306930793BA
:1038D000002C46D0A36C33B132463946A8699847CC
:1038E00009B0BDE8F08F6762A662E8F7B3FE8146D3
:1038F000E8F7B6FEEB688246082128469B6AD4F8B2
:1039000010B0D4F814809847C21D48BF00F10E02D1
:10391000002F4FEAE20206924BDB07EB0B03029704
:1039200099452CDBCDF810B0002E4CDB06EB0803DC
:1039300003969A4539DB4146CDF81480049B002B51
:1039400021DD00291FDD029B99451CDDB2451ADDF2
:10395000236B002B44D002AAA8690821E4F70AF9D6
:10396000BEE75020E8F778FB2146A860502200F01F
:103970005DF8AC68002CADD109B0BDE8F08FC7EBA5
:1039800009070497D0E7236B012BA9D10023AC686A
:103990000193002C31D0002308AAA86909212363D0
:1039A00042F81C3DE4F7E6F89AE7C6EB0A010591F8
:1039B000C4E7079B07EB0B0102FB173700230491B9
:1039C00007970293B0E702FB06F2079B06EB08019C
:1039D00000200BFB12330591064607930390ADE7D9
:1039E000AC680193B4B1012308AAA8690921236333
:1039F00042F81C3DE4F7BEF8ADE75020E8F72CFB99
:103A00002146A860502200F011F8AC68002C3FF469
:103A100067AFC0E75020E8F71FFB2146A86050229F
:103A200000F004F8AC68002C95D0DCE7F8B5064649
:103A30004AB18407C9B208D001E0830705D0013A32
:103A400000F8011BF9D13046F8BD97083B464FB34B
:103A500001EB0124032F02F0030204EB044415D907
:103A600000F110033D46043D43F8104C43F80C4C64
:103A70001033032D43F8184C43F8144CF3DC043F87
:103A8000BB085D1CA7EB830300EB051043B1012BC2
:103A9000046003D0022B446018BF846000EB8300F5
:103AA000002AD0D000F002F83046F8BD10B5044628
:103AB00010460A4601462046E1F7A6FD204610BD05
:103AC0002DE9F04F5A4F8946154689B03A68C9EB3F
:103AD000030383460DF12008D16B1C46106ED1F80C
:103AE00000A0661C0593E9F7C1FB3B680690186EC1
:103AF000E9F7BCFBB0F90630C2680146EB1AB0F931
:103B0000044048F8040D404602FB03F3C4EB0904EB
:103B1000183303EB4403CC18E9F7BCFB069B586948
:103B2000DB68029300286FD1129B9D425EDC1FFA76
:103B30008AF304933B681B7CDB075DD5DBF8103010
:103B40009B689847C4F3400380B2B34228BF334612
:103B5000032E98BF3346002B54D02288A446012B55
:103B600082EA00022CF8022B0CD06288032B04F1AD
:103B7000040C82EA0002628004D1A28804F1060CDF
:103B80004240A280B3422BD0C3EB060AAAF1020E38
:103B90004FEA5E0E0EF1010E4FEA4E020392059AB5
:103BA000934218D04FF0000904EB4303494660F3F9
:103BB0000F09A3F1040860F31F4958F8042F0131DD
:103BC00089EA02028E4543F8042BF6D8039A9245FF
:103BD0000CEB420C04D0BCF800305840ACF80000AC
:103BE000029B01351C44129BAB42A3DA06A8E9F7FD
:103BF00051FB09B0BDE8F08F32460499204600F031
:103C000019F8EDE7A446BFE7E9F730FB129B4946F8
:103C10002A46C5EB030E334607900EF1010ECDF890
:103C200000E0F3F789FE4046E9F734FB7CE700BF8C
:103C30009000002070B4840702D50180013A023060
:103C400056080DD0032E334601EB01440DD8012B4D
:103C5000046003D0022B446018BF846000EB830033
:103C6000D30770BC48BF0180704700F11003354690
:103C7000043D43F8104C43F80C4C1033032D43F82B
:103C8000184C43F8144CF3DC043EB3085D1CB6EB4F
:103C9000830300EB0510DAD1E2E700BF70B5456899
:103CA00082B0044601462846F2F7D8FA68B1236884
:103CB0000F2B59D00BDD282B45D0B3F5107F3CD00E
:103CC000112B49D02046E9F7B9F902B070BD0B2B92
:103CD00020D00E2BF6D1E3681A6859680D2A53D00C
:103CE000202A31D1002928464FF480717DDDEAF782
:103CF00037FF2846E9F7BAFA02AB846A43F8040DA5
:103D00001846E9F7C7FAA207DFD528460121EAF7E6
:103D1000DFFEDAE7284602ADE9F7A8FA0346683085
:103D20000193ECF7C5F855F8040D03216C3000F051
:103D30006DF82846E9F7AEFAC4E7324B214628462B
:103D40001B689847C1E7E368002BBBD128464FF4B6
:103D50008071F7F785FBB5E72B4B1B68002BB4D0C0
:103D6000214628469847B0E72846E9F77FFA0346F8
:103D700002A840F8043D5B6E1C68E9F78BFA002C42
:103D8000A3D02846A047A0E70029DDDD4FF48071CD
:103D90002846EAF7E5FE02AC2846E9F767FA866AA4
:103DA00044F8040D2046E9F775FAB10703D501215F
:103DB0002846EAF78DFE4FF480712846F7F750FB4E
:103DC0002846E9F753FA034620461E8E9C6A019363
:103DD000E9F760FA3046FFF7C1FBA3077FF575AF3F
:103DE00028460221EAF774FE6FE7F7F739FB284609
:103DF000E9F73CFA034602A89C6A1E8E40F8043D8F
:103E0000E6E700BF94000020349F002000292ADD4F
:103E10002DE9F04700258A46041F134FA94603E009
:103E2000AA45C4F800901CD054F8046F0135002E48
:103E3000F6D04FEAC6087B6B434459684868E9F7F7
:103E400015FC7B68796BAA457A6A03F10103884403
:103E50007B60C8F8042001F836907E62C4F80090B8
:103E6000E2D1BDE8F0877047689200202DE9F04369
:103E7000466883B0044602AD3046E9F7F7F90346D9
:103E8000D0F8388045F8080D28465F6BD3F840908D
:103E9000E9F700FA23680E3B1C2B19D8DFE803F082
:103EA0002D0F181818181818181818181818181886
:103EB0003A4F56186F181818181818181F006FF076
:103EC0007043994504D04846E9F780FFF9F7F8F8C0
:103ED000002F59D02046B84703B0BDE8F0833046E4
:103EE000E9F7C4F9E3680090002B5ED0C36328466D
:103EF000E9F7D0F903B0BDE8F083E3685A68002A17
:103F0000E6DD1B68092B4CD00A2BE1D1304600F0CE
:103F10004FF8E1E7E468012CDED14046FAF70AFFEA
:103F200000283ED04046ECF7ABFA4046F2F75AFE86
:103F30000028D1D021464046EAF712FECCE72146C0
:103F40003046F2F78BF903B0BDE8F0833046E9F76D
:103F50008DF9E468019064B13146606800F05AF868
:103F60003146A8B92068FAF705FE10B12268019B16
:103F70009A6301A8E9F78EF903B0BDE8F083C4F8AD
:103F80000C9003B0BDE8F0832046E9F757F8A3E7AB
:103F90006068FAF7EFFD0028EBD06268019B9A6336
:103FA000E7E73046EAF71CFE96E7C36BE3609EE75F
:103FB00038B510B90024204638BDECF705FA0446A0
:103FC00010BB204600F040F80546AC4208BF002573
:103FD0002C460DE0204684B1ECF756FD10B9204682
:103FE00000F032F8844214BF04460024A54204D0F5
:103FF0002046ECF70FFA0028ECD02046ECF740FA08
:104000000028D7D1204638BDECF73EFD05460028F4
:10401000DBD1D6E7884215D090B110B50C4609B96E
:10402000002010BDE9F76EF98069844206D00028AF
:10403000F6D0E9F767F980698442F8D1012010BD14
:10404000002070470120704710B5044608B906E00B
:104050001C462046E9F756F9036A002BF8D12046A2
:1040600010BD00BF5D630208307602080008000042
:104070000000E0011001000000000000000000004E
:1040800089510208987602080108030006004000E2
:10409000460000000000000000000000B1490208D6
:1040A000A8750208020807008D00640032000000B5
:1040B0000000000000000000B1490208A8750208D5
:1040C000030866008D00640032000000000000005C
:1040D00000000000B1490208A87502080408C500E4
:1040E0008D006400320000000000000000000000AD
:1040F000E55702083876020805080A00C800FA00E9
:104100003D0000000000000000000000994102088E
:10411000B4750208060818010000C80088000000F5
:10412000000000000000000099410208B475020878
:10413000070818018800C80088000000000000007F
:1041400000000000E55702083876020808084B0016
:104150001A00C7003200000000000000000000004C
:104160008D5802084076020809084E000600C40077
:104170000E00000064000000000000008D580208DE
:10418000407602080A082D006400C90014000000EF
:1041900064000000000000002DE9F0430E46B0F975
:1041A0000A40B0F90C5089B0B0F90E1014441D4407
:1041B000B0F90870B0F91030D0F8188029B923B9D7
:1041C0000CB9002D64D00023194608F18802DFF8ED
:1041D000ECE000960026039220460A46CDF808E05F
:1041E00029460196E9F75EFE804618B9404609B0B7
:1041F000BDE8F083EAF726F90546EAF723F9044615
:104200004046E9F733F80590002836D0C5633946B3
:1042100004641022EEF7DAFA264D059F4FF0FF39BD
:10422000DFF89CE007F144040FCD0FC40FCD0FC49D
:1042300095E80F00012584E80F000224C7F838E054
:10424000FE673346C7F884603246C7F8749031463B
:10425000C7F888503046C7F88C5003960296CDF8C0
:104260000080019400F02EF808AB53F80C2D506339
:104270001846C2F87890E9F70DF80F4B1B78002B21
:10428000B4D14046EAF7E8F9404609B0BDE8F0830A
:1042900006A93046EBF7FCFEBDF91C20BDF918104D
:1042A000BDF91E30BDF91A00511A1B1A0131013334
:1042B0008BE700BF0C0100208F9F0020C553010831
:1042C000114502082DE9F04188B007460E9C0F9E6B
:1042D00022B918B9002956D000221746002B3ED02B
:1042E00046F420702F4D44260094019038460396E2
:1042F0000295E9F7D7FD044668B3EAF7A3F8054647
:104300002046DFF8A480E8F7B1FF0022069008F10C
:104310000406C5641199EEF759FA0DF1200E4FF01D
:10432000000C5EF8087D0FCE07F1340536680FC526
:104330004FF0FF33D8F818202E6070463B657B6540
:104340003B66C7F858C0BA64E8F7A4FFD8F818303D
:1043500020465B689847204608B0BDE8F08105928A
:10436000049100F025F8104B8046104D5868EAF78C
:1043700059FA6D68D8F8003000EB4500059A0499A9
:1043800000EB4303ACE706A920460493EEF710FACE
:10439000BDF91870BDF91C20BDF91A10D21B049B81
:1043A00001329BE70524020860020020CC9E002019
:1043B000014B1868704700BF840100202DE9F04FC1
:1043C00093B00546E8F752FF044612A8E36C40F8A4
:1043D0003C4D1F460093236E666C0193D4F868A091
:1043E000D4F85880E8F756FF3846E9F7C9FF814608
:1043F00007A9204600F070F8C8F10004BDF91E209E
:10440000B9F1000FBDF9223009950F940D940E9269
:10441000ADF816201093ADF81A303FDD002514E0FA
:10442000122309A80A93B047019BAB4205F101058D
:104430004CD00020F8F728FF0F9A0D9BA945A2EB5E
:10444000030303F101031C4429D029460098EAF72D
:1044500009F8024604A8D2F800B097680492E8F779
:1044600019FFAA45CCBF4146002105A80C440BEB1F
:1044700004030D94ADF81440013B0F93ADF81830D0
:10448000F8F702FF05230B9509A80A93B047002F00
:10449000C6D0062309A80A93B047C1E72246BDF952
:1044A000203093420FDD05A80F93ADF818300D941E
:1044B000ADF81440F8F7E8FE0C2309A80A93B047BA
:1044C0000020F8F7E1FE13B0BDE8F08F022309A841
:1044D0000A93B047ADE700BF438E1B0710B50C46EB
:1044E00082B004D40846F2F7F9FB02B010BD68466A
:1044F000F2F7F4FBBDF80200BDF80610BDF800208D
:10450000BDF804302080A1806280E38002B010BD3D
:104510004368B0F91C10013B8268F0B5B0F9106037
:1045200083B0B0F91470B0F91850ADF80060ADF870
:104530000270ADF80450ADF80610046A1A2B54D876
:10454000DFE803F02A535353145353535353535335
:1045500053535353535353535353535353110E0005
:10456000C81B03B0F0BDA81B03B0F0BD002A39DBA7
:1045700023681BB193F82C20D2074DD4684600F075
:1045800053F823688BB393F82C30DB072DD5E06804
:10459000E9F71CFC0020E4E723684BB393F82C10E8
:1045A0006F4689072DD46169A0690E44281AADF8B9
:1045B0000060ADF804001BB193F82C20D00719D48B
:1045C0002379394694F82020E06900F063F82368E5
:1045D0005BB193F82C30D90707D5A068E9F7FCFB4D
:1045E0000020BEE7684600F01FF8002003B0F0BDD1
:1045F0006F46D8E72269063253F82200E9F7ECFB50
:10460000DEE71D686B46C1680068A847BDF9006019
:10461000BDF904502368C6E72269023253F822002C
:10462000E9F7D4FBAAE700BF034604202DE9F041D7
:1046300082B0B3F90070B3F90260B3F90450B3F972
:104640000640EEF7B1F9124B804668461B69DA6CFA
:104650001B6D174415441E441C44ADF80070ADF8A2
:104660000450ADF80260ADF80640EDF78FF948B19F
:1046700023462A4631463846F8F7A4FDEDF732FFC7
:104680000028F5D14046EEF78FF902B0BDE8F08181
:104690008000002008B1FEF753BD70472DE9F047B8
:1046A000064682B080680D461746E8F7DFFDB0F990
:1046B00004903668A94501900EDCB0F90620044646
:1046C000974209DB4069C9EB05010388994203DA87
:1046D000BA1A43889A420BDBF3683A4629463046B9
:1046E000DB69984701A8E8F7D5FD02B0BDE8F0877F
:1046F000B4F908A0F5F7C6FBE368002B4CD1030E14
:10470000EAD0DDF80480C9EB0A093169B8F906205E
:10471000B8F90430BC1A8A68EB1A09FB04441C443B
:1047200090470199A400203458F80430584048F8C4
:104730000400CB68002BD5D1B1F90620B1F90430C3
:104740004869BA1AE91AF5F79DFB8146030EFF2B5B
:10475000C8D0019BDFF84CA01B6858F804009B6987
:104760005AF823301B695B6898470D4B40F07F4136
:10477000FF2248461B689847019B1B689B695AF8B3
:1047800023301B691B689847F46803463A4629465C
:10479000A4693046A047A5E700289DD0B1E700BF37
:1047A000EC020020849E00202DE9F043064685B0EF
:1047B00080680C4615461F46E8F758FDB0F904809E
:1047C0003668A045039010DCB0F9062003469542F8
:1047D0000BDB4069C8EB0401B0F800E0714504DA76
:1047E000AA1AB0F802E072450CDBF06821463B469D
:1047F0002A4684693046A04703A8E8F74BFD05B078
:10480000BDE8F083B3F908900193F5F73BFB019BFA
:10481000DB68002B44D1030EE7D00398C8EB0908EE
:10482000B0F90630B0F90410EA1A611A08FB022246
:104830000A4400EB82021762C368002BDCD10368D4
:104840003846194F9B6957F823301B695B689847B6
:10485000039B8046B3F90620B3F904105869AA1ADD
:10486000611AF5F70FFB030EFF2BC5D00F4B414626
:10487000FF221B689847039B1B689B6957F82330EE
:104880001B691B689847F768034621462A4630464D
:10489000BC69A04703A8E8F7FDFC05B0BDE8F083BC
:1048A0000028A2D0B9E700BF849E0020EC020020BF
:1048B000008040C020A060E0109050D030B070F078
:1048C000088848C828A868E8189858D838B878F8E8
:1048D000048444C424A464E4149454D434B474F418
:1048E0000C8C4CCC2CAC6CEC1C9C5CDC3CBC7CFC88
:1048F000028242C222A262E2129252D232B272F218
:104900000A8A4ACA2AAA6AEA1A9A5ADA3ABA7AFA87
:10491000068646C626A666E6169656D636B676F6B7
:104920000E8E4ECE2EAE6EEE1E9E5EDE3EBE7EFE27
:10493000018141C121A161E1119151D131B171F1E7
:10494000098949C929A969E9199959D939B979F957
:10495000058545C525A565E5159555D535B575F587
:104960000D8D4DCD2DAD6DED1D9D5DDD3DBD7DFDF7
:10497000038343C323A363E3139353D333B373F387
:104980000B8B4BCB2BAB6BEB1B9B5BDB3BBB7BFBF7
:10499000078747C727A767E7179757D737B777F727
:1049A0000F8F4FCF2FAF6FEF1F9F5FDF3FBF7FFF97
:1049B0002DE9F047B0F90A5088B0B0F90C600C4608
:1049C000B0F90E9015441E44B0F90880B0F91030CB
:1049D0008769B9F1000F48D0002B46D0DFF8C0A09E
:1049E000DAF810206FF0704100945437541ADFF851
:1049F000B4E003973146B4FA84F44A462846CDF829
:104A000008E06409264F0194E9F74CFA064640B3E2
:104A1000E8F72CFC414610220790EDF7D7FE0DF188
:104A2000200C3D1D4FF002085CF804ED0FCD0EF197
:104A300034040FC40FCD0FC40FCD0FC495E8070089
:104A40000F2384E807003A686046CEF87020CEF85D
:104A50007C308EF87480E8F71DFC3B6830465B685C
:104A60009847304608B0BDE8F087B9F1000F0AD08A
:104A7000DFF82CA0002BB3D1DAF800309B681B685C
:104A800098470346ACE7DFF818A00593DAF8002052
:104A9000926812689047059B8146002BA0D1EBE7F6
:104AA000CC000020B93302082DE9F04F3A4D89B00F
:104AB0002B68DA69B3F92A90D36943B11A88904216
:104AC00002D35988814205D29B68002BF6D109B0E8
:104AD000BDE8F08F841AD3F80480484608EBC4067A
:104AE00096F802B0EDF760FF8246286818F8342087
:104AF0004FF0010EC769D0F838C0B0F92410B0F9F2
:104B000022003B7E0790CDF814C07068CDF80CB041
:104B10000490CDF808E097F81BE00798CDF804E082
:104B2000BF7E0097EEF7F4F82B68DA69537E177EA4
:104B3000BB4223D9B9F1020F07931FD092F81BB0E3
:104B4000F8F738FB814600F029F8E8F781FB124BB3
:104B500018F834E01868079BC169B0F92240CA7E92
:104B6000B0F9241020460EFB02420BFB03130BFB93
:104B70000711F8F727FB4846E8F76AFB5046EDF7C0
:104B800013FF2B687178D8695A8C807E00FB012254
:104B90005A8409B0BDE8F08F9000002008B500F0FD
:104BA00005F8BDE80840EAF7DBBD00BF024B1B6813
:104BB0009B6B1868704700BF9000002038B5044612
:104BC00008680D46E8F744FBB4F90420B4F9001076
:104BD000B4F90200013A0131F1F7ACFCB4F9042058
:104BE000B4F90010B4F90600013A0131F1F7A2FC62
:104BF000B4F90620B4F90210B4F90000013A013109
:104C0000F1F7CCFFB4F90620B4F90210013AB4F977
:104C100004000131F1F7C2FF6868E8F719FBB4F945
:104C20000420B4F90010B4F90200013A0131013056
:104C3000F1F780FCB4F90420B4F90010B4F90600CF
:104C4000013A01310138F1F775FCB4F90620B4F9E5
:104C50000210B4F90000023A02310130F1F79EFF70
:104C6000B4F90620B4F90210B4F90400023A023192
:104C70000138F1F793FFA868E8F7EAFAB4F90210EF
:104C8000B4F9000000F014F8B4F90610B4F900000B
:104C900000F00EF8B4F90210B4F9040000F008F8BE
:104CA000B4F90610B4F90400BDE8384000F000B8CB
:104CB00070B5104E82B03368DD6C1C6D05446846DB
:104CC0000C442AB223B2ADF80420ADF80020ADF8B0
:104CD0000630ADF80230ECF759FE48B13368214692
:104CE00028465B6E5B689847EDF7FCFB0028F5D122
:104CF00002B070BD900000202DE9F04F85B08946CC
:104D00000DF11008029248F8040D4046EDF78AFDB7
:104D10004FF0000E04468246F346774675467646C7
:104D2000DCB10A2C19D0202C24D0BAF1200F21D1CB
:104D30002046EDF78BFD06448346B14500DA65B9A0
:104D40006B1C40462F460193EDF76CFD019B82469C
:104D50001D46A6460446002CE3D12F46029B002F99
:104D600008BF2F4613B1CBEB06061E60384605B0D0
:104D7000BDE8F08FAEF12003B3FA83F35B09A645DB
:104D800018BF43F00103202C14BF002303F00103DC
:104D900023BB144B5868196800280DDDB1F800E0FA
:104DA0008B1CA6451CD001EB400003E033F8021B2E
:104DB000A14215D09842F9D12046EDF747FD0644AF
:104DC00083464E4501DD002DC8D140460135EDF743
:104DD00029FDBAF1000F08BF8246BAE72F46EBE77C
:104DE0006F1CE9E7D49E00202DE9F04FDFF8E0804A
:104DF0001F4687B00C46D8F80030164603910DF1D7
:104E0000180B186E3F1BDDF84090E8F72FFAD8F822
:104E1000003001370490186EE8F728FAB0F9062040
:104E2000C1680346B21AB0F904504BF8040D584655
:104E300001FB02F2651B183202EB85029D18E8F7B0
:104E400029FA049BD8F800205869D26BD3F80CA03B
:104E5000146858BB4E4510DCD8F800301B7CDB07CB
:104E600011D4002F05DD3B462A46013B42F8044B96
:104E7000FBD101365544B145EEDA04A8E8F70AFA49
:104E800007B0BDE8F08F049B1B681B699B689847BF
:104E900029463A460B68013A83EA000341F8043B8D
:104EA000F8D101365544B145D6DAE6E7E8F7DEF940
:104EB000C6EB090E03993B460EF1010E32460590F2
:104EC000CDF800E0F2F738FD5846E8F7E3F9C1E71E
:104ED000900000202DE9F043374F154685B08146FC
:104EE0003A681E468846106EE8F7C0F9436901909B
:104EF0001846002B3DD13B680290186EE8F7B6F9D2
:104F0000024604A8B2F90640D3682C1B40F8042DD1
:104F100003FB04F3B2F904401833C4EB080403EBB9
:104F20004403D418E8F7B6F93B681A7CD20723D4B7
:104F3000DA6B0298019B1268DF68002834D01FFAF0
:104F400082F900E0029883682A46013541461B68D1
:104F50009847AE42A4F800903C44F3DA01A8E8F781
:104F600099F9029B13B102A8E8F794F905B0BDE8DE
:104F7000F083E8F77BF9BEE7D9F810309B689847D3
:104F800087B2029B2A4641460135184613B19B68F9
:104F90001B6898472388B542019A83EA0703D268C1
:104FA00023801444EDDDD9E7731B92B20133013B3A
:104FB00022803C44FBD1D1E7900000200139282910
:104FC0004AD8DFE801F01F1D1B1949174949154749
:104FD000454349413F4949493D3B393749493349AF
:104FE00049494949492F2D2B27492349494921003E
:104FF0001A4870471A4870471A4870471A4870474D
:105000001A4870471A4870471A48704703689B68E7
:10501000186C704703689B68586C70471648704757
:105020001648704703689B68D86B704703689B6895
:10503000586B7047124870471248704712487047C3
:10504000124870471248704712487047124870471C
:10505000124870471248704700207047416A0208A2
:10506000816A0208296F0208B5380208016A02083D
:1050700039540208C9700208B16B0208C95C020801
:105080007D620208E973020801740208D173020804
:10509000F1750208FD750208596F02086D66020875
:1050A0001D6E02082DE9F043364F1E4685B0894635
:1050B0003B681546186EE8F7D9F843690190184621
:1050C000002B3BD13B680290186EE8F7CFF8024600
:1050D00004A8B2F90640D3682C1B40F8042D03FB4A
:1050E00004F3B2F904401833C4EB090403EB84035E
:1050F000D418E8F7CFF83B6801991A7CD20720D47E
:10510000DB6B0298D3F80080CF6808B931E00298D1
:1051100083682A46013549461B689847AE42C4F861
:1051200000803C44F3DA01A8E8F7B4F8029B13B11D
:1051300002A8E8F7AFF805B0BDE8F083E8F796F805
:10514000C0E70B681B699B6898470746029B2A4685
:1051500049460135184613B19B681B689847236878
:10516000B542019A83EA0703D26823601444EDDD57
:10517000D9E7731B0133013BC4F800803C44FAD1EA
:10518000D1E700BF900000202DE9F043044687B02E
:10519000304F00260091A569B0F90C104C35B0F9DC
:1051A0000A001944B4F910301044B4F90E200395E4
:1051B00002970196B4F90850E8F774FE804618B9D2
:1051C000404607B0BDE8F083234F0DF11809E8F71A
:1051D0004DF82946102205903E1DEDF7F7FA59F8D3
:1051E00004ED0FCE0EF134050FC50FCE0FC596E8B6
:1051F0000F0085E80F007B6B4846CEF86430E8F777
:1052000049F87B6B40465B68984740466568E8F71D
:105210002DF8034604A89C6E04930594E8F73AF829
:1052200029464846E8F7EAFF0028C9D0059B9C427A
:1052300009D04046E8F71AF8059A034604A89A668A
:105240000493E8F727F84046E9F744F8404607B0EA
:10525000BDE8F0839D3C0208940000202DE9F04356
:10526000002383B0044680690F4690460193009363
:10527000A66800F05BF80546A06900F067F8814673
:10528000A069E5F7ABF9800040EA49002843072808
:1052900010D8DFE800F0171A222A363A4204F269E1
:1052A0007069B3693169121A591AC8EB0202CF1B2F
:1052B0008DE884006A460321A069E2F75BFC03B035
:1052C000BDE8F0838DE88001F4E7B3693169CDF87A
:1052D0000480591ACF1B0097ECE7F36972690097B5
:1052E0009A1AC8EB02020192E4E7B1693069F369E6
:1052F0007269091A9A1ACF1BC8EB02020097019231
:10530000D8E7CDF800800197D4E7F3697269019777
:105310009A1AC8EB02020092CCE7B3693169CDF862
:105320000080591ACF1B0197C4E700BF012801DD97
:105330000020704710B5E6F7ABFF28B1C3680C2119
:105340009B6ABDE810401847002010BD012801DD10
:105350000020704710B5E6F79BFF28B1C3680D2108
:105360009B6ABDE810401847002010BD30B5456865
:1053700085B0044601462846F0F770FFB8B12368AF
:105380000F2B16D0B3F5107F41D00B2B0CD1284634
:1053900004ADE7F76BFF0346443045F8083DEAF7F4
:1053A00087FD2846E7F776FF2046E7F747FE05B07A
:1053B00030BD2846E7F75AFF0346806B0093E8F7B5
:1053C0000BFD009B586BEAF75BFF2846F7F7C2FC22
:1053D00040B3009B5B6CABB10220F1F721F802A84F
:1053E000F1F77CFC009B586CE7F740FF009A02A99C
:1053F000019092F84030B2F94820FFF74BF901A82C
:10540000E7F748FF6846E7F745FF05B030BDE368BA
:105410007BB11B7A002B14BF012102212846E9F73A
:1054200057FBC1E7009BD86BE8F7D0FCF7F748FEC5
:10543000CFE70321F2E700BF5B1A2DE9F04F5E1EB4
:10544000806885B003F1010ED0F820905B007608EB
:10545000D0F800C009FB02170F99013603934FEAF9
:105460004E030CEB470501934FEA460A4FEA490306
:105470004FEA860802930B1D281DAB428CBF002308
:105480000123814228BF43F001036BB341EA0503C6
:10549000BEF10C0FC3F3010394BF00200120002BC9
:1054A00018BF002000B32C1F084600239346013389
:1054B00054F8042F9E4240F8042BF8D8D6455A469B
:1054C00007EB0A0303D03CF8133021F80830019BA6
:1054D00001320E984F441944029B1D44531E9842BA
:1054E000C9DC05B0BDE8F08F03988B1E01EB000B03
:1054F000284630F8024B23F8024F5B45F9D1E6E726
:10550000B0F9063093423BDDB0F90430F0B40D68D9
:105510009D4232DAEE1007695C1E05F0070307FBB7
:105520000262C6EBE4061432845C013204FA03F32F
:10553000104413F0FF0308D126B3083510F8013BDF
:10554000013E25F00705002BF6D01C0634D45B0085
:105550000135DBB21A06FAD55F062A4604D55B0090
:105560000132DBB25C06FAD402F00703072B0CD041
:10557000561B0D60701CF0BC70470020F0BC7047DB
:10558000002070473046F0BC7047002EF0DD0478F4
:10559000471CFF2C0DD1831903E017F8014BFF2C9A
:1055A00007D1BB4202F10802F7D1E1E76400013202
:1055B000E4B22306FAD4DBE7FF2BCDD1EA1DD3E713
:1055C00070B582B00C460646E7F750FE02AB458E3A
:1055D00043F8080D1846E7F75DFEE368002B37D067
:1055E0001B7A1BB9E90519D402B070BDEC05FBD4D8
:1055F0004FF480713046E9F7B3FA3046E7F736FEEC
:1056000002AB846A43F8040D1846E7F743FEA0078F
:10561000EAD530460121E9F75BFAE5E74FF48071FE
:105620003046F5F71DFF3046E7F720FE034602A897
:105630001D8E9C6A40F8043DE7F72CFE2846FDF7D6
:105640008DFFA207D0D530460221E9F741FACBE71A
:105650004FF480713046F5F703FF3046E7F706FE5A
:1056600002AB846A43F8040D1846E7F713FEA3075C
:10567000BAD530460321E9F72BFAB5E7F0B599B072
:105680000646E7F7F3FD054606A930466B8EAA6D80
:10569000C3F3C0032C6C059204930195FEF724F824
:1056A00001A8E7F7F7FD284602A904ADFEF714FFAD
:1056B000BDF90A300821069ABDF90E700FA814939F
:1056C000079B1091139215930F9616971795A04765
:1056D000079A089B102101320FA8013B10911392E9
:1056E0001593A047099A0A9B112101320FA8013B8B
:1056F000109113921593A0471321089A0FA8099BA4
:10570000109113921593A0470A9A0B9B09211392AB
:105710000FA815931091A0470B9B0C9A934206D0AB
:1057200001330C2115920FA813931091A04719B0C3
:10573000F0BD00BF03680E2B34D00F2B10B504460C
:1057400016D1264A436811688B4245D0526893426D
:1057500014BF4FF0FF33012321496FF0704251F81D
:10576000230090421BD0E7F775FDF7F7A9FC2368EB
:105770000E3B60681A2B12D8DFE803F019111111E3
:1057800011110E11111E11111111111111111111FF
:105790002011111111112400E168E9F7ADF900237E
:1057A000E36010BDC3685A68012A12D070472146D1
:1057B000BDE81040E9F7B4B9E06010BD6FF0704388
:1057C000E36010BD0028ECD00021BDE81040E8F7F0
:1057D00053BC1868FDF7C2BE0023BDE7AC9E002095
:1057E000B49E00202DE9F045044687B0254F0126E0
:1057F0000091A569B0F90C103835B0F90A001944C8
:10580000B4F910301044B4F90E20039502970196B4
:10581000658AB4F90840E8F745FB804670B3E7F7BE
:1058200025FD15F0080F2146174F0CBF1022182236
:105830000590ECF7CBFF0DF1180E3D464FF0080C2C
:105840004FF0640A5EF8046D0FCD06F134040FC406
:1058500095E803004FF0FF33002284E80300B969A4
:1058600070463365F164A6F860C0C6F854A0B2650E
:10587000E7F710FDBB6940465B689847404607B0B4
:10588000BDE8F085F92502083C0100202DE9F04330
:10589000044687B00326254F0091A569B0F90C1086
:1058A0002035B0F90A001944B4F910301044B4F9A5
:1058B0000E20039502970196668AB4F908906568F0
:1058C000E8F7F0FA0446F8B115B32846EAF7B2FC57
:1058D0000130E9F76DFF8046E0B905AF2046E7F7F4
:1058E000C5FC494600220590ECF770FF059A104B65
:1058F00002F13405C2F84480A2F848600FCB85E875
:105900000F003846E7F7C6FC204607B0BDE8F08335
:10591000A846E2E706AFE7F7A9FC294647F8040DD9
:10592000E8F7CAFD3846E7F7B5FCD7E76D5302083C
:10593000580100202DE9F0438BB00546E7F796FCAF
:1059400003460AA893F8758040F8283D1E6D9F6FA6
:10595000B3F83290E7F79EFC2846F8F7C9F90446F9
:105960002846F8F7FDF8013C01380023072201958D
:10597000089001A80794069305930292B047B8F1E6
:10598000000F03D157B90BB0BDE8F0830623CDF863
:105990000C8001A80293B047002FF4D012230AAC68
:1059A00038460293E7F762FC44F8040D01A8B047BB
:1059B0002046E7F76FFC19F0010FE4D00A233846C0
:1059C0000293E7F753FC099001A8B0472046E7F798
:1059D00061FC0BB0BDE8F0832DE9F0410024184EC6
:1059E000184D1822346021462C60174F174E184D61
:1059F000184B3C60346003F10C002C60164F174DBF
:105A0000174E3C60346074607C602E681C705C6073
:105A10009C60B047134B2146134810221C60046061
:105A20005C6012482B6898472B682146102210486A
:105A300098472B68214610220E48BDE8F0411847D0
:105A4000389F00203C9F0020409F0020449F002062
:105A5000489F0020B09C00209C9E002078010020E0
:105A6000A49E0020AC9E00204C9F00201C9E002085
:105A70002C9E00203C9E00202DE9F04F87B09246DE
:105A8000139A01900291109B9DF85090002A35D0F6
:105A9000129A0021DFF86CB09200DFF86C8003915D
:105AA00002EB830305920493129C5746029E019DCC
:105AB00055F8040BDBF80030020E56F8041B40F0DA
:105AC0007F4009FB02F2A8FB02E2C2F3C71298472B
:105AD000013C40F07F4047F8040BE9D1019A059959
:105AE0001046029A8A44039B0844049901330A44ED
:105AF000019003930292139A9A42D5D107B0BDE860
:105B0000F08F00BFEC020020818080802DE9F04101
:105B1000074684B080680D461646E7F7A7FB3B684A
:105B2000B0F904700390AF420FDCB0F906200446D0
:105B300096420ADB4069E91BB0F800E0714504DADF
:105B4000B21AB0F802E072450DDBDC681846324646
:105B5000294663699847044603A8E7F79BFB20465C
:105B600004B0BDE8F0810193B4F90880F4F78AF934
:105B7000E268019B8AB9020EE7D00399C7EB0807D8
:105B8000B1F90630B1F90400F21A2D1A07FB02220E
:105B90002A4401EB82010C6ADEE70028D5D0ECE74D
:105BA0007047FEE7FEE7FEE7FEE770477047704785
:105BB00080B500F039F8E2F7AEF801BD80B51248C3
:105BC000E0F7FAFE01BD80B51048EEF796F801BD8A
:105BD00080B50F48DFF7B8FE01BD80B50D48DFF78F
:105BE000B3FE01BD80B50C48DFF7AEFE01BD80B548
:105BF0000A48DFF7A9FE01BD80B50948E3F7EDFBD0
:105C00000848E3F7EAFB01BD0C9C00207C950020CE
:105C10004898002088970020A8980020E897002046
:105C200074940020F894002003480168034A127815
:105C300089180160704700BFF89E0020050400200D
:105C40002DE9F0418AB00646E7F710FB03460AA8A3
:105C50009D6A40F8283D9C6DB3F83280E7F71AFB47
:105C60003046F8F745F807463046F7F779FF013F29
:105C70000023013815F01005079708900196069348
:105C800005931DD118F4807F18D118F0010F14BFAF
:105C9000012302230393052301A80293A0470623AF
:105CA00001A80293A047122301A80293A0470A2348
:105CB00001A80293A0470AB0BDE8F0810395EAE786
:105CC00003230393E7E700BF2DE9F8438468054603
:105CD0000E4617463CB3BE421DD0E4B1EB68082126
:105CE00028469B6A9847A1696369A26803FB01F390
:105CF00000FB03F0C30882B152F8261052F8279037
:105D0000D4F83880B8F1000F17D03A463146A86968
:105D1000C047C4F80090BDE8F883626803FB062121
:105D200003FB0729ECE75020E6F796F92146A86027
:105D30005022FDF77BFEAC68CDE7034D1A4648467E
:105D40002B689847E5E700BF740100202DE9F04378
:105D50001E4C83B081460F462368904602AE186EF3
:105D6000E7F784FA23680090186EE7F77FFAB0F936
:105D70000630C2680546C3EB0803B0F9044046F894
:105D8000040D304602FB03F33C1B183303EB4404C1
:105D9000E7F780FAD9F810309B6898472B5B009A98
:105DA000434050692B5350B1E7F760FA0190836884
:105DB000424639461B6898473046E7F76BFA684613
:105DC000E7F768FA03B0BDE8F08300BF9000002059
:105DD0002DE9F0411E4C82B00F469046236802AE7A
:105DE000186EE7F743FA23680090186EE7F73EFA5B
:105DF000B0F90630C2680546C3EB0803B0F90440A9
:105E000046F8040D304602FB03F33C1B183303EB4A
:105E10008404E7F73FFA009B1B681B699B6898475F
:105E20002B59009A58402851506950B1E7F71EFA93
:105E300001908368424639461B6898473046E7F729
:105E400029FA6846E7F726FA02B0BDE8F08100BFFC
:105E50009000002043554541414141434545454956
:105E6000494941414592924F4F4F5555594F554FD2
:105E70009C4F9E9F41494F55A5A5A6A7A8A9AAAB8F
:105E8000ACADAEAFB0B1B2B3B4414141B8B9BABB39
:105E9000BCBDBEBFC0C1C2C3C4C54141C8C9CACBD5
:105EA000CCCDCECFD1D145454549494949D9DADB99
:105EB000DCDD49DF4FE14F4F4F4FE6E8E8555555E0
:105EC0005959EEEFF0F1F2F3F4F5F6F7F8F9FAFBC1
:105ED000FCFDFEFF2DE9F0431B4D85B000266F68E9
:105EE0002C463B462BB3F5F77BFB80466868E7F70B
:105EF000BDF9034668465A690093C8EB0202002ABE
:105F00001BDCD3F8049061681A69CDF80480039112
:105F10000292C4F80490D3F80080E7F7BBF901A817
:105F2000C047B9F1000F04D0636801269F42D9D160
:105F30000026304605B0BDE8F0836846E7F7AAF9C9
:105F4000304605B0BDE8F083E89D00202DE9F04320
:105F50001B4C994683B00F462368904602AE186EDC
:105F6000E7F784F923680090186EE7F77FF9B0F936
:105F70000620C1680546C2EB0802B0F9044046F8A5
:105F8000040D304601FB02F23C1B183202EB4404C4
:105F9000E7F780F9009B25F80490586950B1E7F7BE
:105FA00065F901908368424639461B689847304638
:105FB000E7F770F96846E7F76DF903B0BDE8F083DD
:105FC000900000202DE9F0431B4C994683B00F460A
:105FD0002368904602AE186EE7F748F923680090F0
:105FE000186EE7F743F9B0F90620C1680546C2EB21
:105FF0000802B0F9044046F8040D304601FB02F2F5
:106000003C1B183202EB8404E7F744F9009B45F887
:106010000490586950B1E7F729F901908368424626
:1060200039461B6898473046E7F734F96846E7F782
:1060300031F903B0BDE8F0839000002004000000B7
:10604000016F01080D750208D54E0208C13A020819
:10605000816902084D5F02084D5D02080976020859
:106060005D750208717302083D7502083D6D0208F6
:10607000000000000100000002000000030000001A
:1060800004000000050000000600000007000000FA
:1060900008000000090000000A0000000B000000DA
:1060A0000C0000000D0000000E0000000F000000BA
:1060B000040000005D7901081D750208A550020862
:1060C000E94D0208C1690208C55F0208D15D0208F6
:1060D000917602086D750208CD7502084D750208AB
:1060E000756D0208000000000100000002000000C1
:1060F000030000000400000005000000060000008E
:106100000700000008000000090000000A0000006D
:106110000B0000000C0000000D0000000E0000004D
:106120000F000000F8B5B0F90040B0F904500C1BA6
:10613000AC422ADA2344B0F90250E710FF21013BB8
:10614000551B026904F00704DE4302FB057541FAA2
:1061500004F406F00706D7EBE30205F11405E4B2F8
:1061600001FA06F600EB050EF6B20FD0435D013AD8
:106170000EF101071C43002A445503DD384617443D
:10618000FDF794FC3C7834433C70F8BD435D3440EB
:106190001C434455F8BD00BF2DE9F84360B3856842
:1061A00065B3DFF86480D8F8006006B30768B7F518
:1061B000807F1FDC124B81461B689F42A8BF1F4691
:1061C000002F0DDD043D002401E0D8F8006055F8F3
:1061D000040FEBF7B3FB46F824000134BC42F4D1C2
:1061E000084B1B680BB148469847D8F8006030460A
:1061F000BDE8F8830026FAE70646F8E72E46F6E7FC
:1062000080010020709E0020689F00202DE9F04151
:10621000174C64681CB1A446BDE8F04160478C4649
:106220006FF040418046501E1144C3F1000E114EE4
:1062300003FB0083104F0CEB810100E001381A884A
:10624000734402F01F044FEAD22CC2F34515345DAB
:1062500016F80C207D5D04EB024202EB052242F0B1
:106260007F4241F804290028E8D1BDE8F08100BF51
:106270008C9E0020F4050208B4050208F8B5856874
:106280000C46174625B3E31E222B14D8DFE803F093
:1062900016131313131313131313131313131313CB
:1062A000131313131313181313131313131A1C13A9
:1062B0001E121400EF64F8BD2F64F8BDAF64F8BD82
:1062C0006F63F8BDEF63F8BDAF63F8BD6F64F8BDF1
:1062D00006465020E5F7C0FE2946B0605022FDF783
:1062E000A5FBB568002DCED1F8BD00BF2DE9F04764
:1062F000194D82B082462B6802AC986CE6F7B6FF67
:106300002B6800F10802B0F908900833B0F90A8050
:10631000B0F90C70B0F90E6044F8040D93E8030076
:1063200082E803002046E6F7B5FFDAF80000E7F759
:10633000B9F82B68986CE6F799FF03462046A3F856
:106340000890A3F80A809F81DE810193E6F7A2FFFF
:1063500002B0BDE8F08700BF90000020F0B5044611
:1063600087B0174E0091A569B0F90C10678A1835EF
:10637000B0F90A001944B4F910301044B4F90E20F1
:10638000039501970296B4F90850E7F78BFD044690
:1063900090B1E6F76BFF294610220590ECF716FA4C
:1063A00006A8084A002150F8043D12680C9D996324
:1063B0005D631A64E6F76EFF204607B0F0BD00BFCC
:1063C0006D3E0208680100200B000B000200010076
:1063D000F063020814640208000000000B000B00C8
:1063E00002000100F06302080864020800000000D7
:1063F0000000000000800180238037003E001C0068
:106400000800000000000000020000000100000081
:106410002064020802000000010000002864020855
:10642000FFFFFFFF000000FF8080800010101000C1
:106430000F49086850F4700008600E49086850F071
:106440000100086000220C4802600A680B48024004
:106450000A600B4A0B480260086830F4802008602C
:106460000021094801605FF0006108480160704741
:1064700088ED00E00038024008380240FFFFF6FED9
:1064800010300024043802400C38024008ED00E0CF
:10649000F0B5044683B00D46FEF790FBB4F9023028
:1064A000B4F90600B4F90420991C2E690344EF687E
:1064B000023AB4F900005B10019602300097F6F73B
:1064C00095FCB4F90610B4F902008B1EB4F904204F
:1064D0000144B4F90000AE69023A49106C69023017
:1064E000019601310094F6F781FC03B0F0BD00BFC6
:1064F000F0B5044683B00D46FEF760FBB4F900200A
:10650000B4F90410B4F90630901C2E690A44EF68FF
:10651000023BB4F902105210019602310097F9F7CC
:1065200033FCB4F90410B4F90000B4F906308A1E43
:106530000844B4F90210AE69023B40106C690231A4
:10654000019601300094F9F71FFC03B0F0BD00BFC5
:106550000346886A70B5B3F90620B3F90250B3F95F
:106560000440561BB3F9003003361C44B6106410C7
:106570003544961BE6F76CFE204632462946F0F776
:106580000DFB32462946A01CF0F708FB324629468F
:10659000201DF0F703FB32462946A01EF0F7FEFA55
:1065A00032462946201FBDE87040F0F7F7BA00BF19
:1065B0000346886A70B5B3F90420B3F90050B3F903
:1065C0000640561BB3F9023003361C44B610641063
:1065D0003544961BE6F73CFE204632462946EFF747
:1065E000A9FF32462946A01CEFF7A4FF32462946F0
:1065F000201DEFF79FFF32462946A01EEFF79AFFB6
:1066000032462946201FBDE87040EFF793BF00BF18
:10661000F0B5134FD7F800E0BEF1000F03D0F446F9
:10662000BDE8F040604706460C4615461F46DFF8B9
:1066300038E00C4856F8043B013DC3F30742C3F36E
:10664000072CD9B2825C1EF80C304FEAC222415CA2
:1066500002EB43130B4423803C44EBD1F0BD00BF5D
:106660008C9E0020B4030208B4020208F0B5002397
:1066700083B0846805460F46164601930093ACB17B
:10668000236A53B16A46072127616661A8690097AA
:106690000196E1F76FFA03B0F0BDA869E3F79EFF3A
:1066A00000280CBF384630462062EBE75020E5F763
:1066B000D3FC2146A8605022FDF7B8F9AC68002C45
:1066C000DED103B0F0BD00BF0B0E4FEA1063F0B493
:1066D00008BF20F07F41114C02FB03F200F0FF16CF
:1066E0000D0A01F0FF13A4FB0212C0F3072005F00E
:1066F000FF15D20940F08074C2F1FF0702FB06F1DA
:1067000007FB05F007FB031102FB0400090A00F078
:10671000FF2001F0FF11F0BC0843704781808080AA
:10672000C3B2CAB29A1A92B210B414B2002C1EDBD1
:10673000C1F30722C0F307239B1A9BB21AB2002AA7
:1067400012DB090C02FB02F2C1EB104104FB042036
:1067500089B20CB2002C01DA49420CB2A1B25DF848
:10676000044B01FB010070475B421AB2E9E7524259
:1067700014B2DDE72DE9F843064600F025F8074698
:1067800000F038F858B1A0F104080020434602E0B8
:106790000130874205DD53F8042FB242F8D1BDE83D
:1067A000F88300246FF07F49254658F8041F3046CF
:1067B000FFF7B6FF814501D981462C460135AF422E
:1067C000F3DC2046BDE8F883094B1B68587C0128A0
:1067D00001DD0020704710B5E5F75AFD28B1C36808
:1067E00009219B6ABDE810401847002010BD00BF7A
:1067F00090000020064B1B6810B5587CE5F748FD5B
:1068000028B1C3680221DB6ABDE81040184710BDFB
:1068100090000020114B1B6870B4DD69EB6943B137
:106820001A88904202D35C88844205D29B68002B70
:10683000F6D1184670BC7047821A5E68AC7E06EBD3
:10684000C2035B7813FB04F00029F3D016F8323052
:1068500014FB03F370BC0B60704700BF9000002076
:1068600008B5FFF7B1FFB0F5807F14D07F280ED8B0
:106870003F2812D81F280CD80F2810D8072812D864
:1068800003280ED8012894BF0020012008BD7F20D6
:1068900008BD1F2008BDFF2008BD3F2008BD0F20F8
:1068A00008BD032008BD072008BD00BF08B50B0EBA
:1068B00003D1030EFF2B0FD04BB102EB02120B4B97
:1068C000D2B21B6898470A4B5A68104308BD084B60
:1068D0005A6841EA020008BD054B20F07F4002EBF8
:1068E00002125B68184340EA026008BDEC02002017
:1068F0008803002000006400C80029018801E3012A
:1069000039028A02D402180353038703B203D40363
:10691000EC03FB0300040000000029005100790093
:10692000A000C500EA000D012E014E016C01890195
:10693000A301BD01D501EB010002000070B50024E8
:10694000094D0A4E7422214628463368EC67984761
:10695000336821460822064898470649064A074BED
:106960000D6114701C6070BDD89300207801002068
:10697000849E0020800000208C9F0020309F0020FB
:106980000E4B1B6870B5186E82B00E461446E6F7C3
:106990006DFC054602A8B5F90620EB68A21AB5F908
:1069A000044040F8045D03FB02F3341B183303EB8F
:1069B0004404E6F76FFC285B02B070BD9000002035
:1069C0000E4B1B6870B5186E82B00E461446E6F783
:1069D0004DFC054602A8B5F90620EB68A21AB5F9E8
:1069E000044040F8045D03FB02F3341B183303EB4F
:1069F0008404E6F74FFC285902B070BD90000020D7
:106A000070B5002382B0846805460E4601934CB1F0
:106A100002AA0A21E662A86942F8046DE1F7AAF821
:106A200002B070BD5020E5F717FB2146A860502248
:106A3000FCF7FCFFAC68002CEAD102B070BD00BFCF
:106A400070B5002382B0846806460D46019354B1A8
:106A500002AA022125606560B06942F8045DE1F791
:106A600089F802B070BD5020E5F7F6FA2146B06013
:106A70005022FCF7DBFFB468002CE9D102B070BDF6
:106A800070B5002382B0846805460E4601934CB170
:106A900002AA09212663A86942F8046DE1F76AF8A1
:106AA00002B070BD5020E5F7D7FA2146A860502209
:106AB000FCF7BCFFAC68002CEAD102B070BD00BF8F
:106AC00000B5A1B001A8F0F709F903A8E6F7B6FBF5
:106AD000094B1868E7F780F9BDF90A30BDF90820BD
:106AE000BDF90610BDF90400F6F73EF903A8E6F774
:106AF000B3FB21B05DF804FBFC02002000B5A1B09F
:106B000001A8F0F7EBF803A8E6F798FB094B186823
:106B1000E7F762F9BDF90A30BDF90820BDF90610A2
:106B2000BDF90400F6F720F903A8E6F795FB21B0BC
:106B30005DF804FBFC0200202DE9F04182B0002446
:106B4000884602AF254647F8040D09E0EBF77EFEC4
:106B50000544002C18BF454508DC0A2E06D0013438
:106B60003846EBF75FFE06460028EFD1204602B01C
:106B7000BDE8F081013983680D2916D8DFE801F0FE
:106B80000F11130D1515150B07090907070700202D
:106B900070470120704710207047D8697047186906
:106BA000704758697047986970474FF0FF307047D9
:106BB00070B5002382B0856804460E46019345B146
:106BC00002AA0E21A06942F8046DE0F7D3FF02B0DB
:106BD00070BD5020E5F740FA2946A0605022FCF72E
:106BE00025FFA368002BEBD102B070BD3020202020
:106BF000202031202020202032202020202033205F
:106C0000202020203420202020203520202020205B
:106C1000362020202020372020202020382020202F
:106C200020203900C3699A898A4202D8DA898A42C7
:106C300011D2986818B10388994201D20020704798
:106C400042888A42FAD3C91A436833F82100C04304
:106C5000C0F3C03070470120704700BF30B58BB023
:106C600004460021242201A8FCF720FF2046E6F775
:106C7000FDFA0AAB426E43F8280D18469568E6F710
:106C800009FB002201942B6801A8029298470BB0DF
:106C900030BD00BF30B58DB00546E6F7E7FA0346D4
:106CA000094968465A8E9964C2F3C0021C6C00936D
:106CB0000192E6F7EFFA002201AB039503A80492D4
:106CC0000B93A0470DB030BDE936020810B59EB059
:106CD000044601A8E6F7B2FA094B1868E7F77CF812
:106CE000B4F90630B4F90420B4F90210B4F9000084
:106CF000F6F73AF801A8E6F7AFFA1EB010BD00BFEC
:106D0000FC02002010B59EB0044601A8E6F796FAF2
:106D1000094B1868E7F760F8B4F90630B4F90420B5
:106D2000B4F90210B4F90000F6F71EF801A8E6F76E
:106D300093FA1EB010BD00BFFC02002070B582B0F7
:106D400080680D46E6F792FA024602A8B2F904609E
:106D50001489B2F90610538934442E800B44013C47
:106D60006980013BAC8040F8042DEB80E6F792FA95
:106D700002B070BD70B582B080680D46E6F776FA55
:106D8000024602A8B2F904601489B2F906105389C8
:106D900034442E800B44013C6980013BAC8040F8B8
:106DA000042DEB80E6F776FA02B070BD38B50B4CD7
:106DB0002268516B81420DD0557C0949506351F8CE
:106DC00025301B691B68984723681A7C520702D438
:106DD0009B6B186038BDDB6B186038BD90000020DD
:106DE000849E002038B50B4C2268116B81420DD077
:106DF000557C0949106351F825301B691B68984779
:106E000023681A7C520702D4DB6B186038BD9B6B79
:106E1000186038BD90000020849E0020F8B584687A
:106E200005460E4617464CB1A869E3F7D7FBA661A5
:106E3000E76108B92662F8BD2762F8BD5020E5F782
:106E40000BF92146A8605022FCF7F0FDAC68002C3D
:106E5000EAD1F8BD30B4002412E050F8043BDA0760
:106E600044BF4B445B1E091F042943F8044BFAD26C
:106E70001A468D0744BF1C80921CCB0748BF147074
:106E800050F8041B0029E8D130BC70470000000016
:106E900069A60108FD74020885740208591A0208DF
:106EA0007D75020819740208B96F02085D52020864
:106EB000BD4F0208756B02082D7502088973020820
:106EC00003000000DD9501085909020825060208A3
:106ED00029FF01080D5B0208A94702089D46020828
:106EE0001576020871710208D97502081D7802082A
:106EF000E57502080A49C0F3C422C0F3451300F047
:106F00001F008A5C085C120410B4064CE35C5DF858
:106F1000044B02EB0323184440F07F40704700BF4E
:106F2000F4050208B4050208F8B584680F46164651
:106F300024B1636A3B60A36A3360F8BD0546502004
:106F4000E5F78AF82146A8605022FCF76FFDAC688F
:106F5000002CEED1F8BD00BF38B5846805464CB1B1
:106F6000A86900220121E0F705FE002C08BF40F0CF
:106F7000010038BD5020E5F76FF82146A860502287
:106F8000FCF754FDAC68EBE70A4B1B681A7C82EAFD
:106F9000000149070AD5D96B70B49C6B0E6825684F
:106FA00026600D601874104670BC70471874104647
:106FB000704700BF90000020F8B5144682680F4665
:106FC0000646136A0069116803FB0473826831F88E
:106FD00013509047B3686840196A1B6801FB04743A
:106FE00023F81400F8BD00BF10B5002384B0426838
:106FF000019300930293039362B104461046E6F7AF
:1070000081F940F213136268694640680093039265
:10701000E7F75AFD04B010BD30B4B0F90240802546
:107020000369121BB0F9004003FB02F3091B143380
:1070300001F0070203EBE1011541435C2B4330BC37
:1070400043547047084AC0F30743C0F30721C0B256
:10705000D35C105CDB0210B4044C615C5DF8044B43
:1070600003EB411318447047B4030208B40202084A
:1070700030B58BB00446E6F7F9F8026F0AAB9568B5
:1070800043F8280D1846E6F705F90AA800226B68B0
:1070900040F8244D029298470BB030BD30B58BB00C
:1070A0000446E6F7E3F8826C0AAB956843F8280DCE
:1070B0001846E6F7EFF80AA800222B6840F8244D9E
:1070C000029298470BB030BD70B584680D461CB174
:1070D0002B68A560236070BD06465020E4F7BCFF16
:1070E0002146B0605022FCF7A1FCB468002CEFD11F
:1070F00070BD00BF10B5034A7A440832024C7C448C
:10710000A41D03E0E0000000FC00000004E01168A2
:10711000101D114488470246A242F8D110BD00005C
:1071200000B58BB00021242201A8FCF7BFFC054B61
:10713000192201A81B6802929B685B6898470BB0F4
:107140005DF804FBCC00002030B58BB00546E6F7B7
:107150008DF803460AA89C6C40F8283DE6F79AF89B
:107160000023019501A802930993A0470BB030BDFD
:1071700010B5036882B0019363B11B6801934BB1F2
:10718000DB68044601A85B6A984708B1019B23604D
:1071900002B010BD0020FBE710B5084C2068EBF7EB
:1071A000CBFA6068EBF7C8FAA068EBF7C5FA0023E2
:1071B000A36063602360E360236110BD4C9D0020E9
:1071C0004EF68851CEF20001086840F47000086065
:1071D000BFF34F8FBFF36F8F4FF00170E1EE100AD6
:1071E0007047000071FCFFFF8C9B0000080400202A
:1071F00000000000CBA6FDFF310600006E05000078
:107200000000002038B50446FFF7DEFA0546FFF718
:10721000F1FA20B1A54202D950F8240038BD00206F
:1072200038BD00BF00F00DF8002801D0FFF762FF65
:10723000AFF300800020AFF30080DEF7CBFD00F05D
:1072400002F80120704700F001B8000007463846F8
:1072500000F002F8FBE7000080B5AFF30080024ABF
:1072600011001820ABBEFBE726000200736A6C20F9
:10727000323132313132313620207A786820323161
:10728000323131303536000001000000FD6A02085D
:10729000056D0208C16A0208CD6C020800000000FA
:1072A000000000000548014603B4684680F30988E1
:1072B000AFF30080FFF784FFFFF7B4FFA5EDF5FE05
:1072C000C06950B103888B4202D843888B4203D2F5
:1072D00080680028F6D170470120704710B5044C33
:1072E0002068EBF729FA0023024A2360136010BDDF
:1072F000689F0020709E002045700208F56E02080D
:107300008176020801000000116602080D62020881
:107310007567020805720208616802080000000033
:1073200000000000000000000D7802080578020847
:10733000897602080000000071740208997402083E
:1073400019700208256102085D740208000000003F
:107350001178020801550208044B1B68DB69DB69E0
:1073600009B11A7C0A60587C704700BF9000002069
:10737000082901D110207047006810B1C3689B6ACA
:1073800018474FF0FF307047836800209A69DB6927
:10739000013A0880013B48808A80CB80704700BF5B
:1073A000034B002203499A640B604B60DA64704718
:1073B000C8990020F402002000210348034B282232
:1073C00040F8041B1B681847B89A00207801002079
:1073D00000B583B0806902AA42F8041D0B21E0F7D2
:1073E000C9FB03B05DF804FB00B583B08069009170
:1073F0000D2101926A46E0F7BDFB03B05DF804FB86
:1074000000B583B0806902AA42F8041D0C21E0F7A0
:10741000B1FB03B05DF804FB10B48468206A2468F3
:1074200000FB021224F812305DF8044B704700BFD5
:1074300065D1010825D201085345474745522065CB
:107440006D57696E20560000E1500108FF50010899
:107450000D5101081B520108215301080346B0F9E0
:107460000620002114301B6903FB02F2FCF71EBB4F
:1074700010B450F8044B013A0C601944F9D15DF88E
:10748000044B704700B583B000930B46FAF7E4FA5B
:1074900003B05DF804FB00BF10B40468013A18445F
:1074A00041F8044BF9D15DF8044B7047222A2B2C8C
:1074B0003A3B3C3D3E3F5B5D7C7F000000000000AE
:1074C00000000000010203040607080915780208FD
:1074D000197802080978020879760208F00100207C
:1074E000D0010020B0010020900100200148804719
:1074F0000148004731640208A572020800B583B054
:107500000092FAF7A9FA03B05DF804FB00B583B066
:107510000092FCF7D5FA03B05DF804FB00B583B028
:107520000092FDF761FC03B05DF804FB01290248FD
:1075300018BF0020704700BF3C60020801290248C4
:1075400018BF0020704700BF3C60020801290248B4
:1075500018BF0020704700BFB0600208162902481B
:1075600018BF0020704700BF251B010816290248DC
:1075700018BF0020704700BFAD2F02088068036A63
:10758000006803FB021230F812007047024B002221
:107590001A605A609A607047E89D00206D757369A3
:1075A000632E747874000000436865636B626F78C3
:1075B000000000004C697374766965770000000074
:1075C000E56D0208AD6D0208896F020808290CBF3D
:1075D00020200020704700BF006810B1C3689B6A7C
:1075E00018477047006810B1C3681B6B1847704795
:1075F000806900220621E0F7BDBA00BF8069002241
:107600000521E0F7B7BA00BF006810B1C3681B6A74
:1076100018477047006810B1C3681B6A1847704765
:1076200000061016000610160000000001020304F8
:1076300057696E646F770000536C6964657200006F
:107640005465787400000000477265656E000000A4
:10765000426C7565000000002802002044020020F2
:1076600002230B80704700BF01230B80704700BFCF
:1076700040F07F40704700BF01700120704700BF9D
:107680004FF6FF70704700BF4FF0FF30704700BFEC
:107690000068C3681B6A18474C454400FFF7FEBFEB
:1076A000FFF7FEBFFFF7FEBFFFF7FEBFFFF7FEBF0E
:1076B000FFF7FEBFFFF7FEBFFFF7FEBFFFF7FEBFFE
:1076C000FFF7FEBFFFF7FEBFFFF7FEBFFFF7FEBFEE
:1076D000FFF7FEBFFFF7FEBFFFF7FEBFFFF7FEBFDE
:1076E000FFF7FEBFFFF7FEBFFFF7FEBFFFF7FEBFCE
:1076F000FFF7FEBFFFF7FEBFFFF7FEBFFFF7FEBFBE
:10770000FFF7FEBFFFF7FEBFFFF7FEBFFFF7FEBFAD
:10771000FFF7FEBFFFF7FEBFFFF7FEBFFFF7FEBF9D
:10772000FFF7FEBFFFF7FEBFFFF7FEBFFFF7FEBF8D
:10773000FFF7FEBFFFF7FEBFFFF7FEBFFFF7FEBF7D
:10774000FFF7FEBFFFF7FEBFFFF7FEBFFFF7FEBF6D
:10775000FFF7FEBFFFF7FEBFFFF7FEBFFFF7FEBF5D
:10776000FFF7FEBFFFF7FEBFFFF7FEBFFFF7FEBF4D
:10777000FFF7FEBFFFF7FEBFFFF7FEBFFFF7FEBF3D
:10778000FFF7FEBFFFF7FEBFFFF7FEBFFFF7FEBF2D
:10779000FFF7FEBFFFF7FEBFFFF7FEBFFFF7FEBF1D
:1077A000FFF7FEBFFFF7FEBFFFF7FEBFFFF7FEBF0D
:1077B000FFF7FEBFFFF7FEBFFFF7FEBFFFF7FEBFFD
:1077C000FFF7FEBFFFF7FEBFFFF7FEBFFFF7FEBFED
:1077D000FFF7FEBFFFF7FEBFFFF7FEBFFFF7FEBFDD
:1077E000FFF7FEBFFFF7FEBFFFF7FEBFFFF7FEBFCD
:1077F000FFF7FEBFFFF7FEBFFFF7FEBFFFF7FEBFBD
:10780000FFF7FEBF704700BF01207047704700BF01
:10781000E8F724BC007870470120704700207047CB
:10782000704700BFE6F756BD0012000152FF055237
:10783000FF0952FF0D12FF04202301007807A8065C
:10784000ED059905FC047004F4030000964100C0A6
:10785000994100809D410040A141F8720208103713
:10786000100A24F4004D2F00083939000841041291
:107870005504126D0412930412A7041013ED3D0079
:10788000083F3A0008EF3B00085D3C0008E53E0079
:10789000080538100799610208509F0108FF01117F
:1078A0000F200BFFD8930020C1550208AAAAAAFFF7
:1078B000013001D3D3D318210470014040400C4063
:1078C000081C830108D51C02080E000120031002C9
:1078D00000201C0411182001808080BC7002FFC0B1
:1078E000C0C030600A2171020879C601080C00048A
:1078F00000011003C8630208DC0461112134113C4B
:10790000218971786101211821142160120A19213D
:10791000781201042164A168500335F60108D88863
:107920005140220F6021092002582E58580C10088F
:10793000C9EE0008AD3A0208C0757C1145168844AE
:1079400020026C99002004F00900B5B2ADFFFCFCE8
:10795000FCFFF4F4F40421BA300170707020300997
:10796000DFDFDFFFF3F3F3FFECECEC0C3001D0D002
:10797000D020F00508B17F3CFFFBD8462030118BAA
:10798000622CFFBAB09EFFEFD198FFFCF4E5FFF642
:10799000E5C40C3001DBB368201013415C02085DC4
:1079A0006C0208BC0000203559020871700208E81A
:1079B0000C61783005B9B3AEFFD2D2D25C259021EC
:1079C000DDF103B42168211C2402842A00080C255F
:1079D000D0652490076D0C02085803002002902106
:1079E0008C218430019595955C255465F01975932B
:1079F0000003FCF0050CF2F2F2FFBCBCBC2C14033B
:107A0000391F020849F42402500100207C18042187
:107A1000780208C9660414025A0208C868210421C1
:107A2000301003C41A0008D80412EC041003001B21
:107A300000081404122804123C04125004126404B6
:107A4000127804128C0412A00412B40412C8041296
:107A5000DC046190E568218C1403BD4302089D3C61
:107A60001A740C4808F94C0208396B02080B0030F4
:107A7000294C217C140371210208F80825783BADBC
:107A80006888240FFF00070D13191F262E3946574B
:107A90006D87A7CFFFD01405FFFEFDFFE0E0E024D7
:107AA000300BE3FFFBEED6FFF6DBA9FFE3CA9C1425
:107AB0003001F0F0F04C7401A37D3710211825241B
:107AC0003405E8E8E8FFD8D8D82C612C219C2104A3
:107AD00014037D56020895E8127C80000101010123
:04000005080272A5D6
:00000001FF
